experiment,run_id,n,dimension,appeal_case,root_mode,requires_record_body,verify_ms,time_source,cost_model,space_cost_model,evidence_bytes,expected_label,actual_label,passed
appeal_cost,appeal_cost-n10_d19000-n10-d19000-r0,10,19000,valid_rejection,enumerated_digest_log,true,0.473608,calibrated_estimate,"O(n)+T_backend, backend excluded",O(n) receipt/evidence metadata,512,valid,valid,true
appeal_cost,appeal_cost-n10_d19000-n10-d19000-r0,10,19000,false_rejection,enumerated_digest_log,true,0.472217,calibrated_estimate,"O(n)+T_backend, backend excluded",O(n) receipt/evidence metadata,512,serverFault(falseReject),serverFault(falseReject),true
appeal_cost,appeal_cost-n10_d19000-n10-d19000-r0,10,19000,omission_with_digest_log,enumerated_digest_log,false,0.000000,calibrated_estimate,"O(n), independent of l","O(n) non-inclusion witness, no record body",552,serverFault(omission),serverFault(omission),true
appeal_cost,appeal_cost-n10_d19000-n10-d19000-r0,10,19000,invalid_receipt,enumerated_digest_log,false,0.000100,calibrated_estimate,"O(n)+T_backend, backend excluded",O(n) receipt/evidence metadata,552,reject(receipt),reject(receipt),true
appeal_cost,appeal_cost-n10_d19000-n10-d19000-r0,10,19000,unsupported_reason,enumerated_digest_log,false,0.000000,calibrated_estimate,"O(n)+T_backend, backend excluded",O(n) receipt/evidence metadata,552,reject(reason),reject(reason),true
appeal_cost,appeal_cost-n10_d19000-n10-d19000-r1,10,19000,valid_rejection,enumerated_digest_log,true,0.472217,calibrated_estimate,"O(n)+T_backend, backend excluded",O(n) receipt/evidence metadata,512,valid,valid,true
appeal_cost,appeal_cost-n10_d19000-n10-d19000-r1,10,19000,false_rejection,enumerated_digest_log,true,0.471753,calibrated_estimate,"O(n)+T_backend, backend excluded",O(n) receipt/evidence metadata,512,serverFault(falseReject),serverFault(falseReject),true
appeal_cost,appeal_cost-n10_d19000-n10-d19000-r1,10,19000,omission_with_digest_log,enumerated_digest_log,false,0.000000,calibrated_estimate,"O(n), independent of l","O(n) non-inclusion witness, no record body",552,serverFault(omission),serverFault(omission),true
appeal_cost,appeal_cost-n10_d19000-n10-d19000-r1,10,19000,invalid_receipt,enumerated_digest_log,false,0.000000,calibrated_estimate,"O(n)+T_backend, backend excluded",O(n) receipt/evidence metadata,552,reject(receipt),reject(receipt),true
appeal_cost,appeal_cost-n10_d19000-n10-d19000-r1,10,19000,unsupported_reason,enumerated_digest_log,false,0.000000,calibrated_estimate,"O(n)+T_backend, backend excluded",O(n) receipt/evidence metadata,552,reject(reason),reject(reason),true
appeal_cost,appeal_cost-n10_d19000-n10-d19000-r2,10,19000,valid_rejection,enumerated_digest_log,true,0.472217,calibrated_estimate,"O(n)+T_backend, backend excluded",O(n) receipt/evidence metadata,512,valid,valid,true
appeal_cost,appeal_cost-n10_d19000-n10-d19000-r2,10,19000,false_rejection,enumerated_digest_log,true,0.471753,calibrated_estimate,"O(n)+T_backend, backend excluded",O(n) receipt/evidence metadata,512,serverFault(falseReject),serverFault(falseReject),true
appeal_cost,appeal_cost-n10_d19000-n10-d19000-r2,10,19000,omission_with_digest_log,enumerated_digest_log,false,0.000000,calibrated_estimate,"O(n), independent of l","O(n) non-inclusion witness, no record body",552,serverFault(omission),serverFault(omission),true
appeal_cost,appeal_cost-n10_d19000-n10-d19000-r2,10,19000,invalid_receipt,enumerated_digest_log,false,0.000100,calibrated_estimate,"O(n)+T_backend, backend excluded",O(n) receipt/evidence metadata,552,reject(receipt),reject(receipt),true
appeal_cost,appeal_cost-n10_d19000-n10-d19000-r2,10,19000,unsupported_reason,enumerated_digest_log,false,0.000100,calibrated_estimate,"O(n)+T_backend, backend excluded",O(n) receipt/evidence metadata,552,reject(reason),reject(reason),true
appeal_cost,appeal_cost-n10_d19000-n10-d19000-r3,10,19000,valid_rejection,enumerated_digest_log,true,0.472217,calibrated_estimate,"O(n)+T_backend, backend excluded",O(n) receipt/evidence metadata,512,valid,valid,true
appeal_cost,appeal_cost-n10_d19000-n10-d19000-r3,10,19000,false_rejection,enumerated_digest_log,true,0.472217,calibrated_estimate,"O(n)+T_backend, backend excluded",O(n) receipt/evidence metadata,512,serverFault(falseReject),serverFault(falseReject),true
appeal_cost,appeal_cost-n10_d19000-n10-d19000-r3,10,19000,omission_with_digest_log,enumerated_digest_log,false,0.000000,calibrated_estimate,"O(n), independent of l","O(n) non-inclusion witness, no record body",552,serverFault(omission),serverFault(omission),true
appeal_cost,appeal_cost-n10_d19000-n10-d19000-r3,10,19000,invalid_receipt,enumerated_digest_log,false,0.000100,calibrated_estimate,"O(n)+T_backend, backend excluded",O(n) receipt/evidence metadata,552,reject(receipt),reject(receipt),true
appeal_cost,appeal_cost-n10_d19000-n10-d19000-r3,10,19000,unsupported_reason,enumerated_digest_log,false,0.000000,calibrated_estimate,"O(n)+T_backend, backend excluded",O(n) receipt/evidence metadata,552,reject(reason),reject(reason),true
appeal_cost,appeal_cost-n10_d19000-n10-d19000-r4,10,19000,valid_rejection,enumerated_digest_log,true,0.472217,calibrated_estimate,"O(n)+T_backend, backend excluded",O(n) receipt/evidence metadata,512,valid,valid,true
appeal_cost,appeal_cost-n10_d19000-n10-d19000-r4,10,19000,false_rejection,enumerated_digest_log,true,0.472217,calibrated_estimate,"O(n)+T_backend, backend excluded",O(n) receipt/evidence metadata,512,serverFault(falseReject),serverFault(falseReject),true
appeal_cost,appeal_cost-n10_d19000-n10-d19000-r4,10,19000,omission_with_digest_log,enumerated_digest_log,false,0.000000,calibrated_estimate,"O(n), independent of l","O(n) non-inclusion witness, no record body",552,serverFault(omission),serverFault(omission),true
appeal_cost,appeal_cost-n10_d19000-n10-d19000-r4,10,19000,invalid_receipt,enumerated_digest_log,false,0.000000,calibrated_estimate,"O(n)+T_backend, backend excluded",O(n) receipt/evidence metadata,552,reject(receipt),reject(receipt),true
appeal_cost,appeal_cost-n10_d19000-n10-d19000-r4,10,19000,unsupported_reason,enumerated_digest_log,false,0.000000,calibrated_estimate,"O(n)+T_backend, backend excluded",O(n) receipt/evidence metadata,552,reject(reason),reject(reason),true
appeal_cost,appeal_cost-n10_d62000-n10-d62000-r0,10,62000,valid_rejection,enumerated_digest_log,true,1.540918,calibrated_estimate,"O(n)+T_backend, backend excluded",O(n) receipt/evidence metadata,512,valid,valid,true
appeal_cost,appeal_cost-n10_d62000-n10-d62000-r0,10,62000,false_rejection,enumerated_digest_log,true,1.540918,calibrated_estimate,"O(n)+T_backend, backend excluded",O(n) receipt/evidence metadata,512,serverFault(falseReject),serverFault(falseReject),true
appeal_cost,appeal_cost-n10_d62000-n10-d62000-r0,10,62000,omission_with_digest_log,enumerated_digest_log,false,0.000000,calibrated_estimate,"O(n), independent of l","O(n) non-inclusion witness, no record body",552,serverFault(omission),serverFault(omission),true
appeal_cost,appeal_cost-n10_d62000-n10-d62000-r0,10,62000,invalid_receipt,enumerated_digest_log,false,0.000000,calibrated_estimate,"O(n)+T_backend, backend excluded",O(n) receipt/evidence metadata,552,reject(receipt),reject(receipt),true
appeal_cost,appeal_cost-n10_d62000-n10-d62000-r0,10,62000,unsupported_reason,enumerated_digest_log,false,0.000000,calibrated_estimate,"O(n)+T_backend, backend excluded",O(n) receipt/evidence metadata,552,reject(reason),reject(reason),true
appeal_cost,appeal_cost-n10_d62000-n10-d62000-r1,10,62000,valid_rejection,enumerated_digest_log,true,1.540918,calibrated_estimate,"O(n)+T_backend, backend excluded",O(n) receipt/evidence metadata,512,valid,valid,true
appeal_cost,appeal_cost-n10_d62000-n10-d62000-r1,10,62000,false_rejection,enumerated_digest_log,true,1.540918,calibrated_estimate,"O(n)+T_backend, backend excluded",O(n) receipt/evidence metadata,512,serverFault(falseReject),serverFault(falseReject),true
appeal_cost,appeal_cost-n10_d62000-n10-d62000-r1,10,62000,omission_with_digest_log,enumerated_digest_log,false,0.000000,calibrated_estimate,"O(n), independent of l","O(n) non-inclusion witness, no record body",552,serverFault(omission),serverFault(omission),true
appeal_cost,appeal_cost-n10_d62000-n10-d62000-r1,10,62000,invalid_receipt,enumerated_digest_log,false,0.000000,calibrated_estimate,"O(n)+T_backend, backend excluded",O(n) receipt/evidence metadata,552,reject(receipt),reject(receipt),true
appeal_cost,appeal_cost-n10_d62000-n10-d62000-r1,10,62000,unsupported_reason,enumerated_digest_log,false,0.000100,calibrated_estimate,"O(n)+T_backend, backend excluded",O(n) receipt/evidence metadata,552,reject(reason),reject(reason),true
appeal_cost,appeal_cost-n10_d62000-n10-d62000-r2,10,62000,valid_rejection,enumerated_digest_log,true,1.540918,calibrated_estimate,"O(n)+T_backend, backend excluded",O(n) receipt/evidence metadata,512,valid,valid,true
appeal_cost,appeal_cost-n10_d62000-n10-d62000-r2,10,62000,false_rejection,enumerated_digest_log,true,1.540918,calibrated_estimate,"O(n)+T_backend, backend excluded",O(n) receipt/evidence metadata,512,serverFault(falseReject),serverFault(falseReject),true
appeal_cost,appeal_cost-n10_d62000-n10-d62000-r2,10,62000,omission_with_digest_log,enumerated_digest_log,false,0.000000,calibrated_estimate,"O(n), independent of l","O(n) non-inclusion witness, no record body",552,serverFault(omission),serverFault(omission),true
appeal_cost,appeal_cost-n10_d62000-n10-d62000-r2,10,62000,invalid_receipt,enumerated_digest_log,false,0.000000,calibrated_estimate,"O(n)+T_backend, backend excluded",O(n) receipt/evidence metadata,552,reject(receipt),reject(receipt),true
appeal_cost,appeal_cost-n10_d62000-n10-d62000-r2,10,62000,unsupported_reason,enumerated_digest_log,false,0.000100,calibrated_estimate,"O(n)+T_backend, backend excluded",O(n) receipt/evidence metadata,552,reject(reason),reject(reason),true
appeal_cost,appeal_cost-n10_d62000-n10-d62000-r3,10,62000,valid_rejection,enumerated_digest_log,true,1.540918,calibrated_estimate,"O(n)+T_backend, backend excluded",O(n) receipt/evidence metadata,512,valid,valid,true
appeal_cost,appeal_cost-n10_d62000-n10-d62000-r3,10,62000,false_rejection,enumerated_digest_log,true,1.540918,calibrated_estimate,"O(n)+T_backend, backend excluded",O(n) receipt/evidence metadata,512,serverFault(falseReject),serverFault(falseReject),true
appeal_cost,appeal_cost-n10_d62000-n10-d62000-r3,10,62000,omission_with_digest_log,enumerated_digest_log,false,0.000000,calibrated_estimate,"O(n), independent of l","O(n) non-inclusion witness, no record body",552,serverFault(omission),serverFault(omission),true
appeal_cost,appeal_cost-n10_d62000-n10-d62000-r3,10,62000,invalid_receipt,enumerated_digest_log,false,0.000000,calibrated_estimate,"O(n)+T_backend, backend excluded",O(n) receipt/evidence metadata,552,reject(receipt),reject(receipt),true
appeal_cost,appeal_cost-n10_d62000-n10-d62000-r3,10,62000,unsupported_reason,enumerated_digest_log,false,0.000000,calibrated_estimate,"O(n)+T_backend, backend excluded",O(n) receipt/evidence metadata,552,reject(reason),reject(reason),true
appeal_cost,appeal_cost-n10_d62000-n10-d62000-r4,10,62000,valid_rejection,enumerated_digest_log,true,1.542432,calibrated_estimate,"O(n)+T_backend, backend excluded",O(n) receipt/evidence metadata,512,valid,valid,true
appeal_cost,appeal_cost-n10_d62000-n10-d62000-r4,10,62000,false_rejection,enumerated_digest_log,true,1.543945,calibrated_estimate,"O(n)+T_backend, backend excluded",O(n) receipt/evidence metadata,512,serverFault(falseReject),serverFault(falseReject),true
appeal_cost,appeal_cost-n10_d62000-n10-d62000-r4,10,62000,omission_with_digest_log,enumerated_digest_log,false,0.000100,calibrated_estimate,"O(n), independent of l","O(n) non-inclusion witness, no record body",552,serverFault(omission),serverFault(omission),true
appeal_cost,appeal_cost-n10_d62000-n10-d62000-r4,10,62000,invalid_receipt,enumerated_digest_log,false,0.000000,calibrated_estimate,"O(n)+T_backend, backend excluded",O(n) receipt/evidence metadata,552,reject(receipt),reject(receipt),true
appeal_cost,appeal_cost-n10_d62000-n10-d62000-r4,10,62000,unsupported_reason,enumerated_digest_log,false,0.000100,calibrated_estimate,"O(n)+T_backend, backend excluded",O(n) receipt/evidence metadata,552,reject(reason),reject(reason),true
appeal_cost,appeal_cost-n10_d273000-n10-d273000-r0,10,273000,valid_rejection,enumerated_digest_log,true,6.785010,calibrated_estimate,"O(n)+T_backend, backend excluded",O(n) receipt/evidence metadata,512,valid,valid,true
appeal_cost,appeal_cost-n10_d273000-n10-d273000-r0,10,273000,false_rejection,enumerated_digest_log,true,6.785010,calibrated_estimate,"O(n)+T_backend, backend excluded",O(n) receipt/evidence metadata,512,serverFault(falseReject),serverFault(falseReject),true
appeal_cost,appeal_cost-n10_d273000-n10-d273000-r0,10,273000,omission_with_digest_log,enumerated_digest_log,false,0.000100,calibrated_estimate,"O(n), independent of l","O(n) non-inclusion witness, no record body",552,serverFault(omission),serverFault(omission),true
appeal_cost,appeal_cost-n10_d273000-n10-d273000-r0,10,273000,invalid_receipt,enumerated_digest_log,false,0.000000,calibrated_estimate,"O(n)+T_backend, backend excluded",O(n) receipt/evidence metadata,552,reject(receipt),reject(receipt),true
appeal_cost,appeal_cost-n10_d273000-n10-d273000-r0,10,273000,unsupported_reason,enumerated_digest_log,false,0.000100,calibrated_estimate,"O(n)+T_backend, backend excluded",O(n) receipt/evidence metadata,552,reject(reason),reject(reason),true
appeal_cost,appeal_cost-n10_d273000-n10-d273000-r1,10,273000,valid_rejection,enumerated_digest_log,true,6.785010,calibrated_estimate,"O(n)+T_backend, backend excluded",O(n) receipt/evidence metadata,512,valid,valid,true
appeal_cost,appeal_cost-n10_d273000-n10-d273000-r1,10,273000,false_rejection,enumerated_digest_log,true,6.778345,calibrated_estimate,"O(n)+T_backend, backend excluded",O(n) receipt/evidence metadata,512,serverFault(falseReject),serverFault(falseReject),true
appeal_cost,appeal_cost-n10_d273000-n10-d273000-r1,10,273000,omission_with_digest_log,enumerated_digest_log,false,0.000000,calibrated_estimate,"O(n), independent of l","O(n) non-inclusion witness, no record body",552,serverFault(omission),serverFault(omission),true
appeal_cost,appeal_cost-n10_d273000-n10-d273000-r1,10,273000,invalid_receipt,enumerated_digest_log,false,0.000000,calibrated_estimate,"O(n)+T_backend, backend excluded",O(n) receipt/evidence metadata,552,reject(receipt),reject(receipt),true
appeal_cost,appeal_cost-n10_d273000-n10-d273000-r1,10,273000,unsupported_reason,enumerated_digest_log,false,0.000000,calibrated_estimate,"O(n)+T_backend, backend excluded",O(n) receipt/evidence metadata,552,reject(reason),reject(reason),true
appeal_cost,appeal_cost-n10_d273000-n10-d273000-r2,10,273000,valid_rejection,enumerated_digest_log,true,6.785010,calibrated_estimate,"O(n)+T_backend, backend excluded",O(n) receipt/evidence metadata,512,valid,valid,true
appeal_cost,appeal_cost-n10_d273000-n10-d273000-r2,10,273000,false_rejection,enumerated_digest_log,true,6.785010,calibrated_estimate,"O(n)+T_backend, backend excluded",O(n) receipt/evidence metadata,512,serverFault(falseReject),serverFault(falseReject),true
appeal_cost,appeal_cost-n10_d273000-n10-d273000-r2,10,273000,omission_with_digest_log,enumerated_digest_log,false,0.000000,calibrated_estimate,"O(n), independent of l","O(n) non-inclusion witness, no record body",552,serverFault(omission),serverFault(omission),true
appeal_cost,appeal_cost-n10_d273000-n10-d273000-r2,10,273000,invalid_receipt,enumerated_digest_log,false,0.000000,calibrated_estimate,"O(n)+T_backend, backend excluded",O(n) receipt/evidence metadata,552,reject(receipt),reject(receipt),true
appeal_cost,appeal_cost-n10_d273000-n10-d273000-r2,10,273000,unsupported_reason,enumerated_digest_log,false,0.000000,calibrated_estimate,"O(n)+T_backend, backend excluded",O(n) receipt/evidence metadata,552,reject(reason),reject(reason),true
appeal_cost,appeal_cost-n10_d273000-n10-d273000-r3,10,273000,valid_rejection,enumerated_digest_log,true,7.978052,calibrated_estimate,"O(n)+T_backend, backend excluded",O(n) receipt/evidence metadata,512,valid,valid,true
appeal_cost,appeal_cost-n10_d273000-n10-d273000-r3,10,273000,false_rejection,enumerated_digest_log,true,6.778345,calibrated_estimate,"O(n)+T_backend, backend excluded",O(n) receipt/evidence metadata,512,serverFault(falseReject),serverFault(falseReject),true
appeal_cost,appeal_cost-n10_d273000-n10-d273000-r3,10,273000,omission_with_digest_log,enumerated_digest_log,false,0.000000,calibrated_estimate,"O(n), independent of l","O(n) non-inclusion witness, no record body",552,serverFault(omission),serverFault(omission),true
appeal_cost,appeal_cost-n10_d273000-n10-d273000-r3,10,273000,invalid_receipt,enumerated_digest_log,false,0.000100,calibrated_estimate,"O(n)+T_backend, backend excluded",O(n) receipt/evidence metadata,552,reject(receipt),reject(receipt),true
appeal_cost,appeal_cost-n10_d273000-n10-d273000-r3,10,273000,unsupported_reason,enumerated_digest_log,false,0.000100,calibrated_estimate,"O(n)+T_backend, backend excluded",O(n) receipt/evidence metadata,552,reject(reason),reject(reason),true
appeal_cost,appeal_cost-n10_d273000-n10-d273000-r4,10,273000,valid_rejection,enumerated_digest_log,true,6.785010,calibrated_estimate,"O(n)+T_backend, backend excluded",O(n) receipt/evidence metadata,512,valid,valid,true
appeal_cost,appeal_cost-n10_d273000-n10-d273000-r4,10,273000,false_rejection,enumerated_digest_log,true,6.785010,calibrated_estimate,"O(n)+T_backend, backend excluded",O(n) receipt/evidence metadata,512,serverFault(falseReject),serverFault(falseReject),true
appeal_cost,appeal_cost-n10_d273000-n10-d273000-r4,10,273000,omission_with_digest_log,enumerated_digest_log,false,0.000100,calibrated_estimate,"O(n), independent of l","O(n) non-inclusion witness, no record body",552,serverFault(omission),serverFault(omission),true
appeal_cost,appeal_cost-n10_d273000-n10-d273000-r4,10,273000,invalid_receipt,enumerated_digest_log,false,0.000100,calibrated_estimate,"O(n)+T_backend, backend excluded",O(n) receipt/evidence metadata,552,reject(receipt),reject(receipt),true
appeal_cost,appeal_cost-n10_d273000-n10-d273000-r4,10,273000,unsupported_reason,enumerated_digest_log,false,0.000000,calibrated_estimate,"O(n)+T_backend, backend excluded",O(n) receipt/evidence metadata,552,reject(reason),reject(reason),true
appeal_cost,appeal_cost-n10_d818000-n10-d818000-r0,10,818000,valid_rejection,enumerated_digest_log,true,20.330176,calibrated_estimate,"O(n)+T_backend, backend excluded",O(n) receipt/evidence metadata,512,valid,valid,true
appeal_cost,appeal_cost-n10_d818000-n10-d818000-r0,10,818000,false_rejection,enumerated_digest_log,true,20.330176,calibrated_estimate,"O(n)+T_backend, backend excluded",O(n) receipt/evidence metadata,512,serverFault(falseReject),serverFault(falseReject),true
appeal_cost,appeal_cost-n10_d818000-n10-d818000-r0,10,818000,omission_with_digest_log,enumerated_digest_log,false,0.000000,calibrated_estimate,"O(n), independent of l","O(n) non-inclusion witness, no record body",552,serverFault(omission),serverFault(omission),true
appeal_cost,appeal_cost-n10_d818000-n10-d818000-r0,10,818000,invalid_receipt,enumerated_digest_log,false,0.000100,calibrated_estimate,"O(n)+T_backend, backend excluded",O(n) receipt/evidence metadata,552,reject(receipt),reject(receipt),true
appeal_cost,appeal_cost-n10_d818000-n10-d818000-r0,10,818000,unsupported_reason,enumerated_digest_log,false,0.000000,calibrated_estimate,"O(n)+T_backend, backend excluded",O(n) receipt/evidence metadata,552,reject(reason),reject(reason),true
appeal_cost,appeal_cost-n10_d818000-n10-d818000-r1,10,818000,valid_rejection,enumerated_digest_log,true,20.330176,calibrated_estimate,"O(n)+T_backend, backend excluded",O(n) receipt/evidence metadata,512,valid,valid,true
appeal_cost,appeal_cost-n10_d818000-n10-d818000-r1,10,818000,false_rejection,enumerated_digest_log,true,20.310205,calibrated_estimate,"O(n)+T_backend, backend excluded",O(n) receipt/evidence metadata,512,serverFault(falseReject),serverFault(falseReject),true
appeal_cost,appeal_cost-n10_d818000-n10-d818000-r1,10,818000,omission_with_digest_log,enumerated_digest_log,false,0.000000,calibrated_estimate,"O(n), independent of l","O(n) non-inclusion witness, no record body",552,serverFault(omission),serverFault(omission),true
appeal_cost,appeal_cost-n10_d818000-n10-d818000-r1,10,818000,invalid_receipt,enumerated_digest_log,false,0.000000,calibrated_estimate,"O(n)+T_backend, backend excluded",O(n) receipt/evidence metadata,552,reject(receipt),reject(receipt),true
appeal_cost,appeal_cost-n10_d818000-n10-d818000-r1,10,818000,unsupported_reason,enumerated_digest_log,false,0.000000,calibrated_estimate,"O(n)+T_backend, backend excluded",O(n) receipt/evidence metadata,552,reject(reason),reject(reason),true
appeal_cost,appeal_cost-n10_d818000-n10-d818000-r2,10,818000,valid_rejection,enumerated_digest_log,true,20.310205,calibrated_estimate,"O(n)+T_backend, backend excluded",O(n) receipt/evidence metadata,512,valid,valid,true
appeal_cost,appeal_cost-n10_d818000-n10-d818000-r2,10,818000,false_rejection,enumerated_digest_log,true,20.330176,calibrated_estimate,"O(n)+T_backend, backend excluded",O(n) receipt/evidence metadata,512,serverFault(falseReject),serverFault(falseReject),true
appeal_cost,appeal_cost-n10_d818000-n10-d818000-r2,10,818000,omission_with_digest_log,enumerated_digest_log,false,0.000000,calibrated_estimate,"O(n), independent of l","O(n) non-inclusion witness, no record body",552,serverFault(omission),serverFault(omission),true
appeal_cost,appeal_cost-n10_d818000-n10-d818000-r2,10,818000,invalid_receipt,enumerated_digest_log,false,0.000100,calibrated_estimate,"O(n)+T_backend, backend excluded",O(n) receipt/evidence metadata,552,reject(receipt),reject(receipt),true
appeal_cost,appeal_cost-n10_d818000-n10-d818000-r2,10,818000,unsupported_reason,enumerated_digest_log,false,0.000100,calibrated_estimate,"O(n)+T_backend, backend excluded",O(n) receipt/evidence metadata,552,reject(reason),reject(reason),true
appeal_cost,appeal_cost-n10_d818000-n10-d818000-r3,10,818000,valid_rejection,enumerated_digest_log,true,20.350146,calibrated_estimate,"O(n)+T_backend, backend excluded",O(n) receipt/evidence metadata,512,valid,valid,true
appeal_cost,appeal_cost-n10_d818000-n10-d818000-r3,10,818000,false_rejection,enumerated_digest_log,true,20.330176,calibrated_estimate,"O(n)+T_backend, backend excluded",O(n) receipt/evidence metadata,512,serverFault(falseReject),serverFault(falseReject),true
appeal_cost,appeal_cost-n10_d818000-n10-d818000-r3,10,818000,omission_with_digest_log,enumerated_digest_log,false,0.000100,calibrated_estimate,"O(n), independent of l","O(n) non-inclusion witness, no record body",552,serverFault(omission),serverFault(omission),true
appeal_cost,appeal_cost-n10_d818000-n10-d818000-r3,10,818000,invalid_receipt,enumerated_digest_log,false,0.000000,calibrated_estimate,"O(n)+T_backend, backend excluded",O(n) receipt/evidence metadata,552,reject(receipt),reject(receipt),true
appeal_cost,appeal_cost-n10_d818000-n10-d818000-r3,10,818000,unsupported_reason,enumerated_digest_log,false,0.000100,calibrated_estimate,"O(n)+T_backend, backend excluded",O(n) receipt/evidence metadata,552,reject(reason),reject(reason),true
appeal_cost,appeal_cost-n10_d818000-n10-d818000-r4,10,818000,valid_rejection,enumerated_digest_log,true,20.330176,calibrated_estimate,"O(n)+T_backend, backend excluded",O(n) receipt/evidence metadata,512,valid,valid,true
appeal_cost,appeal_cost-n10_d818000-n10-d818000-r4,10,818000,false_rejection,enumerated_digest_log,true,20.330176,calibrated_estimate,"O(n)+T_backend, backend excluded",O(n) receipt/evidence metadata,512,serverFault(falseReject),serverFault(falseReject),true
appeal_cost,appeal_cost-n10_d818000-n10-d818000-r4,10,818000,omission_with_digest_log,enumerated_digest_log,false,0.000100,calibrated_estimate,"O(n), independent of l","O(n) non-inclusion witness, no record body",552,serverFault(omission),serverFault(omission),true
appeal_cost,appeal_cost-n10_d818000-n10-d818000-r4,10,818000,invalid_receipt,enumerated_digest_log,false,0.000000,calibrated_estimate,"O(n)+T_backend, backend excluded",O(n) receipt/evidence metadata,552,reject(receipt),reject(receipt),true
appeal_cost,appeal_cost-n10_d818000-n10-d818000-r4,10,818000,unsupported_reason,enumerated_digest_log,false,0.000100,calibrated_estimate,"O(n)+T_backend, backend excluded",O(n) receipt/evidence metadata,552,reject(reason),reject(reason),true
appeal_cost,appeal_cost-n20_d19000-n20-d19000-r0,20,19000,valid_rejection,enumerated_digest_log,true,0.472217,calibrated_estimate,"O(n)+T_backend, backend excluded",O(n) receipt/evidence metadata,832,valid,valid,true
appeal_cost,appeal_cost-n20_d19000-n20-d19000-r0,20,19000,false_rejection,enumerated_digest_log,true,0.472217,calibrated_estimate,"O(n)+T_backend, backend excluded",O(n) receipt/evidence metadata,832,serverFault(falseReject),serverFault(falseReject),true
appeal_cost,appeal_cost-n20_d19000-n20-d19000-r0,20,19000,omission_with_digest_log,enumerated_digest_log,false,0.000000,calibrated_estimate,"O(n), independent of l","O(n) non-inclusion witness, no record body",952,serverFault(omission),serverFault(omission),true
appeal_cost,appeal_cost-n20_d19000-n20-d19000-r0,20,19000,invalid_receipt,enumerated_digest_log,false,0.000100,calibrated_estimate,"O(n)+T_backend, backend excluded",O(n) receipt/evidence metadata,952,reject(receipt),reject(receipt),true
appeal_cost,appeal_cost-n20_d19000-n20-d19000-r0,20,19000,unsupported_reason,enumerated_digest_log,false,0.000000,calibrated_estimate,"O(n)+T_backend, backend excluded",O(n) receipt/evidence metadata,952,reject(reason),reject(reason),true
appeal_cost,appeal_cost-n20_d19000-n20-d19000-r1,20,19000,valid_rejection,enumerated_digest_log,true,0.472681,calibrated_estimate,"O(n)+T_backend, backend excluded",O(n) receipt/evidence metadata,832,valid,valid,true
appeal_cost,appeal_cost-n20_d19000-n20-d19000-r1,20,19000,false_rejection,enumerated_digest_log,true,0.472217,calibrated_estimate,"O(n)+T_backend, backend excluded",O(n) receipt/evidence metadata,832,serverFault(falseReject),serverFault(falseReject),true
appeal_cost,appeal_cost-n20_d19000-n20-d19000-r1,20,19000,omission_with_digest_log,enumerated_digest_log,false,0.000100,calibrated_estimate,"O(n), independent of l","O(n) non-inclusion witness, no record body",952,serverFault(omission),serverFault(omission),true
appeal_cost,appeal_cost-n20_d19000-n20-d19000-r1,20,19000,invalid_receipt,enumerated_digest_log,false,0.000000,calibrated_estimate,"O(n)+T_backend, backend excluded",O(n) receipt/evidence metadata,952,reject(receipt),reject(receipt),true
appeal_cost,appeal_cost-n20_d19000-n20-d19000-r1,20,19000,unsupported_reason,enumerated_digest_log,false,0.000100,calibrated_estimate,"O(n)+T_backend, backend excluded",O(n) receipt/evidence metadata,952,reject(reason),reject(reason),true
appeal_cost,appeal_cost-n20_d19000-n20-d19000-r2,20,19000,valid_rejection,enumerated_digest_log,true,0.472217,calibrated_estimate,"O(n)+T_backend, backend excluded",O(n) receipt/evidence metadata,832,valid,valid,true
appeal_cost,appeal_cost-n20_d19000-n20-d19000-r2,20,19000,false_rejection,enumerated_digest_log,true,0.472217,calibrated_estimate,"O(n)+T_backend, backend excluded",O(n) receipt/evidence metadata,832,serverFault(falseReject),serverFault(falseReject),true
appeal_cost,appeal_cost-n20_d19000-n20-d19000-r2,20,19000,omission_with_digest_log,enumerated_digest_log,false,0.000100,calibrated_estimate,"O(n), independent of l","O(n) non-inclusion witness, no record body",952,serverFault(omission),serverFault(omission),true
appeal_cost,appeal_cost-n20_d19000-n20-d19000-r2,20,19000,invalid_receipt,enumerated_digest_log,false,0.000100,calibrated_estimate,"O(n)+T_backend, backend excluded",O(n) receipt/evidence metadata,952,reject(receipt),reject(receipt),true
appeal_cost,appeal_cost-n20_d19000-n20-d19000-r2,20,19000,unsupported_reason,enumerated_digest_log,false,0.000000,calibrated_estimate,"O(n)+T_backend, backend excluded",O(n) receipt/evidence metadata,952,reject(reason),reject(reason),true
appeal_cost,appeal_cost-n20_d19000-n20-d19000-r3,20,19000,valid_rejection,enumerated_digest_log,true,0.472217,calibrated_estimate,"O(n)+T_backend, backend excluded",O(n) receipt/evidence metadata,832,valid,valid,true
appeal_cost,appeal_cost-n20_d19000-n20-d19000-r3,20,19000,false_rejection,enumerated_digest_log,true,0.472217,calibrated_estimate,"O(n)+T_backend, backend excluded",O(n) receipt/evidence metadata,832,serverFault(falseReject),serverFault(falseReject),true
appeal_cost,appeal_cost-n20_d19000-n20-d19000-r3,20,19000,omission_with_digest_log,enumerated_digest_log,false,0.000000,calibrated_estimate,"O(n), independent of l","O(n) non-inclusion witness, no record body",952,serverFault(omission),serverFault(omission),true
appeal_cost,appeal_cost-n20_d19000-n20-d19000-r3,20,19000,invalid_receipt,enumerated_digest_log,false,0.000100,calibrated_estimate,"O(n)+T_backend, backend excluded",O(n) receipt/evidence metadata,952,reject(receipt),reject(receipt),true
appeal_cost,appeal_cost-n20_d19000-n20-d19000-r3,20,19000,unsupported_reason,enumerated_digest_log,false,0.000000,calibrated_estimate,"O(n)+T_backend, backend excluded",O(n) receipt/evidence metadata,952,reject(reason),reject(reason),true
appeal_cost,appeal_cost-n20_d19000-n20-d19000-r4,20,19000,valid_rejection,enumerated_digest_log,true,0.472217,calibrated_estimate,"O(n)+T_backend, backend excluded",O(n) receipt/evidence metadata,832,valid,valid,true
appeal_cost,appeal_cost-n20_d19000-n20-d19000-r4,20,19000,false_rejection,enumerated_digest_log,true,0.472217,calibrated_estimate,"O(n)+T_backend, backend excluded",O(n) receipt/evidence metadata,832,serverFault(falseReject),serverFault(falseReject),true
appeal_cost,appeal_cost-n20_d19000-n20-d19000-r4,20,19000,omission_with_digest_log,enumerated_digest_log,false,0.000000,calibrated_estimate,"O(n), independent of l","O(n) non-inclusion witness, no record body",952,serverFault(omission),serverFault(omission),true
appeal_cost,appeal_cost-n20_d19000-n20-d19000-r4,20,19000,invalid_receipt,enumerated_digest_log,false,0.000100,calibrated_estimate,"O(n)+T_backend, backend excluded",O(n) receipt/evidence metadata,952,reject(receipt),reject(receipt),true
appeal_cost,appeal_cost-n20_d19000-n20-d19000-r4,20,19000,unsupported_reason,enumerated_digest_log,false,0.000100,calibrated_estimate,"O(n)+T_backend, backend excluded",O(n) receipt/evidence metadata,952,reject(reason),reject(reason),true
appeal_cost,appeal_cost-n20_d62000-n20-d62000-r0,20,62000,valid_rejection,enumerated_digest_log,true,1.540918,calibrated_estimate,"O(n)+T_backend, backend excluded",O(n) receipt/evidence metadata,832,valid,valid,true
appeal_cost,appeal_cost-n20_d62000-n20-d62000-r0,20,62000,false_rejection,enumerated_digest_log,true,1.540918,calibrated_estimate,"O(n)+T_backend, backend excluded",O(n) receipt/evidence metadata,832,serverFault(falseReject),serverFault(falseReject),true
appeal_cost,appeal_cost-n20_d62000-n20-d62000-r0,20,62000,omission_with_digest_log,enumerated_digest_log,false,0.000100,calibrated_estimate,"O(n), independent of l","O(n) non-inclusion witness, no record body",952,serverFault(omission),serverFault(omission),true
appeal_cost,appeal_cost-n20_d62000-n20-d62000-r0,20,62000,invalid_receipt,enumerated_digest_log,false,0.000100,calibrated_estimate,"O(n)+T_backend, backend excluded",O(n) receipt/evidence metadata,952,reject(receipt),reject(receipt),true
appeal_cost,appeal_cost-n20_d62000-n20-d62000-r0,20,62000,unsupported_reason,enumerated_digest_log,false,0.000100,calibrated_estimate,"O(n)+T_backend, backend excluded",O(n) receipt/evidence metadata,952,reject(reason),reject(reason),true
appeal_cost,appeal_cost-n20_d62000-n20-d62000-r1,20,62000,valid_rejection,enumerated_digest_log,true,1.540918,calibrated_estimate,"O(n)+T_backend, backend excluded",O(n) receipt/evidence metadata,832,valid,valid,true
appeal_cost,appeal_cost-n20_d62000-n20-d62000-r1,20,62000,false_rejection,enumerated_digest_log,true,1.540918,calibrated_estimate,"O(n)+T_backend, backend excluded",O(n) receipt/evidence metadata,832,serverFault(falseReject),serverFault(falseReject),true
appeal_cost,appeal_cost-n20_d62000-n20-d62000-r1,20,62000,omission_with_digest_log,enumerated_digest_log,false,0.000100,calibrated_estimate,"O(n), independent of l","O(n) non-inclusion witness, no record body",952,serverFault(omission),serverFault(omission),true
appeal_cost,appeal_cost-n20_d62000-n20-d62000-r1,20,62000,invalid_receipt,enumerated_digest_log,false,0.000100,calibrated_estimate,"O(n)+T_backend, backend excluded",O(n) receipt/evidence metadata,952,reject(receipt),reject(receipt),true
appeal_cost,appeal_cost-n20_d62000-n20-d62000-r1,20,62000,unsupported_reason,enumerated_digest_log,false,0.000000,calibrated_estimate,"O(n)+T_backend, backend excluded",O(n) receipt/evidence metadata,952,reject(reason),reject(reason),true
appeal_cost,appeal_cost-n20_d62000-n20-d62000-r2,20,62000,valid_rejection,enumerated_digest_log,true,1.540918,calibrated_estimate,"O(n)+T_backend, backend excluded",O(n) receipt/evidence metadata,832,valid,valid,true
appeal_cost,appeal_cost-n20_d62000-n20-d62000-r2,20,62000,false_rejection,enumerated_digest_log,true,1.540918,calibrated_estimate,"O(n)+T_backend, backend excluded",O(n) receipt/evidence metadata,832,serverFault(falseReject),serverFault(falseReject),true
appeal_cost,appeal_cost-n20_d62000-n20-d62000-r2,20,62000,omission_with_digest_log,enumerated_digest_log,false,0.000000,calibrated_estimate,"O(n), independent of l","O(n) non-inclusion witness, no record body",952,serverFault(omission),serverFault(omission),true
appeal_cost,appeal_cost-n20_d62000-n20-d62000-r2,20,62000,invalid_receipt,enumerated_digest_log,false,0.000100,calibrated_estimate,"O(n)+T_backend, backend excluded",O(n) receipt/evidence metadata,952,reject(receipt),reject(receipt),true
appeal_cost,appeal_cost-n20_d62000-n20-d62000-r2,20,62000,unsupported_reason,enumerated_digest_log,false,0.000000,calibrated_estimate,"O(n)+T_backend, backend excluded",O(n) receipt/evidence metadata,952,reject(reason),reject(reason),true
appeal_cost,appeal_cost-n20_d62000-n20-d62000-r3,20,62000,valid_rejection,enumerated_digest_log,true,1.540918,calibrated_estimate,"O(n)+T_backend, backend excluded",O(n) receipt/evidence metadata,832,valid,valid,true
appeal_cost,appeal_cost-n20_d62000-n20-d62000-r3,20,62000,false_rejection,enumerated_digest_log,true,1.539404,calibrated_estimate,"O(n)+T_backend, backend excluded",O(n) receipt/evidence metadata,832,serverFault(falseReject),serverFault(falseReject),true
appeal_cost,appeal_cost-n20_d62000-n20-d62000-r3,20,62000,omission_with_digest_log,enumerated_digest_log,false,0.000100,calibrated_estimate,"O(n), independent of l","O(n) non-inclusion witness, no record body",952,serverFault(omission),serverFault(omission),true
appeal_cost,appeal_cost-n20_d62000-n20-d62000-r3,20,62000,invalid_receipt,enumerated_digest_log,false,0.000100,calibrated_estimate,"O(n)+T_backend, backend excluded",O(n) receipt/evidence metadata,952,reject(receipt),reject(receipt),true
appeal_cost,appeal_cost-n20_d62000-n20-d62000-r3,20,62000,unsupported_reason,enumerated_digest_log,false,0.000000,calibrated_estimate,"O(n)+T_backend, backend excluded",O(n) receipt/evidence metadata,952,reject(reason),reject(reason),true
appeal_cost,appeal_cost-n20_d62000-n20-d62000-r4,20,62000,valid_rejection,enumerated_digest_log,true,1.540918,calibrated_estimate,"O(n)+T_backend, backend excluded",O(n) receipt/evidence metadata,832,valid,valid,true
appeal_cost,appeal_cost-n20_d62000-n20-d62000-r4,20,62000,false_rejection,enumerated_digest_log,true,1.540918,calibrated_estimate,"O(n)+T_backend, backend excluded",O(n) receipt/evidence metadata,832,serverFault(falseReject),serverFault(falseReject),true
appeal_cost,appeal_cost-n20_d62000-n20-d62000-r4,20,62000,omission_with_digest_log,enumerated_digest_log,false,0.000000,calibrated_estimate,"O(n), independent of l","O(n) non-inclusion witness, no record body",952,serverFault(omission),serverFault(omission),true
appeal_cost,appeal_cost-n20_d62000-n20-d62000-r4,20,62000,invalid_receipt,enumerated_digest_log,false,0.000000,calibrated_estimate,"O(n)+T_backend, backend excluded",O(n) receipt/evidence metadata,952,reject(receipt),reject(receipt),true
appeal_cost,appeal_cost-n20_d62000-n20-d62000-r4,20,62000,unsupported_reason,enumerated_digest_log,false,0.000100,calibrated_estimate,"O(n)+T_backend, backend excluded",O(n) receipt/evidence metadata,952,reject(reason),reject(reason),true
appeal_cost,appeal_cost-n20_d273000-n20-d273000-r0,20,273000,valid_rejection,enumerated_digest_log,true,6.785010,calibrated_estimate,"O(n)+T_backend, backend excluded",O(n) receipt/evidence metadata,832,valid,valid,true
appeal_cost,appeal_cost-n20_d273000-n20-d273000-r0,20,273000,false_rejection,enumerated_digest_log,true,6.785010,calibrated_estimate,"O(n)+T_backend, backend excluded",O(n) receipt/evidence metadata,832,serverFault(falseReject),serverFault(falseReject),true
appeal_cost,appeal_cost-n20_d273000-n20-d273000-r0,20,273000,omission_with_digest_log,enumerated_digest_log,false,0.000000,calibrated_estimate,"O(n), independent of l","O(n) non-inclusion witness, no record body",952,serverFault(omission),serverFault(omission),true
appeal_cost,appeal_cost-n20_d273000-n20-d273000-r0,20,273000,invalid_receipt,enumerated_digest_log,false,0.000100,calibrated_estimate,"O(n)+T_backend, backend excluded",O(n) receipt/evidence metadata,952,reject(receipt),reject(receipt),true
appeal_cost,appeal_cost-n20_d273000-n20-d273000-r0,20,273000,unsupported_reason,enumerated_digest_log,false,0.000100,calibrated_estimate,"O(n)+T_backend, backend excluded",O(n) receipt/evidence metadata,952,reject(reason),reject(reason),true
appeal_cost,appeal_cost-n20_d273000-n20-d273000-r1,20,273000,valid_rejection,enumerated_digest_log,true,6.791675,calibrated_estimate,"O(n)+T_backend, backend excluded",O(n) receipt/evidence metadata,832,valid,valid,true
appeal_cost,appeal_cost-n20_d273000-n20-d273000-r1,20,273000,false_rejection,enumerated_digest_log,true,6.785010,calibrated_estimate,"O(n)+T_backend, backend excluded",O(n) receipt/evidence metadata,832,serverFault(falseReject),serverFault(falseReject),true
appeal_cost,appeal_cost-n20_d273000-n20-d273000-r1,20,273000,omission_with_digest_log,enumerated_digest_log,false,0.000100,calibrated_estimate,"O(n), independent of l","O(n) non-inclusion witness, no record body",952,serverFault(omission),serverFault(omission),true
appeal_cost,appeal_cost-n20_d273000-n20-d273000-r1,20,273000,invalid_receipt,enumerated_digest_log,false,0.000100,calibrated_estimate,"O(n)+T_backend, backend excluded",O(n) receipt/evidence metadata,952,reject(receipt),reject(receipt),true
appeal_cost,appeal_cost-n20_d273000-n20-d273000-r1,20,273000,unsupported_reason,enumerated_digest_log,false,0.000000,calibrated_estimate,"O(n)+T_backend, backend excluded",O(n) receipt/evidence metadata,952,reject(reason),reject(reason),true
appeal_cost,appeal_cost-n20_d273000-n20-d273000-r2,20,273000,valid_rejection,enumerated_digest_log,true,6.778345,calibrated_estimate,"O(n)+T_backend, backend excluded",O(n) receipt/evidence metadata,832,valid,valid,true
appeal_cost,appeal_cost-n20_d273000-n20-d273000-r2,20,273000,false_rejection,enumerated_digest_log,true,6.791675,calibrated_estimate,"O(n)+T_backend, backend excluded",O(n) receipt/evidence metadata,832,serverFault(falseReject),serverFault(falseReject),true
appeal_cost,appeal_cost-n20_d273000-n20-d273000-r2,20,273000,omission_with_digest_log,enumerated_digest_log,false,0.000000,calibrated_estimate,"O(n), independent of l","O(n) non-inclusion witness, no record body",952,serverFault(omission),serverFault(omission),true
appeal_cost,appeal_cost-n20_d273000-n20-d273000-r2,20,273000,invalid_receipt,enumerated_digest_log,false,0.000000,calibrated_estimate,"O(n)+T_backend, backend excluded",O(n) receipt/evidence metadata,952,reject(receipt),reject(receipt),true
appeal_cost,appeal_cost-n20_d273000-n20-d273000-r2,20,273000,unsupported_reason,enumerated_digest_log,false,0.000100,calibrated_estimate,"O(n)+T_backend, backend excluded",O(n) receipt/evidence metadata,952,reject(reason),reject(reason),true
appeal_cost,appeal_cost-n20_d273000-n20-d273000-r3,20,273000,valid_rejection,enumerated_digest_log,true,6.791675,calibrated_estimate,"O(n)+T_backend, backend excluded",O(n) receipt/evidence metadata,832,valid,valid,true
appeal_cost,appeal_cost-n20_d273000-n20-d273000-r3,20,273000,false_rejection,enumerated_digest_log,true,6.785010,calibrated_estimate,"O(n)+T_backend, backend excluded",O(n) receipt/evidence metadata,832,serverFault(falseReject),serverFault(falseReject),true
appeal_cost,appeal_cost-n20_d273000-n20-d273000-r3,20,273000,omission_with_digest_log,enumerated_digest_log,false,0.000100,calibrated_estimate,"O(n), independent of l","O(n) non-inclusion witness, no record body",952,serverFault(omission),serverFault(omission),true
appeal_cost,appeal_cost-n20_d273000-n20-d273000-r3,20,273000,invalid_receipt,enumerated_digest_log,false,0.000000,calibrated_estimate,"O(n)+T_backend, backend excluded",O(n) receipt/evidence metadata,952,reject(receipt),reject(receipt),true
appeal_cost,appeal_cost-n20_d273000-n20-d273000-r3,20,273000,unsupported_reason,enumerated_digest_log,false,0.000000,calibrated_estimate,"O(n)+T_backend, backend excluded",O(n) receipt/evidence metadata,952,reject(reason),reject(reason),true
appeal_cost,appeal_cost-n20_d273000-n20-d273000-r4,20,273000,valid_rejection,enumerated_digest_log,true,6.785010,calibrated_estimate,"O(n)+T_backend, backend excluded",O(n) receipt/evidence metadata,832,valid,valid,true
appeal_cost,appeal_cost-n20_d273000-n20-d273000-r4,20,273000,false_rejection,enumerated_digest_log,true,6.785010,calibrated_estimate,"O(n)+T_backend, backend excluded",O(n) receipt/evidence metadata,832,serverFault(falseReject),serverFault(falseReject),true
appeal_cost,appeal_cost-n20_d273000-n20-d273000-r4,20,273000,omission_with_digest_log,enumerated_digest_log,false,0.000000,calibrated_estimate,"O(n), independent of l","O(n) non-inclusion witness, no record body",952,serverFault(omission),serverFault(omission),true
appeal_cost,appeal_cost-n20_d273000-n20-d273000-r4,20,273000,invalid_receipt,enumerated_digest_log,false,0.000100,calibrated_estimate,"O(n)+T_backend, backend excluded",O(n) receipt/evidence metadata,952,reject(receipt),reject(receipt),true
appeal_cost,appeal_cost-n20_d273000-n20-d273000-r4,20,273000,unsupported_reason,enumerated_digest_log,false,0.000000,calibrated_estimate,"O(n)+T_backend, backend excluded",O(n) receipt/evidence metadata,952,reject(reason),reject(reason),true
appeal_cost,appeal_cost-n20_d818000-n20-d818000-r0,20,818000,valid_rejection,enumerated_digest_log,true,20.330176,calibrated_estimate,"O(n)+T_backend, backend excluded",O(n) receipt/evidence metadata,832,valid,valid,true
appeal_cost,appeal_cost-n20_d818000-n20-d818000-r0,20,818000,false_rejection,enumerated_digest_log,true,20.310205,calibrated_estimate,"O(n)+T_backend, backend excluded",O(n) receipt/evidence metadata,832,serverFault(falseReject),serverFault(falseReject),true
appeal_cost,appeal_cost-n20_d818000-n20-d818000-r0,20,818000,omission_with_digest_log,enumerated_digest_log,false,0.000000,calibrated_estimate,"O(n), independent of l","O(n) non-inclusion witness, no record body",952,serverFault(omission),serverFault(omission),true
appeal_cost,appeal_cost-n20_d818000-n20-d818000-r0,20,818000,invalid_receipt,enumerated_digest_log,false,0.000100,calibrated_estimate,"O(n)+T_backend, backend excluded",O(n) receipt/evidence metadata,952,reject(receipt),reject(receipt),true
appeal_cost,appeal_cost-n20_d818000-n20-d818000-r0,20,818000,unsupported_reason,enumerated_digest_log,false,0.000100,calibrated_estimate,"O(n)+T_backend, backend excluded",O(n) receipt/evidence metadata,952,reject(reason),reject(reason),true
appeal_cost,appeal_cost-n20_d818000-n20-d818000-r1,20,818000,valid_rejection,enumerated_digest_log,true,20.330176,calibrated_estimate,"O(n)+T_backend, backend excluded",O(n) receipt/evidence metadata,832,valid,valid,true
appeal_cost,appeal_cost-n20_d818000-n20-d818000-r1,20,818000,false_rejection,enumerated_digest_log,true,20.529883,calibrated_estimate,"O(n)+T_backend, backend excluded",O(n) receipt/evidence metadata,832,serverFault(falseReject),serverFault(falseReject),true
appeal_cost,appeal_cost-n20_d818000-n20-d818000-r1,20,818000,omission_with_digest_log,enumerated_digest_log,false,0.000100,calibrated_estimate,"O(n), independent of l","O(n) non-inclusion witness, no record body",952,serverFault(omission),serverFault(omission),true
appeal_cost,appeal_cost-n20_d818000-n20-d818000-r1,20,818000,invalid_receipt,enumerated_digest_log,false,0.000100,calibrated_estimate,"O(n)+T_backend, backend excluded",O(n) receipt/evidence metadata,952,reject(receipt),reject(receipt),true
appeal_cost,appeal_cost-n20_d818000-n20-d818000-r1,20,818000,unsupported_reason,enumerated_digest_log,false,0.000000,calibrated_estimate,"O(n)+T_backend, backend excluded",O(n) receipt/evidence metadata,952,reject(reason),reject(reason),true
appeal_cost,appeal_cost-n20_d818000-n20-d818000-r2,20,818000,valid_rejection,enumerated_digest_log,true,20.330176,calibrated_estimate,"O(n)+T_backend, backend excluded",O(n) receipt/evidence metadata,832,valid,valid,true
appeal_cost,appeal_cost-n20_d818000-n20-d818000-r2,20,818000,false_rejection,enumerated_digest_log,true,20.330176,calibrated_estimate,"O(n)+T_backend, backend excluded",O(n) receipt/evidence metadata,832,serverFault(falseReject),serverFault(falseReject),true
appeal_cost,appeal_cost-n20_d818000-n20-d818000-r2,20,818000,omission_with_digest_log,enumerated_digest_log,false,0.000000,calibrated_estimate,"O(n), independent of l","O(n) non-inclusion witness, no record body",952,serverFault(omission),serverFault(omission),true
appeal_cost,appeal_cost-n20_d818000-n20-d818000-r2,20,818000,invalid_receipt,enumerated_digest_log,false,0.000000,calibrated_estimate,"O(n)+T_backend, backend excluded",O(n) receipt/evidence metadata,952,reject(receipt),reject(receipt),true
appeal_cost,appeal_cost-n20_d818000-n20-d818000-r2,20,818000,unsupported_reason,enumerated_digest_log,false,0.000000,calibrated_estimate,"O(n)+T_backend, backend excluded",O(n) receipt/evidence metadata,952,reject(reason),reject(reason),true
appeal_cost,appeal_cost-n20_d818000-n20-d818000-r3,20,818000,valid_rejection,enumerated_digest_log,true,20.330176,calibrated_estimate,"O(n)+T_backend, backend excluded",O(n) receipt/evidence metadata,832,valid,valid,true
appeal_cost,appeal_cost-n20_d818000-n20-d818000-r3,20,818000,false_rejection,enumerated_digest_log,true,20.330176,calibrated_estimate,"O(n)+T_backend, backend excluded",O(n) receipt/evidence metadata,832,serverFault(falseReject),serverFault(falseReject),true
appeal_cost,appeal_cost-n20_d818000-n20-d818000-r3,20,818000,omission_with_digest_log,enumerated_digest_log,false,0.000000,calibrated_estimate,"O(n), independent of l","O(n) non-inclusion witness, no record body",952,serverFault(omission),serverFault(omission),true
appeal_cost,appeal_cost-n20_d818000-n20-d818000-r3,20,818000,invalid_receipt,enumerated_digest_log,false,0.000000,calibrated_estimate,"O(n)+T_backend, backend excluded",O(n) receipt/evidence metadata,952,reject(receipt),reject(receipt),true
appeal_cost,appeal_cost-n20_d818000-n20-d818000-r3,20,818000,unsupported_reason,enumerated_digest_log,false,0.000000,calibrated_estimate,"O(n)+T_backend, backend excluded",O(n) receipt/evidence metadata,952,reject(reason),reject(reason),true
appeal_cost,appeal_cost-n20_d818000-n20-d818000-r4,20,818000,valid_rejection,enumerated_digest_log,true,20.310205,calibrated_estimate,"O(n)+T_backend, backend excluded",O(n) receipt/evidence metadata,832,valid,valid,true
appeal_cost,appeal_cost-n20_d818000-n20-d818000-r4,20,818000,false_rejection,enumerated_digest_log,true,20.330176,calibrated_estimate,"O(n)+T_backend, backend excluded",O(n) receipt/evidence metadata,832,serverFault(falseReject),serverFault(falseReject),true
appeal_cost,appeal_cost-n20_d818000-n20-d818000-r4,20,818000,omission_with_digest_log,enumerated_digest_log,false,0.000000,calibrated_estimate,"O(n), independent of l","O(n) non-inclusion witness, no record body",952,serverFault(omission),serverFault(omission),true
appeal_cost,appeal_cost-n20_d818000-n20-d818000-r4,20,818000,invalid_receipt,enumerated_digest_log,false,0.000100,calibrated_estimate,"O(n)+T_backend, backend excluded",O(n) receipt/evidence metadata,952,reject(receipt),reject(receipt),true
appeal_cost,appeal_cost-n20_d818000-n20-d818000-r4,20,818000,unsupported_reason,enumerated_digest_log,false,0.000000,calibrated_estimate,"O(n)+T_backend, backend excluded",O(n) receipt/evidence metadata,952,reject(reason),reject(reason),true
appeal_cost,appeal_cost-n50_d19000-n50-d19000-r0,50,19000,valid_rejection,enumerated_digest_log,true,0.472217,calibrated_estimate,"O(n)+T_backend, backend excluded",O(n) receipt/evidence metadata,1792,valid,valid,true
appeal_cost,appeal_cost-n50_d19000-n50-d19000-r0,50,19000,false_rejection,enumerated_digest_log,true,0.472217,calibrated_estimate,"O(n)+T_backend, backend excluded",O(n) receipt/evidence metadata,1792,serverFault(falseReject),serverFault(falseReject),true
appeal_cost,appeal_cost-n50_d19000-n50-d19000-r0,50,19000,omission_with_digest_log,enumerated_digest_log,false,0.000100,calibrated_estimate,"O(n), independent of l","O(n) non-inclusion witness, no record body",2152,serverFault(omission),serverFault(omission),true
appeal_cost,appeal_cost-n50_d19000-n50-d19000-r0,50,19000,invalid_receipt,enumerated_digest_log,false,0.000100,calibrated_estimate,"O(n)+T_backend, backend excluded",O(n) receipt/evidence metadata,2152,reject(receipt),reject(receipt),true
appeal_cost,appeal_cost-n50_d19000-n50-d19000-r0,50,19000,unsupported_reason,enumerated_digest_log,false,0.000100,calibrated_estimate,"O(n)+T_backend, backend excluded",O(n) receipt/evidence metadata,2152,reject(reason),reject(reason),true
appeal_cost,appeal_cost-n50_d19000-n50-d19000-r1,50,19000,valid_rejection,enumerated_digest_log,true,0.472217,calibrated_estimate,"O(n)+T_backend, backend excluded",O(n) receipt/evidence metadata,1792,valid,valid,true
appeal_cost,appeal_cost-n50_d19000-n50-d19000-r1,50,19000,false_rejection,enumerated_digest_log,true,0.471753,calibrated_estimate,"O(n)+T_backend, backend excluded",O(n) receipt/evidence metadata,1792,serverFault(falseReject),serverFault(falseReject),true
appeal_cost,appeal_cost-n50_d19000-n50-d19000-r1,50,19000,omission_with_digest_log,enumerated_digest_log,false,0.000000,calibrated_estimate,"O(n), independent of l","O(n) non-inclusion witness, no record body",2152,serverFault(omission),serverFault(omission),true
appeal_cost,appeal_cost-n50_d19000-n50-d19000-r1,50,19000,invalid_receipt,enumerated_digest_log,false,0.000000,calibrated_estimate,"O(n)+T_backend, backend excluded",O(n) receipt/evidence metadata,2152,reject(receipt),reject(receipt),true
appeal_cost,appeal_cost-n50_d19000-n50-d19000-r1,50,19000,unsupported_reason,enumerated_digest_log,false,0.000100,calibrated_estimate,"O(n)+T_backend, backend excluded",O(n) receipt/evidence metadata,2152,reject(reason),reject(reason),true
appeal_cost,appeal_cost-n50_d19000-n50-d19000-r2,50,19000,valid_rejection,enumerated_digest_log,true,0.472217,calibrated_estimate,"O(n)+T_backend, backend excluded",O(n) receipt/evidence metadata,1792,valid,valid,true
appeal_cost,appeal_cost-n50_d19000-n50-d19000-r2,50,19000,false_rejection,enumerated_digest_log,true,0.471753,calibrated_estimate,"O(n)+T_backend, backend excluded",O(n) receipt/evidence metadata,1792,serverFault(falseReject),serverFault(falseReject),true
appeal_cost,appeal_cost-n50_d19000-n50-d19000-r2,50,19000,omission_with_digest_log,enumerated_digest_log,false,0.000100,calibrated_estimate,"O(n), independent of l","O(n) non-inclusion witness, no record body",2152,serverFault(omission),serverFault(omission),true
appeal_cost,appeal_cost-n50_d19000-n50-d19000-r2,50,19000,invalid_receipt,enumerated_digest_log,false,0.000000,calibrated_estimate,"O(n)+T_backend, backend excluded",O(n) receipt/evidence metadata,2152,reject(receipt),reject(receipt),true
appeal_cost,appeal_cost-n50_d19000-n50-d19000-r2,50,19000,unsupported_reason,enumerated_digest_log,false,0.000000,calibrated_estimate,"O(n)+T_backend, backend excluded",O(n) receipt/evidence metadata,2152,reject(reason),reject(reason),true
appeal_cost,appeal_cost-n50_d19000-n50-d19000-r3,50,19000,valid_rejection,enumerated_digest_log,true,0.472217,calibrated_estimate,"O(n)+T_backend, backend excluded",O(n) receipt/evidence metadata,1792,valid,valid,true
appeal_cost,appeal_cost-n50_d19000-n50-d19000-r3,50,19000,false_rejection,enumerated_digest_log,true,0.472217,calibrated_estimate,"O(n)+T_backend, backend excluded",O(n) receipt/evidence metadata,1792,serverFault(falseReject),serverFault(falseReject),true
appeal_cost,appeal_cost-n50_d19000-n50-d19000-r3,50,19000,omission_with_digest_log,enumerated_digest_log,false,0.000100,calibrated_estimate,"O(n), independent of l","O(n) non-inclusion witness, no record body",2152,serverFault(omission),serverFault(omission),true
appeal_cost,appeal_cost-n50_d19000-n50-d19000-r3,50,19000,invalid_receipt,enumerated_digest_log,false,0.000100,calibrated_estimate,"O(n)+T_backend, backend excluded",O(n) receipt/evidence metadata,2152,reject(receipt),reject(receipt),true
appeal_cost,appeal_cost-n50_d19000-n50-d19000-r3,50,19000,unsupported_reason,enumerated_digest_log,false,0.000100,calibrated_estimate,"O(n)+T_backend, backend excluded",O(n) receipt/evidence metadata,2152,reject(reason),reject(reason),true
appeal_cost,appeal_cost-n50_d19000-n50-d19000-r4,50,19000,valid_rejection,enumerated_digest_log,true,0.472681,calibrated_estimate,"O(n)+T_backend, backend excluded",O(n) receipt/evidence metadata,1792,valid,valid,true
appeal_cost,appeal_cost-n50_d19000-n50-d19000-r4,50,19000,false_rejection,enumerated_digest_log,true,0.472217,calibrated_estimate,"O(n)+T_backend, backend excluded",O(n) receipt/evidence metadata,1792,serverFault(falseReject),serverFault(falseReject),true
appeal_cost,appeal_cost-n50_d19000-n50-d19000-r4,50,19000,omission_with_digest_log,enumerated_digest_log,false,0.000000,calibrated_estimate,"O(n), independent of l","O(n) non-inclusion witness, no record body",2152,serverFault(omission),serverFault(omission),true
appeal_cost,appeal_cost-n50_d19000-n50-d19000-r4,50,19000,invalid_receipt,enumerated_digest_log,false,0.000100,calibrated_estimate,"O(n)+T_backend, backend excluded",O(n) receipt/evidence metadata,2152,reject(receipt),reject(receipt),true
appeal_cost,appeal_cost-n50_d19000-n50-d19000-r4,50,19000,unsupported_reason,enumerated_digest_log,false,0.000100,calibrated_estimate,"O(n)+T_backend, backend excluded",O(n) receipt/evidence metadata,2152,reject(reason),reject(reason),true
appeal_cost,appeal_cost-n50_d62000-n50-d62000-r0,50,62000,valid_rejection,enumerated_digest_log,true,1.540918,calibrated_estimate,"O(n)+T_backend, backend excluded",O(n) receipt/evidence metadata,1792,valid,valid,true
appeal_cost,appeal_cost-n50_d62000-n50-d62000-r0,50,62000,false_rejection,enumerated_digest_log,true,1.540918,calibrated_estimate,"O(n)+T_backend, backend excluded",O(n) receipt/evidence metadata,1792,serverFault(falseReject),serverFault(falseReject),true
appeal_cost,appeal_cost-n50_d62000-n50-d62000-r0,50,62000,omission_with_digest_log,enumerated_digest_log,false,0.000000,calibrated_estimate,"O(n), independent of l","O(n) non-inclusion witness, no record body",2152,serverFault(omission),serverFault(omission),true
appeal_cost,appeal_cost-n50_d62000-n50-d62000-r0,50,62000,invalid_receipt,enumerated_digest_log,false,0.000100,calibrated_estimate,"O(n)+T_backend, backend excluded",O(n) receipt/evidence metadata,2152,reject(receipt),reject(receipt),true
appeal_cost,appeal_cost-n50_d62000-n50-d62000-r0,50,62000,unsupported_reason,enumerated_digest_log,false,0.000100,calibrated_estimate,"O(n)+T_backend, backend excluded",O(n) receipt/evidence metadata,2152,reject(reason),reject(reason),true
appeal_cost,appeal_cost-n50_d62000-n50-d62000-r1,50,62000,valid_rejection,enumerated_digest_log,true,1.540918,calibrated_estimate,"O(n)+T_backend, backend excluded",O(n) receipt/evidence metadata,1792,valid,valid,true
appeal_cost,appeal_cost-n50_d62000-n50-d62000-r1,50,62000,false_rejection,enumerated_digest_log,true,1.540918,calibrated_estimate,"O(n)+T_backend, backend excluded",O(n) receipt/evidence metadata,1792,serverFault(falseReject),serverFault(falseReject),true
appeal_cost,appeal_cost-n50_d62000-n50-d62000-r1,50,62000,omission_with_digest_log,enumerated_digest_log,false,0.000100,calibrated_estimate,"O(n), independent of l","O(n) non-inclusion witness, no record body",2152,serverFault(omission),serverFault(omission),true
appeal_cost,appeal_cost-n50_d62000-n50-d62000-r1,50,62000,invalid_receipt,enumerated_digest_log,false,0.000000,calibrated_estimate,"O(n)+T_backend, backend excluded",O(n) receipt/evidence metadata,2152,reject(receipt),reject(receipt),true
appeal_cost,appeal_cost-n50_d62000-n50-d62000-r1,50,62000,unsupported_reason,enumerated_digest_log,false,0.000000,calibrated_estimate,"O(n)+T_backend, backend excluded",O(n) receipt/evidence metadata,2152,reject(reason),reject(reason),true
appeal_cost,appeal_cost-n50_d62000-n50-d62000-r2,50,62000,valid_rejection,enumerated_digest_log,true,1.539404,calibrated_estimate,"O(n)+T_backend, backend excluded",O(n) receipt/evidence metadata,1792,valid,valid,true
appeal_cost,appeal_cost-n50_d62000-n50-d62000-r2,50,62000,false_rejection,enumerated_digest_log,true,1.540918,calibrated_estimate,"O(n)+T_backend, backend excluded",O(n) receipt/evidence metadata,1792,serverFault(falseReject),serverFault(falseReject),true
appeal_cost,appeal_cost-n50_d62000-n50-d62000-r2,50,62000,omission_with_digest_log,enumerated_digest_log,false,0.000000,calibrated_estimate,"O(n), independent of l","O(n) non-inclusion witness, no record body",2152,serverFault(omission),serverFault(omission),true
appeal_cost,appeal_cost-n50_d62000-n50-d62000-r2,50,62000,invalid_receipt,enumerated_digest_log,false,0.000100,calibrated_estimate,"O(n)+T_backend, backend excluded",O(n) receipt/evidence metadata,2152,reject(receipt),reject(receipt),true
appeal_cost,appeal_cost-n50_d62000-n50-d62000-r2,50,62000,unsupported_reason,enumerated_digest_log,false,0.000100,calibrated_estimate,"O(n)+T_backend, backend excluded",O(n) receipt/evidence metadata,2152,reject(reason),reject(reason),true
appeal_cost,appeal_cost-n50_d62000-n50-d62000-r3,50,62000,valid_rejection,enumerated_digest_log,true,1.540918,calibrated_estimate,"O(n)+T_backend, backend excluded",O(n) receipt/evidence metadata,1792,valid,valid,true
appeal_cost,appeal_cost-n50_d62000-n50-d62000-r3,50,62000,false_rejection,enumerated_digest_log,true,1.539404,calibrated_estimate,"O(n)+T_backend, backend excluded",O(n) receipt/evidence metadata,1792,serverFault(falseReject),serverFault(falseReject),true
appeal_cost,appeal_cost-n50_d62000-n50-d62000-r3,50,62000,omission_with_digest_log,enumerated_digest_log,false,0.000000,calibrated_estimate,"O(n), independent of l","O(n) non-inclusion witness, no record body",2152,serverFault(omission),serverFault(omission),true
appeal_cost,appeal_cost-n50_d62000-n50-d62000-r3,50,62000,invalid_receipt,enumerated_digest_log,false,0.000100,calibrated_estimate,"O(n)+T_backend, backend excluded",O(n) receipt/evidence metadata,2152,reject(receipt),reject(receipt),true
appeal_cost,appeal_cost-n50_d62000-n50-d62000-r3,50,62000,unsupported_reason,enumerated_digest_log,false,0.000100,calibrated_estimate,"O(n)+T_backend, backend excluded",O(n) receipt/evidence metadata,2152,reject(reason),reject(reason),true
appeal_cost,appeal_cost-n50_d62000-n50-d62000-r4,50,62000,valid_rejection,enumerated_digest_log,true,1.540918,calibrated_estimate,"O(n)+T_backend, backend excluded",O(n) receipt/evidence metadata,1792,valid,valid,true
appeal_cost,appeal_cost-n50_d62000-n50-d62000-r4,50,62000,false_rejection,enumerated_digest_log,true,1.539404,calibrated_estimate,"O(n)+T_backend, backend excluded",O(n) receipt/evidence metadata,1792,serverFault(falseReject),serverFault(falseReject),true
appeal_cost,appeal_cost-n50_d62000-n50-d62000-r4,50,62000,omission_with_digest_log,enumerated_digest_log,false,0.000000,calibrated_estimate,"O(n), independent of l","O(n) non-inclusion witness, no record body",2152,serverFault(omission),serverFault(omission),true
appeal_cost,appeal_cost-n50_d62000-n50-d62000-r4,50,62000,invalid_receipt,enumerated_digest_log,false,0.000000,calibrated_estimate,"O(n)+T_backend, backend excluded",O(n) receipt/evidence metadata,2152,reject(receipt),reject(receipt),true
appeal_cost,appeal_cost-n50_d62000-n50-d62000-r4,50,62000,unsupported_reason,enumerated_digest_log,false,0.000100,calibrated_estimate,"O(n)+T_backend, backend excluded",O(n) receipt/evidence metadata,2152,reject(reason),reject(reason),true
appeal_cost,appeal_cost-n50_d273000-n50-d273000-r0,50,273000,valid_rejection,enumerated_digest_log,true,6.785010,calibrated_estimate,"O(n)+T_backend, backend excluded",O(n) receipt/evidence metadata,1792,valid,valid,true
appeal_cost,appeal_cost-n50_d273000-n50-d273000-r0,50,273000,false_rejection,enumerated_digest_log,true,6.785010,calibrated_estimate,"O(n)+T_backend, backend excluded",O(n) receipt/evidence metadata,1792,serverFault(falseReject),serverFault(falseReject),true
appeal_cost,appeal_cost-n50_d273000-n50-d273000-r0,50,273000,omission_with_digest_log,enumerated_digest_log,false,0.000100,calibrated_estimate,"O(n), independent of l","O(n) non-inclusion witness, no record body",2152,serverFault(omission),serverFault(omission),true
appeal_cost,appeal_cost-n50_d273000-n50-d273000-r0,50,273000,invalid_receipt,enumerated_digest_log,false,0.000100,calibrated_estimate,"O(n)+T_backend, backend excluded",O(n) receipt/evidence metadata,2152,reject(receipt),reject(receipt),true
appeal_cost,appeal_cost-n50_d273000-n50-d273000-r0,50,273000,unsupported_reason,enumerated_digest_log,false,0.000100,calibrated_estimate,"O(n)+T_backend, backend excluded",O(n) receipt/evidence metadata,2152,reject(reason),reject(reason),true
appeal_cost,appeal_cost-n50_d273000-n50-d273000-r1,50,273000,valid_rejection,enumerated_digest_log,true,6.785010,calibrated_estimate,"O(n)+T_backend, backend excluded",O(n) receipt/evidence metadata,1792,valid,valid,true
appeal_cost,appeal_cost-n50_d273000-n50-d273000-r1,50,273000,false_rejection,enumerated_digest_log,true,6.785010,calibrated_estimate,"O(n)+T_backend, backend excluded",O(n) receipt/evidence metadata,1792,serverFault(falseReject),serverFault(falseReject),true
appeal_cost,appeal_cost-n50_d273000-n50-d273000-r1,50,273000,omission_with_digest_log,enumerated_digest_log,false,0.000100,calibrated_estimate,"O(n), independent of l","O(n) non-inclusion witness, no record body",2152,serverFault(omission),serverFault(omission),true
appeal_cost,appeal_cost-n50_d273000-n50-d273000-r1,50,273000,invalid_receipt,enumerated_digest_log,false,0.000100,calibrated_estimate,"O(n)+T_backend, backend excluded",O(n) receipt/evidence metadata,2152,reject(receipt),reject(receipt),true
appeal_cost,appeal_cost-n50_d273000-n50-d273000-r1,50,273000,unsupported_reason,enumerated_digest_log,false,0.000100,calibrated_estimate,"O(n)+T_backend, backend excluded",O(n) receipt/evidence metadata,2152,reject(reason),reject(reason),true
appeal_cost,appeal_cost-n50_d273000-n50-d273000-r2,50,273000,valid_rejection,enumerated_digest_log,true,6.785010,calibrated_estimate,"O(n)+T_backend, backend excluded",O(n) receipt/evidence metadata,1792,valid,valid,true
appeal_cost,appeal_cost-n50_d273000-n50-d273000-r2,50,273000,false_rejection,enumerated_digest_log,true,6.778345,calibrated_estimate,"O(n)+T_backend, backend excluded",O(n) receipt/evidence metadata,1792,serverFault(falseReject),serverFault(falseReject),true
appeal_cost,appeal_cost-n50_d273000-n50-d273000-r2,50,273000,omission_with_digest_log,enumerated_digest_log,false,0.000100,calibrated_estimate,"O(n), independent of l","O(n) non-inclusion witness, no record body",2152,serverFault(omission),serverFault(omission),true
appeal_cost,appeal_cost-n50_d273000-n50-d273000-r2,50,273000,invalid_receipt,enumerated_digest_log,false,0.000100,calibrated_estimate,"O(n)+T_backend, backend excluded",O(n) receipt/evidence metadata,2152,reject(receipt),reject(receipt),true
appeal_cost,appeal_cost-n50_d273000-n50-d273000-r2,50,273000,unsupported_reason,enumerated_digest_log,false,0.000100,calibrated_estimate,"O(n)+T_backend, backend excluded",O(n) receipt/evidence metadata,2152,reject(reason),reject(reason),true
appeal_cost,appeal_cost-n50_d273000-n50-d273000-r3,50,273000,valid_rejection,enumerated_digest_log,true,6.778345,calibrated_estimate,"O(n)+T_backend, backend excluded",O(n) receipt/evidence metadata,1792,valid,valid,true
appeal_cost,appeal_cost-n50_d273000-n50-d273000-r3,50,273000,false_rejection,enumerated_digest_log,true,6.785010,calibrated_estimate,"O(n)+T_backend, backend excluded",O(n) receipt/evidence metadata,1792,serverFault(falseReject),serverFault(falseReject),true
appeal_cost,appeal_cost-n50_d273000-n50-d273000-r3,50,273000,omission_with_digest_log,enumerated_digest_log,false,0.000100,calibrated_estimate,"O(n), independent of l","O(n) non-inclusion witness, no record body",2152,serverFault(omission),serverFault(omission),true
appeal_cost,appeal_cost-n50_d273000-n50-d273000-r3,50,273000,invalid_receipt,enumerated_digest_log,false,0.000100,calibrated_estimate,"O(n)+T_backend, backend excluded",O(n) receipt/evidence metadata,2152,reject(receipt),reject(receipt),true
appeal_cost,appeal_cost-n50_d273000-n50-d273000-r3,50,273000,unsupported_reason,enumerated_digest_log,false,0.000100,calibrated_estimate,"O(n)+T_backend, backend excluded",O(n) receipt/evidence metadata,2152,reject(reason),reject(reason),true
appeal_cost,appeal_cost-n50_d273000-n50-d273000-r4,50,273000,valid_rejection,enumerated_digest_log,true,6.785010,calibrated_estimate,"O(n)+T_backend, backend excluded",O(n) receipt/evidence metadata,1792,valid,valid,true
appeal_cost,appeal_cost-n50_d273000-n50-d273000-r4,50,273000,false_rejection,enumerated_digest_log,true,6.785010,calibrated_estimate,"O(n)+T_backend, backend excluded",O(n) receipt/evidence metadata,1792,serverFault(falseReject),serverFault(falseReject),true
appeal_cost,appeal_cost-n50_d273000-n50-d273000-r4,50,273000,omission_with_digest_log,enumerated_digest_log,false,0.000100,calibrated_estimate,"O(n), independent of l","O(n) non-inclusion witness, no record body",2152,serverFault(omission),serverFault(omission),true
appeal_cost,appeal_cost-n50_d273000-n50-d273000-r4,50,273000,invalid_receipt,enumerated_digest_log,false,0.000100,calibrated_estimate,"O(n)+T_backend, backend excluded",O(n) receipt/evidence metadata,2152,reject(receipt),reject(receipt),true
appeal_cost,appeal_cost-n50_d273000-n50-d273000-r4,50,273000,unsupported_reason,enumerated_digest_log,false,0.000000,calibrated_estimate,"O(n)+T_backend, backend excluded",O(n) receipt/evidence metadata,2152,reject(reason),reject(reason),true
appeal_cost,appeal_cost-n50_d818000-n50-d818000-r0,50,818000,valid_rejection,enumerated_digest_log,true,20.310205,calibrated_estimate,"O(n)+T_backend, backend excluded",O(n) receipt/evidence metadata,1792,valid,valid,true
appeal_cost,appeal_cost-n50_d818000-n50-d818000-r0,50,818000,false_rejection,enumerated_digest_log,true,20.310205,calibrated_estimate,"O(n)+T_backend, backend excluded",O(n) receipt/evidence metadata,1792,serverFault(falseReject),serverFault(falseReject),true
appeal_cost,appeal_cost-n50_d818000-n50-d818000-r0,50,818000,omission_with_digest_log,enumerated_digest_log,false,0.000100,calibrated_estimate,"O(n), independent of l","O(n) non-inclusion witness, no record body",2152,serverFault(omission),serverFault(omission),true
appeal_cost,appeal_cost-n50_d818000-n50-d818000-r0,50,818000,invalid_receipt,enumerated_digest_log,false,0.000100,calibrated_estimate,"O(n)+T_backend, backend excluded",O(n) receipt/evidence metadata,2152,reject(receipt),reject(receipt),true
appeal_cost,appeal_cost-n50_d818000-n50-d818000-r0,50,818000,unsupported_reason,enumerated_digest_log,false,0.000100,calibrated_estimate,"O(n)+T_backend, backend excluded",O(n) receipt/evidence metadata,2152,reject(reason),reject(reason),true
appeal_cost,appeal_cost-n50_d818000-n50-d818000-r1,50,818000,valid_rejection,enumerated_digest_log,true,20.330176,calibrated_estimate,"O(n)+T_backend, backend excluded",O(n) receipt/evidence metadata,1792,valid,valid,true
appeal_cost,appeal_cost-n50_d818000-n50-d818000-r1,50,818000,false_rejection,enumerated_digest_log,true,20.330176,calibrated_estimate,"O(n)+T_backend, backend excluded",O(n) receipt/evidence metadata,1792,serverFault(falseReject),serverFault(falseReject),true
appeal_cost,appeal_cost-n50_d818000-n50-d818000-r1,50,818000,omission_with_digest_log,enumerated_digest_log,false,0.000000,calibrated_estimate,"O(n), independent of l","O(n) non-inclusion witness, no record body",2152,serverFault(omission),serverFault(omission),true
appeal_cost,appeal_cost-n50_d818000-n50-d818000-r1,50,818000,invalid_receipt,enumerated_digest_log,false,0.000100,calibrated_estimate,"O(n)+T_backend, backend excluded",O(n) receipt/evidence metadata,2152,reject(receipt),reject(receipt),true
appeal_cost,appeal_cost-n50_d818000-n50-d818000-r1,50,818000,unsupported_reason,enumerated_digest_log,false,0.000100,calibrated_estimate,"O(n)+T_backend, backend excluded",O(n) receipt/evidence metadata,2152,reject(reason),reject(reason),true
appeal_cost,appeal_cost-n50_d818000-n50-d818000-r2,50,818000,valid_rejection,enumerated_digest_log,true,20.310205,calibrated_estimate,"O(n)+T_backend, backend excluded",O(n) receipt/evidence metadata,1792,valid,valid,true
appeal_cost,appeal_cost-n50_d818000-n50-d818000-r2,50,818000,false_rejection,enumerated_digest_log,true,20.310205,calibrated_estimate,"O(n)+T_backend, backend excluded",O(n) receipt/evidence metadata,1792,serverFault(falseReject),serverFault(falseReject),true
appeal_cost,appeal_cost-n50_d818000-n50-d818000-r2,50,818000,omission_with_digest_log,enumerated_digest_log,false,0.000000,calibrated_estimate,"O(n), independent of l","O(n) non-inclusion witness, no record body",2152,serverFault(omission),serverFault(omission),true
appeal_cost,appeal_cost-n50_d818000-n50-d818000-r2,50,818000,invalid_receipt,enumerated_digest_log,false,0.000000,calibrated_estimate,"O(n)+T_backend, backend excluded",O(n) receipt/evidence metadata,2152,reject(receipt),reject(receipt),true
appeal_cost,appeal_cost-n50_d818000-n50-d818000-r2,50,818000,unsupported_reason,enumerated_digest_log,false,0.000100,calibrated_estimate,"O(n)+T_backend, backend excluded",O(n) receipt/evidence metadata,2152,reject(reason),reject(reason),true
appeal_cost,appeal_cost-n50_d818000-n50-d818000-r3,50,818000,valid_rejection,enumerated_digest_log,true,20.330176,calibrated_estimate,"O(n)+T_backend, backend excluded",O(n) receipt/evidence metadata,1792,valid,valid,true
appeal_cost,appeal_cost-n50_d818000-n50-d818000-r3,50,818000,false_rejection,enumerated_digest_log,true,20.330176,calibrated_estimate,"O(n)+T_backend, backend excluded",O(n) receipt/evidence metadata,1792,serverFault(falseReject),serverFault(falseReject),true
appeal_cost,appeal_cost-n50_d818000-n50-d818000-r3,50,818000,omission_with_digest_log,enumerated_digest_log,false,0.000100,calibrated_estimate,"O(n), independent of l","O(n) non-inclusion witness, no record body",2152,serverFault(omission),serverFault(omission),true
appeal_cost,appeal_cost-n50_d818000-n50-d818000-r3,50,818000,invalid_receipt,enumerated_digest_log,false,0.000000,calibrated_estimate,"O(n)+T_backend, backend excluded",O(n) receipt/evidence metadata,2152,reject(receipt),reject(receipt),true
appeal_cost,appeal_cost-n50_d818000-n50-d818000-r3,50,818000,unsupported_reason,enumerated_digest_log,false,0.000100,calibrated_estimate,"O(n)+T_backend, backend excluded",O(n) receipt/evidence metadata,2152,reject(reason),reject(reason),true
appeal_cost,appeal_cost-n50_d818000-n50-d818000-r4,50,818000,valid_rejection,enumerated_digest_log,true,20.330176,calibrated_estimate,"O(n)+T_backend, backend excluded",O(n) receipt/evidence metadata,1792,valid,valid,true
appeal_cost,appeal_cost-n50_d818000-n50-d818000-r4,50,818000,false_rejection,enumerated_digest_log,true,20.330176,calibrated_estimate,"O(n)+T_backend, backend excluded",O(n) receipt/evidence metadata,1792,serverFault(falseReject),serverFault(falseReject),true
appeal_cost,appeal_cost-n50_d818000-n50-d818000-r4,50,818000,omission_with_digest_log,enumerated_digest_log,false,0.000100,calibrated_estimate,"O(n), independent of l","O(n) non-inclusion witness, no record body",2152,serverFault(omission),serverFault(omission),true
appeal_cost,appeal_cost-n50_d818000-n50-d818000-r4,50,818000,invalid_receipt,enumerated_digest_log,false,0.000100,calibrated_estimate,"O(n)+T_backend, backend excluded",O(n) receipt/evidence metadata,2152,reject(receipt),reject(receipt),true
appeal_cost,appeal_cost-n50_d818000-n50-d818000-r4,50,818000,unsupported_reason,enumerated_digest_log,false,0.000100,calibrated_estimate,"O(n)+T_backend, backend excluded",O(n) receipt/evidence metadata,2152,reject(reason),reject(reason),true
appeal_cost,appeal_cost-n100_d19000-n100-d19000-r0,100,19000,valid_rejection,enumerated_digest_log,true,0.513965,calibrated_estimate,"O(n)+T_backend, backend excluded",O(n) receipt/evidence metadata,3392,valid,valid,true
appeal_cost,appeal_cost-n100_d19000-n100-d19000-r0,100,19000,false_rejection,enumerated_digest_log,true,0.472217,calibrated_estimate,"O(n)+T_backend, backend excluded",O(n) receipt/evidence metadata,3392,serverFault(falseReject),serverFault(falseReject),true
appeal_cost,appeal_cost-n100_d19000-n100-d19000-r0,100,19000,omission_with_digest_log,enumerated_digest_log,false,0.000100,calibrated_estimate,"O(n), independent of l","O(n) non-inclusion witness, no record body",4152,serverFault(omission),serverFault(omission),true
appeal_cost,appeal_cost-n100_d19000-n100-d19000-r0,100,19000,invalid_receipt,enumerated_digest_log,false,0.000100,calibrated_estimate,"O(n)+T_backend, backend excluded",O(n) receipt/evidence metadata,4152,reject(receipt),reject(receipt),true
appeal_cost,appeal_cost-n100_d19000-n100-d19000-r0,100,19000,unsupported_reason,enumerated_digest_log,false,0.000100,calibrated_estimate,"O(n)+T_backend, backend excluded",O(n) receipt/evidence metadata,4152,reject(reason),reject(reason),true
appeal_cost,appeal_cost-n100_d19000-n100-d19000-r1,100,19000,valid_rejection,enumerated_digest_log,true,0.471753,calibrated_estimate,"O(n)+T_backend, backend excluded",O(n) receipt/evidence metadata,3392,valid,valid,true
appeal_cost,appeal_cost-n100_d19000-n100-d19000-r1,100,19000,false_rejection,enumerated_digest_log,true,0.472217,calibrated_estimate,"O(n)+T_backend, backend excluded",O(n) receipt/evidence metadata,3392,serverFault(falseReject),serverFault(falseReject),true
appeal_cost,appeal_cost-n100_d19000-n100-d19000-r1,100,19000,omission_with_digest_log,enumerated_digest_log,false,0.000100,calibrated_estimate,"O(n), independent of l","O(n) non-inclusion witness, no record body",4152,serverFault(omission),serverFault(omission),true
appeal_cost,appeal_cost-n100_d19000-n100-d19000-r1,100,19000,invalid_receipt,enumerated_digest_log,false,0.000100,calibrated_estimate,"O(n)+T_backend, backend excluded",O(n) receipt/evidence metadata,4152,reject(receipt),reject(receipt),true
appeal_cost,appeal_cost-n100_d19000-n100-d19000-r1,100,19000,unsupported_reason,enumerated_digest_log,false,0.000100,calibrated_estimate,"O(n)+T_backend, backend excluded",O(n) receipt/evidence metadata,4152,reject(reason),reject(reason),true
appeal_cost,appeal_cost-n100_d19000-n100-d19000-r2,100,19000,valid_rejection,enumerated_digest_log,true,0.472217,calibrated_estimate,"O(n)+T_backend, backend excluded",O(n) receipt/evidence metadata,3392,valid,valid,true
appeal_cost,appeal_cost-n100_d19000-n100-d19000-r2,100,19000,false_rejection,enumerated_digest_log,true,0.472217,calibrated_estimate,"O(n)+T_backend, backend excluded",O(n) receipt/evidence metadata,3392,serverFault(falseReject),serverFault(falseReject),true
appeal_cost,appeal_cost-n100_d19000-n100-d19000-r2,100,19000,omission_with_digest_log,enumerated_digest_log,false,0.000100,calibrated_estimate,"O(n), independent of l","O(n) non-inclusion witness, no record body",4152,serverFault(omission),serverFault(omission),true
appeal_cost,appeal_cost-n100_d19000-n100-d19000-r2,100,19000,invalid_receipt,enumerated_digest_log,false,0.000100,calibrated_estimate,"O(n)+T_backend, backend excluded",O(n) receipt/evidence metadata,4152,reject(receipt),reject(receipt),true
appeal_cost,appeal_cost-n100_d19000-n100-d19000-r2,100,19000,unsupported_reason,enumerated_digest_log,false,0.000100,calibrated_estimate,"O(n)+T_backend, backend excluded",O(n) receipt/evidence metadata,4152,reject(reason),reject(reason),true
appeal_cost,appeal_cost-n100_d19000-n100-d19000-r3,100,19000,valid_rejection,enumerated_digest_log,true,0.472217,calibrated_estimate,"O(n)+T_backend, backend excluded",O(n) receipt/evidence metadata,3392,valid,valid,true
appeal_cost,appeal_cost-n100_d19000-n100-d19000-r3,100,19000,false_rejection,enumerated_digest_log,true,0.472217,calibrated_estimate,"O(n)+T_backend, backend excluded",O(n) receipt/evidence metadata,3392,serverFault(falseReject),serverFault(falseReject),true
appeal_cost,appeal_cost-n100_d19000-n100-d19000-r3,100,19000,omission_with_digest_log,enumerated_digest_log,false,0.000200,calibrated_estimate,"O(n), independent of l","O(n) non-inclusion witness, no record body",4152,serverFault(omission),serverFault(omission),true
appeal_cost,appeal_cost-n100_d19000-n100-d19000-r3,100,19000,invalid_receipt,enumerated_digest_log,false,0.000100,calibrated_estimate,"O(n)+T_backend, backend excluded",O(n) receipt/evidence metadata,4152,reject(receipt),reject(receipt),true
appeal_cost,appeal_cost-n100_d19000-n100-d19000-r3,100,19000,unsupported_reason,enumerated_digest_log,false,0.000100,calibrated_estimate,"O(n)+T_backend, backend excluded",O(n) receipt/evidence metadata,4152,reject(reason),reject(reason),true
appeal_cost,appeal_cost-n100_d19000-n100-d19000-r4,100,19000,valid_rejection,enumerated_digest_log,true,0.472217,calibrated_estimate,"O(n)+T_backend, backend excluded",O(n) receipt/evidence metadata,3392,valid,valid,true
appeal_cost,appeal_cost-n100_d19000-n100-d19000-r4,100,19000,false_rejection,enumerated_digest_log,true,0.472217,calibrated_estimate,"O(n)+T_backend, backend excluded",O(n) receipt/evidence metadata,3392,serverFault(falseReject),serverFault(falseReject),true
appeal_cost,appeal_cost-n100_d19000-n100-d19000-r4,100,19000,omission_with_digest_log,enumerated_digest_log,false,0.000100,calibrated_estimate,"O(n), independent of l","O(n) non-inclusion witness, no record body",4152,serverFault(omission),serverFault(omission),true
appeal_cost,appeal_cost-n100_d19000-n100-d19000-r4,100,19000,invalid_receipt,enumerated_digest_log,false,0.000100,calibrated_estimate,"O(n)+T_backend, backend excluded",O(n) receipt/evidence metadata,4152,reject(receipt),reject(receipt),true
appeal_cost,appeal_cost-n100_d19000-n100-d19000-r4,100,19000,unsupported_reason,enumerated_digest_log,false,0.000100,calibrated_estimate,"O(n)+T_backend, backend excluded",O(n) receipt/evidence metadata,4152,reject(reason),reject(reason),true
appeal_cost,appeal_cost-n100_d62000-n100-d62000-r0,100,62000,valid_rejection,enumerated_digest_log,true,1.540918,calibrated_estimate,"O(n)+T_backend, backend excluded",O(n) receipt/evidence metadata,3392,valid,valid,true
appeal_cost,appeal_cost-n100_d62000-n100-d62000-r0,100,62000,false_rejection,enumerated_digest_log,true,1.540918,calibrated_estimate,"O(n)+T_backend, backend excluded",O(n) receipt/evidence metadata,3392,serverFault(falseReject),serverFault(falseReject),true
appeal_cost,appeal_cost-n100_d62000-n100-d62000-r0,100,62000,omission_with_digest_log,enumerated_digest_log,false,0.000100,calibrated_estimate,"O(n), independent of l","O(n) non-inclusion witness, no record body",4152,serverFault(omission),serverFault(omission),true
appeal_cost,appeal_cost-n100_d62000-n100-d62000-r0,100,62000,invalid_receipt,enumerated_digest_log,false,0.000100,calibrated_estimate,"O(n)+T_backend, backend excluded",O(n) receipt/evidence metadata,4152,reject(receipt),reject(receipt),true
appeal_cost,appeal_cost-n100_d62000-n100-d62000-r0,100,62000,unsupported_reason,enumerated_digest_log,false,0.000100,calibrated_estimate,"O(n)+T_backend, backend excluded",O(n) receipt/evidence metadata,4152,reject(reason),reject(reason),true
appeal_cost,appeal_cost-n100_d62000-n100-d62000-r1,100,62000,valid_rejection,enumerated_digest_log,true,1.540918,calibrated_estimate,"O(n)+T_backend, backend excluded",O(n) receipt/evidence metadata,3392,valid,valid,true
appeal_cost,appeal_cost-n100_d62000-n100-d62000-r1,100,62000,false_rejection,enumerated_digest_log,true,1.540918,calibrated_estimate,"O(n)+T_backend, backend excluded",O(n) receipt/evidence metadata,3392,serverFault(falseReject),serverFault(falseReject),true
appeal_cost,appeal_cost-n100_d62000-n100-d62000-r1,100,62000,omission_with_digest_log,enumerated_digest_log,false,0.000100,calibrated_estimate,"O(n), independent of l","O(n) non-inclusion witness, no record body",4152,serverFault(omission),serverFault(omission),true
appeal_cost,appeal_cost-n100_d62000-n100-d62000-r1,100,62000,invalid_receipt,enumerated_digest_log,false,0.000200,calibrated_estimate,"O(n)+T_backend, backend excluded",O(n) receipt/evidence metadata,4152,reject(receipt),reject(receipt),true
appeal_cost,appeal_cost-n100_d62000-n100-d62000-r1,100,62000,unsupported_reason,enumerated_digest_log,false,0.000100,calibrated_estimate,"O(n)+T_backend, backend excluded",O(n) receipt/evidence metadata,4152,reject(reason),reject(reason),true
appeal_cost,appeal_cost-n100_d62000-n100-d62000-r2,100,62000,valid_rejection,enumerated_digest_log,true,1.540918,calibrated_estimate,"O(n)+T_backend, backend excluded",O(n) receipt/evidence metadata,3392,valid,valid,true
appeal_cost,appeal_cost-n100_d62000-n100-d62000-r2,100,62000,false_rejection,enumerated_digest_log,true,1.540918,calibrated_estimate,"O(n)+T_backend, backend excluded",O(n) receipt/evidence metadata,3392,serverFault(falseReject),serverFault(falseReject),true
appeal_cost,appeal_cost-n100_d62000-n100-d62000-r2,100,62000,omission_with_digest_log,enumerated_digest_log,false,0.000100,calibrated_estimate,"O(n), independent of l","O(n) non-inclusion witness, no record body",4152,serverFault(omission),serverFault(omission),true
appeal_cost,appeal_cost-n100_d62000-n100-d62000-r2,100,62000,invalid_receipt,enumerated_digest_log,false,0.000100,calibrated_estimate,"O(n)+T_backend, backend excluded",O(n) receipt/evidence metadata,4152,reject(receipt),reject(receipt),true
appeal_cost,appeal_cost-n100_d62000-n100-d62000-r2,100,62000,unsupported_reason,enumerated_digest_log,false,0.000100,calibrated_estimate,"O(n)+T_backend, backend excluded",O(n) receipt/evidence metadata,4152,reject(reason),reject(reason),true
appeal_cost,appeal_cost-n100_d62000-n100-d62000-r3,100,62000,valid_rejection,enumerated_digest_log,true,1.540918,calibrated_estimate,"O(n)+T_backend, backend excluded",O(n) receipt/evidence metadata,3392,valid,valid,true
appeal_cost,appeal_cost-n100_d62000-n100-d62000-r3,100,62000,false_rejection,enumerated_digest_log,true,1.540918,calibrated_estimate,"O(n)+T_backend, backend excluded",O(n) receipt/evidence metadata,3392,serverFault(falseReject),serverFault(falseReject),true
appeal_cost,appeal_cost-n100_d62000-n100-d62000-r3,100,62000,omission_with_digest_log,enumerated_digest_log,false,0.000200,calibrated_estimate,"O(n), independent of l","O(n) non-inclusion witness, no record body",4152,serverFault(omission),serverFault(omission),true
appeal_cost,appeal_cost-n100_d62000-n100-d62000-r3,100,62000,invalid_receipt,enumerated_digest_log,false,0.000100,calibrated_estimate,"O(n)+T_backend, backend excluded",O(n) receipt/evidence metadata,4152,reject(receipt),reject(receipt),true
appeal_cost,appeal_cost-n100_d62000-n100-d62000-r3,100,62000,unsupported_reason,enumerated_digest_log,false,0.000100,calibrated_estimate,"O(n)+T_backend, backend excluded",O(n) receipt/evidence metadata,4152,reject(reason),reject(reason),true
appeal_cost,appeal_cost-n100_d62000-n100-d62000-r4,100,62000,valid_rejection,enumerated_digest_log,true,1.540918,calibrated_estimate,"O(n)+T_backend, backend excluded",O(n) receipt/evidence metadata,3392,valid,valid,true
appeal_cost,appeal_cost-n100_d62000-n100-d62000-r4,100,62000,false_rejection,enumerated_digest_log,true,1.540918,calibrated_estimate,"O(n)+T_backend, backend excluded",O(n) receipt/evidence metadata,3392,serverFault(falseReject),serverFault(falseReject),true
appeal_cost,appeal_cost-n100_d62000-n100-d62000-r4,100,62000,omission_with_digest_log,enumerated_digest_log,false,0.000100,calibrated_estimate,"O(n), independent of l","O(n) non-inclusion witness, no record body",4152,serverFault(omission),serverFault(omission),true
appeal_cost,appeal_cost-n100_d62000-n100-d62000-r4,100,62000,invalid_receipt,enumerated_digest_log,false,0.000100,calibrated_estimate,"O(n)+T_backend, backend excluded",O(n) receipt/evidence metadata,4152,reject(receipt),reject(receipt),true
appeal_cost,appeal_cost-n100_d62000-n100-d62000-r4,100,62000,unsupported_reason,enumerated_digest_log,false,0.000100,calibrated_estimate,"O(n)+T_backend, backend excluded",O(n) receipt/evidence metadata,4152,reject(reason),reject(reason),true
appeal_cost,appeal_cost-n100_d273000-n100-d273000-r0,100,273000,valid_rejection,enumerated_digest_log,true,6.785010,calibrated_estimate,"O(n)+T_backend, backend excluded",O(n) receipt/evidence metadata,3392,valid,valid,true
appeal_cost,appeal_cost-n100_d273000-n100-d273000-r0,100,273000,false_rejection,enumerated_digest_log,true,6.785010,calibrated_estimate,"O(n)+T_backend, backend excluded",O(n) receipt/evidence metadata,3392,serverFault(falseReject),serverFault(falseReject),true
appeal_cost,appeal_cost-n100_d273000-n100-d273000-r0,100,273000,omission_with_digest_log,enumerated_digest_log,false,0.000100,calibrated_estimate,"O(n), independent of l","O(n) non-inclusion witness, no record body",4152,serverFault(omission),serverFault(omission),true
appeal_cost,appeal_cost-n100_d273000-n100-d273000-r0,100,273000,invalid_receipt,enumerated_digest_log,false,0.000100,calibrated_estimate,"O(n)+T_backend, backend excluded",O(n) receipt/evidence metadata,4152,reject(receipt),reject(receipt),true
appeal_cost,appeal_cost-n100_d273000-n100-d273000-r0,100,273000,unsupported_reason,enumerated_digest_log,false,0.000100,calibrated_estimate,"O(n)+T_backend, backend excluded",O(n) receipt/evidence metadata,4152,reject(reason),reject(reason),true
appeal_cost,appeal_cost-n100_d273000-n100-d273000-r1,100,273000,valid_rejection,enumerated_digest_log,true,6.785010,calibrated_estimate,"O(n)+T_backend, backend excluded",O(n) receipt/evidence metadata,3392,valid,valid,true
appeal_cost,appeal_cost-n100_d273000-n100-d273000-r1,100,273000,false_rejection,enumerated_digest_log,true,6.778345,calibrated_estimate,"O(n)+T_backend, backend excluded",O(n) receipt/evidence metadata,3392,serverFault(falseReject),serverFault(falseReject),true
appeal_cost,appeal_cost-n100_d273000-n100-d273000-r1,100,273000,omission_with_digest_log,enumerated_digest_log,false,0.000100,calibrated_estimate,"O(n), independent of l","O(n) non-inclusion witness, no record body",4152,serverFault(omission),serverFault(omission),true
appeal_cost,appeal_cost-n100_d273000-n100-d273000-r1,100,273000,invalid_receipt,enumerated_digest_log,false,0.000100,calibrated_estimate,"O(n)+T_backend, backend excluded",O(n) receipt/evidence metadata,4152,reject(receipt),reject(receipt),true
appeal_cost,appeal_cost-n100_d273000-n100-d273000-r1,100,273000,unsupported_reason,enumerated_digest_log,false,0.000100,calibrated_estimate,"O(n)+T_backend, backend excluded",O(n) receipt/evidence metadata,4152,reject(reason),reject(reason),true
appeal_cost,appeal_cost-n100_d273000-n100-d273000-r2,100,273000,valid_rejection,enumerated_digest_log,true,6.785010,calibrated_estimate,"O(n)+T_backend, backend excluded",O(n) receipt/evidence metadata,3392,valid,valid,true
appeal_cost,appeal_cost-n100_d273000-n100-d273000-r2,100,273000,false_rejection,enumerated_digest_log,true,6.785010,calibrated_estimate,"O(n)+T_backend, backend excluded",O(n) receipt/evidence metadata,3392,serverFault(falseReject),serverFault(falseReject),true
appeal_cost,appeal_cost-n100_d273000-n100-d273000-r2,100,273000,omission_with_digest_log,enumerated_digest_log,false,0.000100,calibrated_estimate,"O(n), independent of l","O(n) non-inclusion witness, no record body",4152,serverFault(omission),serverFault(omission),true
appeal_cost,appeal_cost-n100_d273000-n100-d273000-r2,100,273000,invalid_receipt,enumerated_digest_log,false,0.000200,calibrated_estimate,"O(n)+T_backend, backend excluded",O(n) receipt/evidence metadata,4152,reject(receipt),reject(receipt),true
appeal_cost,appeal_cost-n100_d273000-n100-d273000-r2,100,273000,unsupported_reason,enumerated_digest_log,false,0.000100,calibrated_estimate,"O(n)+T_backend, backend excluded",O(n) receipt/evidence metadata,4152,reject(reason),reject(reason),true
appeal_cost,appeal_cost-n100_d273000-n100-d273000-r3,100,273000,valid_rejection,enumerated_digest_log,true,6.785010,calibrated_estimate,"O(n)+T_backend, backend excluded",O(n) receipt/evidence metadata,3392,valid,valid,true
appeal_cost,appeal_cost-n100_d273000-n100-d273000-r3,100,273000,false_rejection,enumerated_digest_log,true,6.785010,calibrated_estimate,"O(n)+T_backend, backend excluded",O(n) receipt/evidence metadata,3392,serverFault(falseReject),serverFault(falseReject),true
appeal_cost,appeal_cost-n100_d273000-n100-d273000-r3,100,273000,omission_with_digest_log,enumerated_digest_log,false,0.000200,calibrated_estimate,"O(n), independent of l","O(n) non-inclusion witness, no record body",4152,serverFault(omission),serverFault(omission),true
appeal_cost,appeal_cost-n100_d273000-n100-d273000-r3,100,273000,invalid_receipt,enumerated_digest_log,false,0.000100,calibrated_estimate,"O(n)+T_backend, backend excluded",O(n) receipt/evidence metadata,4152,reject(receipt),reject(receipt),true
appeal_cost,appeal_cost-n100_d273000-n100-d273000-r3,100,273000,unsupported_reason,enumerated_digest_log,false,0.000100,calibrated_estimate,"O(n)+T_backend, backend excluded",O(n) receipt/evidence metadata,4152,reject(reason),reject(reason),true
appeal_cost,appeal_cost-n100_d273000-n100-d273000-r4,100,273000,valid_rejection,enumerated_digest_log,true,6.778345,calibrated_estimate,"O(n)+T_backend, backend excluded",O(n) receipt/evidence metadata,3392,valid,valid,true
appeal_cost,appeal_cost-n100_d273000-n100-d273000-r4,100,273000,false_rejection,enumerated_digest_log,true,6.785010,calibrated_estimate,"O(n)+T_backend, backend excluded",O(n) receipt/evidence metadata,3392,serverFault(falseReject),serverFault(falseReject),true
appeal_cost,appeal_cost-n100_d273000-n100-d273000-r4,100,273000,omission_with_digest_log,enumerated_digest_log,false,0.000100,calibrated_estimate,"O(n), independent of l","O(n) non-inclusion witness, no record body",4152,serverFault(omission),serverFault(omission),true
appeal_cost,appeal_cost-n100_d273000-n100-d273000-r4,100,273000,invalid_receipt,enumerated_digest_log,false,0.000100,calibrated_estimate,"O(n)+T_backend, backend excluded",O(n) receipt/evidence metadata,4152,reject(receipt),reject(receipt),true
appeal_cost,appeal_cost-n100_d273000-n100-d273000-r4,100,273000,unsupported_reason,enumerated_digest_log,false,0.000100,calibrated_estimate,"O(n)+T_backend, backend excluded",O(n) receipt/evidence metadata,4152,reject(reason),reject(reason),true
appeal_cost,appeal_cost-n100_d818000-n100-d818000-r0,100,818000,valid_rejection,enumerated_digest_log,true,20.330176,calibrated_estimate,"O(n)+T_backend, backend excluded",O(n) receipt/evidence metadata,3392,valid,valid,true
appeal_cost,appeal_cost-n100_d818000-n100-d818000-r0,100,818000,false_rejection,enumerated_digest_log,true,20.330176,calibrated_estimate,"O(n)+T_backend, backend excluded",O(n) receipt/evidence metadata,3392,serverFault(falseReject),serverFault(falseReject),true
appeal_cost,appeal_cost-n100_d818000-n100-d818000-r0,100,818000,omission_with_digest_log,enumerated_digest_log,false,0.000100,calibrated_estimate,"O(n), independent of l","O(n) non-inclusion witness, no record body",4152,serverFault(omission),serverFault(omission),true
appeal_cost,appeal_cost-n100_d818000-n100-d818000-r0,100,818000,invalid_receipt,enumerated_digest_log,false,0.000100,calibrated_estimate,"O(n)+T_backend, backend excluded",O(n) receipt/evidence metadata,4152,reject(receipt),reject(receipt),true
appeal_cost,appeal_cost-n100_d818000-n100-d818000-r0,100,818000,unsupported_reason,enumerated_digest_log,false,0.000100,calibrated_estimate,"O(n)+T_backend, backend excluded",O(n) receipt/evidence metadata,4152,reject(reason),reject(reason),true
appeal_cost,appeal_cost-n100_d818000-n100-d818000-r1,100,818000,valid_rejection,enumerated_digest_log,true,20.330176,calibrated_estimate,"O(n)+T_backend, backend excluded",O(n) receipt/evidence metadata,3392,valid,valid,true
appeal_cost,appeal_cost-n100_d818000-n100-d818000-r1,100,818000,false_rejection,enumerated_digest_log,true,20.330176,calibrated_estimate,"O(n)+T_backend, backend excluded",O(n) receipt/evidence metadata,3392,serverFault(falseReject),serverFault(falseReject),true
appeal_cost,appeal_cost-n100_d818000-n100-d818000-r1,100,818000,omission_with_digest_log,enumerated_digest_log,false,0.000200,calibrated_estimate,"O(n), independent of l","O(n) non-inclusion witness, no record body",4152,serverFault(omission),serverFault(omission),true
appeal_cost,appeal_cost-n100_d818000-n100-d818000-r1,100,818000,invalid_receipt,enumerated_digest_log,false,0.000100,calibrated_estimate,"O(n)+T_backend, backend excluded",O(n) receipt/evidence metadata,4152,reject(receipt),reject(receipt),true
appeal_cost,appeal_cost-n100_d818000-n100-d818000-r1,100,818000,unsupported_reason,enumerated_digest_log,false,0.000100,calibrated_estimate,"O(n)+T_backend, backend excluded",O(n) receipt/evidence metadata,4152,reject(reason),reject(reason),true
appeal_cost,appeal_cost-n100_d818000-n100-d818000-r2,100,818000,valid_rejection,enumerated_digest_log,true,20.330176,calibrated_estimate,"O(n)+T_backend, backend excluded",O(n) receipt/evidence metadata,3392,valid,valid,true
appeal_cost,appeal_cost-n100_d818000-n100-d818000-r2,100,818000,false_rejection,enumerated_digest_log,true,20.330176,calibrated_estimate,"O(n)+T_backend, backend excluded",O(n) receipt/evidence metadata,3392,serverFault(falseReject),serverFault(falseReject),true
appeal_cost,appeal_cost-n100_d818000-n100-d818000-r2,100,818000,omission_with_digest_log,enumerated_digest_log,false,0.000100,calibrated_estimate,"O(n), independent of l","O(n) non-inclusion witness, no record body",4152,serverFault(omission),serverFault(omission),true
appeal_cost,appeal_cost-n100_d818000-n100-d818000-r2,100,818000,invalid_receipt,enumerated_digest_log,false,0.000100,calibrated_estimate,"O(n)+T_backend, backend excluded",O(n) receipt/evidence metadata,4152,reject(receipt),reject(receipt),true
appeal_cost,appeal_cost-n100_d818000-n100-d818000-r2,100,818000,unsupported_reason,enumerated_digest_log,false,0.000100,calibrated_estimate,"O(n)+T_backend, backend excluded",O(n) receipt/evidence metadata,4152,reject(reason),reject(reason),true
appeal_cost,appeal_cost-n100_d818000-n100-d818000-r3,100,818000,valid_rejection,enumerated_digest_log,true,20.330176,calibrated_estimate,"O(n)+T_backend, backend excluded",O(n) receipt/evidence metadata,3392,valid,valid,true
appeal_cost,appeal_cost-n100_d818000-n100-d818000-r3,100,818000,false_rejection,enumerated_digest_log,true,20.330176,calibrated_estimate,"O(n)+T_backend, backend excluded",O(n) receipt/evidence metadata,3392,serverFault(falseReject),serverFault(falseReject),true
appeal_cost,appeal_cost-n100_d818000-n100-d818000-r3,100,818000,omission_with_digest_log,enumerated_digest_log,false,0.000100,calibrated_estimate,"O(n), independent of l","O(n) non-inclusion witness, no record body",4152,serverFault(omission),serverFault(omission),true
appeal_cost,appeal_cost-n100_d818000-n100-d818000-r3,100,818000,invalid_receipt,enumerated_digest_log,false,0.000200,calibrated_estimate,"O(n)+T_backend, backend excluded",O(n) receipt/evidence metadata,4152,reject(receipt),reject(receipt),true
appeal_cost,appeal_cost-n100_d818000-n100-d818000-r3,100,818000,unsupported_reason,enumerated_digest_log,false,0.000100,calibrated_estimate,"O(n)+T_backend, backend excluded",O(n) receipt/evidence metadata,4152,reject(reason),reject(reason),true
appeal_cost,appeal_cost-n100_d818000-n100-d818000-r4,100,818000,valid_rejection,enumerated_digest_log,true,20.310205,calibrated_estimate,"O(n)+T_backend, backend excluded",O(n) receipt/evidence metadata,3392,valid,valid,true
appeal_cost,appeal_cost-n100_d818000-n100-d818000-r4,100,818000,false_rejection,enumerated_digest_log,true,20.330176,calibrated_estimate,"O(n)+T_backend, backend excluded",O(n) receipt/evidence metadata,3392,serverFault(falseReject),serverFault(falseReject),true
appeal_cost,appeal_cost-n100_d818000-n100-d818000-r4,100,818000,omission_with_digest_log,enumerated_digest_log,false,0.000100,calibrated_estimate,"O(n), independent of l","O(n) non-inclusion witness, no record body",4152,serverFault(omission),serverFault(omission),true
appeal_cost,appeal_cost-n100_d818000-n100-d818000-r4,100,818000,invalid_receipt,enumerated_digest_log,false,0.000100,calibrated_estimate,"O(n)+T_backend, backend excluded",O(n) receipt/evidence metadata,4152,reject(receipt),reject(receipt),true
appeal_cost,appeal_cost-n100_d818000-n100-d818000-r4,100,818000,unsupported_reason,enumerated_digest_log,false,0.000200,calibrated_estimate,"O(n)+T_backend, backend excluded",O(n) receipt/evidence metadata,4152,reject(reason),reject(reason),true
appeal_cost,appeal_cost-n200_d19000-n200-d19000-r0,200,19000,valid_rejection,enumerated_digest_log,true,0.472217,calibrated_estimate,"O(n)+T_backend, backend excluded",O(n) receipt/evidence metadata,6592,valid,valid,true
appeal_cost,appeal_cost-n200_d19000-n200-d19000-r0,200,19000,false_rejection,enumerated_digest_log,true,0.472217,calibrated_estimate,"O(n)+T_backend, backend excluded",O(n) receipt/evidence metadata,6592,serverFault(falseReject),serverFault(falseReject),true
appeal_cost,appeal_cost-n200_d19000-n200-d19000-r0,200,19000,omission_with_digest_log,enumerated_digest_log,false,0.000200,calibrated_estimate,"O(n), independent of l","O(n) non-inclusion witness, no record body",8152,serverFault(omission),serverFault(omission),true
appeal_cost,appeal_cost-n200_d19000-n200-d19000-r0,200,19000,invalid_receipt,enumerated_digest_log,false,0.000200,calibrated_estimate,"O(n)+T_backend, backend excluded",O(n) receipt/evidence metadata,8152,reject(receipt),reject(receipt),true
appeal_cost,appeal_cost-n200_d19000-n200-d19000-r0,200,19000,unsupported_reason,enumerated_digest_log,false,0.000200,calibrated_estimate,"O(n)+T_backend, backend excluded",O(n) receipt/evidence metadata,8152,reject(reason),reject(reason),true
appeal_cost,appeal_cost-n200_d19000-n200-d19000-r1,200,19000,valid_rejection,enumerated_digest_log,true,0.472217,calibrated_estimate,"O(n)+T_backend, backend excluded",O(n) receipt/evidence metadata,6592,valid,valid,true
appeal_cost,appeal_cost-n200_d19000-n200-d19000-r1,200,19000,false_rejection,enumerated_digest_log,true,0.472217,calibrated_estimate,"O(n)+T_backend, backend excluded",O(n) receipt/evidence metadata,6592,serverFault(falseReject),serverFault(falseReject),true
appeal_cost,appeal_cost-n200_d19000-n200-d19000-r1,200,19000,omission_with_digest_log,enumerated_digest_log,false,0.000200,calibrated_estimate,"O(n), independent of l","O(n) non-inclusion witness, no record body",8152,serverFault(omission),serverFault(omission),true
appeal_cost,appeal_cost-n200_d19000-n200-d19000-r1,200,19000,invalid_receipt,enumerated_digest_log,false,0.000200,calibrated_estimate,"O(n)+T_backend, backend excluded",O(n) receipt/evidence metadata,8152,reject(receipt),reject(receipt),true
appeal_cost,appeal_cost-n200_d19000-n200-d19000-r1,200,19000,unsupported_reason,enumerated_digest_log,false,0.000200,calibrated_estimate,"O(n)+T_backend, backend excluded",O(n) receipt/evidence metadata,8152,reject(reason),reject(reason),true
appeal_cost,appeal_cost-n200_d19000-n200-d19000-r2,200,19000,valid_rejection,enumerated_digest_log,true,0.472217,calibrated_estimate,"O(n)+T_backend, backend excluded",O(n) receipt/evidence metadata,6592,valid,valid,true
appeal_cost,appeal_cost-n200_d19000-n200-d19000-r2,200,19000,false_rejection,enumerated_digest_log,true,0.471753,calibrated_estimate,"O(n)+T_backend, backend excluded",O(n) receipt/evidence metadata,6592,serverFault(falseReject),serverFault(falseReject),true
appeal_cost,appeal_cost-n200_d19000-n200-d19000-r2,200,19000,omission_with_digest_log,enumerated_digest_log,false,0.000200,calibrated_estimate,"O(n), independent of l","O(n) non-inclusion witness, no record body",8152,serverFault(omission),serverFault(omission),true
appeal_cost,appeal_cost-n200_d19000-n200-d19000-r2,200,19000,invalid_receipt,enumerated_digest_log,false,0.000200,calibrated_estimate,"O(n)+T_backend, backend excluded",O(n) receipt/evidence metadata,8152,reject(receipt),reject(receipt),true
appeal_cost,appeal_cost-n200_d19000-n200-d19000-r2,200,19000,unsupported_reason,enumerated_digest_log,false,0.000200,calibrated_estimate,"O(n)+T_backend, backend excluded",O(n) receipt/evidence metadata,8152,reject(reason),reject(reason),true
appeal_cost,appeal_cost-n200_d19000-n200-d19000-r3,200,19000,valid_rejection,enumerated_digest_log,true,0.472681,calibrated_estimate,"O(n)+T_backend, backend excluded",O(n) receipt/evidence metadata,6592,valid,valid,true
appeal_cost,appeal_cost-n200_d19000-n200-d19000-r3,200,19000,false_rejection,enumerated_digest_log,true,0.480103,calibrated_estimate,"O(n)+T_backend, backend excluded",O(n) receipt/evidence metadata,6592,serverFault(falseReject),serverFault(falseReject),true
appeal_cost,appeal_cost-n200_d19000-n200-d19000-r3,200,19000,omission_with_digest_log,enumerated_digest_log,false,0.000200,calibrated_estimate,"O(n), independent of l","O(n) non-inclusion witness, no record body",8152,serverFault(omission),serverFault(omission),true
appeal_cost,appeal_cost-n200_d19000-n200-d19000-r3,200,19000,invalid_receipt,enumerated_digest_log,false,0.000200,calibrated_estimate,"O(n)+T_backend, backend excluded",O(n) receipt/evidence metadata,8152,reject(receipt),reject(receipt),true
appeal_cost,appeal_cost-n200_d19000-n200-d19000-r3,200,19000,unsupported_reason,enumerated_digest_log,false,0.000200,calibrated_estimate,"O(n)+T_backend, backend excluded",O(n) receipt/evidence metadata,8152,reject(reason),reject(reason),true
appeal_cost,appeal_cost-n200_d19000-n200-d19000-r4,200,19000,valid_rejection,enumerated_digest_log,true,0.558032,calibrated_estimate,"O(n)+T_backend, backend excluded",O(n) receipt/evidence metadata,6592,valid,valid,true
appeal_cost,appeal_cost-n200_d19000-n200-d19000-r4,200,19000,false_rejection,enumerated_digest_log,true,0.471753,calibrated_estimate,"O(n)+T_backend, backend excluded",O(n) receipt/evidence metadata,6592,serverFault(falseReject),serverFault(falseReject),true
appeal_cost,appeal_cost-n200_d19000-n200-d19000-r4,200,19000,omission_with_digest_log,enumerated_digest_log,false,0.000200,calibrated_estimate,"O(n), independent of l","O(n) non-inclusion witness, no record body",8152,serverFault(omission),serverFault(omission),true
appeal_cost,appeal_cost-n200_d19000-n200-d19000-r4,200,19000,invalid_receipt,enumerated_digest_log,false,0.000200,calibrated_estimate,"O(n)+T_backend, backend excluded",O(n) receipt/evidence metadata,8152,reject(receipt),reject(receipt),true
appeal_cost,appeal_cost-n200_d19000-n200-d19000-r4,200,19000,unsupported_reason,enumerated_digest_log,false,0.000200,calibrated_estimate,"O(n)+T_backend, backend excluded",O(n) receipt/evidence metadata,8152,reject(reason),reject(reason),true
appeal_cost,appeal_cost-n200_d62000-n200-d62000-r0,200,62000,valid_rejection,enumerated_digest_log,true,1.540918,calibrated_estimate,"O(n)+T_backend, backend excluded",O(n) receipt/evidence metadata,6592,valid,valid,true
appeal_cost,appeal_cost-n200_d62000-n200-d62000-r0,200,62000,false_rejection,enumerated_digest_log,true,1.540918,calibrated_estimate,"O(n)+T_backend, backend excluded",O(n) receipt/evidence metadata,6592,serverFault(falseReject),serverFault(falseReject),true
appeal_cost,appeal_cost-n200_d62000-n200-d62000-r0,200,62000,omission_with_digest_log,enumerated_digest_log,false,0.000200,calibrated_estimate,"O(n), independent of l","O(n) non-inclusion witness, no record body",8152,serverFault(omission),serverFault(omission),true
appeal_cost,appeal_cost-n200_d62000-n200-d62000-r0,200,62000,invalid_receipt,enumerated_digest_log,false,0.000200,calibrated_estimate,"O(n)+T_backend, backend excluded",O(n) receipt/evidence metadata,8152,reject(receipt),reject(receipt),true
appeal_cost,appeal_cost-n200_d62000-n200-d62000-r0,200,62000,unsupported_reason,enumerated_digest_log,false,0.000200,calibrated_estimate,"O(n)+T_backend, backend excluded",O(n) receipt/evidence metadata,8152,reject(reason),reject(reason),true
appeal_cost,appeal_cost-n200_d62000-n200-d62000-r1,200,62000,valid_rejection,enumerated_digest_log,true,1.540918,calibrated_estimate,"O(n)+T_backend, backend excluded",O(n) receipt/evidence metadata,6592,valid,valid,true
appeal_cost,appeal_cost-n200_d62000-n200-d62000-r1,200,62000,false_rejection,enumerated_digest_log,true,1.540918,calibrated_estimate,"O(n)+T_backend, backend excluded",O(n) receipt/evidence metadata,6592,serverFault(falseReject),serverFault(falseReject),true
appeal_cost,appeal_cost-n200_d62000-n200-d62000-r1,200,62000,omission_with_digest_log,enumerated_digest_log,false,0.000200,calibrated_estimate,"O(n), independent of l","O(n) non-inclusion witness, no record body",8152,serverFault(omission),serverFault(omission),true
appeal_cost,appeal_cost-n200_d62000-n200-d62000-r1,200,62000,invalid_receipt,enumerated_digest_log,false,0.000200,calibrated_estimate,"O(n)+T_backend, backend excluded",O(n) receipt/evidence metadata,8152,reject(receipt),reject(receipt),true
appeal_cost,appeal_cost-n200_d62000-n200-d62000-r1,200,62000,unsupported_reason,enumerated_digest_log,false,0.000200,calibrated_estimate,"O(n)+T_backend, backend excluded",O(n) receipt/evidence metadata,8152,reject(reason),reject(reason),true
appeal_cost,appeal_cost-n200_d62000-n200-d62000-r2,200,62000,valid_rejection,enumerated_digest_log,true,1.540918,calibrated_estimate,"O(n)+T_backend, backend excluded",O(n) receipt/evidence metadata,6592,valid,valid,true
appeal_cost,appeal_cost-n200_d62000-n200-d62000-r2,200,62000,false_rejection,enumerated_digest_log,true,1.540918,calibrated_estimate,"O(n)+T_backend, backend excluded",O(n) receipt/evidence metadata,6592,serverFault(falseReject),serverFault(falseReject),true
appeal_cost,appeal_cost-n200_d62000-n200-d62000-r2,200,62000,omission_with_digest_log,enumerated_digest_log,false,0.000100,calibrated_estimate,"O(n), independent of l","O(n) non-inclusion witness, no record body",8152,serverFault(omission),serverFault(omission),true
appeal_cost,appeal_cost-n200_d62000-n200-d62000-r2,200,62000,invalid_receipt,enumerated_digest_log,false,0.000200,calibrated_estimate,"O(n)+T_backend, backend excluded",O(n) receipt/evidence metadata,8152,reject(receipt),reject(receipt),true
appeal_cost,appeal_cost-n200_d62000-n200-d62000-r2,200,62000,unsupported_reason,enumerated_digest_log,false,0.000200,calibrated_estimate,"O(n)+T_backend, backend excluded",O(n) receipt/evidence metadata,8152,reject(reason),reject(reason),true
appeal_cost,appeal_cost-n200_d62000-n200-d62000-r3,200,62000,valid_rejection,enumerated_digest_log,true,1.543945,calibrated_estimate,"O(n)+T_backend, backend excluded",O(n) receipt/evidence metadata,6592,valid,valid,true
appeal_cost,appeal_cost-n200_d62000-n200-d62000-r3,200,62000,false_rejection,enumerated_digest_log,true,1.553027,calibrated_estimate,"O(n)+T_backend, backend excluded",O(n) receipt/evidence metadata,6592,serverFault(falseReject),serverFault(falseReject),true
appeal_cost,appeal_cost-n200_d62000-n200-d62000-r3,200,62000,omission_with_digest_log,enumerated_digest_log,false,0.000200,calibrated_estimate,"O(n), independent of l","O(n) non-inclusion witness, no record body",8152,serverFault(omission),serverFault(omission),true
appeal_cost,appeal_cost-n200_d62000-n200-d62000-r3,200,62000,invalid_receipt,enumerated_digest_log,false,0.000200,calibrated_estimate,"O(n)+T_backend, backend excluded",O(n) receipt/evidence metadata,8152,reject(receipt),reject(receipt),true
appeal_cost,appeal_cost-n200_d62000-n200-d62000-r3,200,62000,unsupported_reason,enumerated_digest_log,false,0.000200,calibrated_estimate,"O(n)+T_backend, backend excluded",O(n) receipt/evidence metadata,8152,reject(reason),reject(reason),true
appeal_cost,appeal_cost-n200_d62000-n200-d62000-r4,200,62000,valid_rejection,enumerated_digest_log,true,1.539404,calibrated_estimate,"O(n)+T_backend, backend excluded",O(n) receipt/evidence metadata,6592,valid,valid,true
appeal_cost,appeal_cost-n200_d62000-n200-d62000-r4,200,62000,false_rejection,enumerated_digest_log,true,1.540918,calibrated_estimate,"O(n)+T_backend, backend excluded",O(n) receipt/evidence metadata,6592,serverFault(falseReject),serverFault(falseReject),true
appeal_cost,appeal_cost-n200_d62000-n200-d62000-r4,200,62000,omission_with_digest_log,enumerated_digest_log,false,0.000200,calibrated_estimate,"O(n), independent of l","O(n) non-inclusion witness, no record body",8152,serverFault(omission),serverFault(omission),true
appeal_cost,appeal_cost-n200_d62000-n200-d62000-r4,200,62000,invalid_receipt,enumerated_digest_log,false,0.000200,calibrated_estimate,"O(n)+T_backend, backend excluded",O(n) receipt/evidence metadata,8152,reject(receipt),reject(receipt),true
appeal_cost,appeal_cost-n200_d62000-n200-d62000-r4,200,62000,unsupported_reason,enumerated_digest_log,false,0.000200,calibrated_estimate,"O(n)+T_backend, backend excluded",O(n) receipt/evidence metadata,8152,reject(reason),reject(reason),true
appeal_cost,appeal_cost-n200_d273000-n200-d273000-r0,200,273000,valid_rejection,enumerated_digest_log,true,6.785010,calibrated_estimate,"O(n)+T_backend, backend excluded",O(n) receipt/evidence metadata,6592,valid,valid,true
appeal_cost,appeal_cost-n200_d273000-n200-d273000-r0,200,273000,false_rejection,enumerated_digest_log,true,6.785010,calibrated_estimate,"O(n)+T_backend, backend excluded",O(n) receipt/evidence metadata,6592,serverFault(falseReject),serverFault(falseReject),true
appeal_cost,appeal_cost-n200_d273000-n200-d273000-r0,200,273000,omission_with_digest_log,enumerated_digest_log,false,0.000200,calibrated_estimate,"O(n), independent of l","O(n) non-inclusion witness, no record body",8152,serverFault(omission),serverFault(omission),true
appeal_cost,appeal_cost-n200_d273000-n200-d273000-r0,200,273000,invalid_receipt,enumerated_digest_log,false,0.000200,calibrated_estimate,"O(n)+T_backend, backend excluded",O(n) receipt/evidence metadata,8152,reject(receipt),reject(receipt),true
appeal_cost,appeal_cost-n200_d273000-n200-d273000-r0,200,273000,unsupported_reason,enumerated_digest_log,false,0.000200,calibrated_estimate,"O(n)+T_backend, backend excluded",O(n) receipt/evidence metadata,8152,reject(reason),reject(reason),true
appeal_cost,appeal_cost-n200_d273000-n200-d273000-r1,200,273000,valid_rejection,enumerated_digest_log,true,6.785010,calibrated_estimate,"O(n)+T_backend, backend excluded",O(n) receipt/evidence metadata,6592,valid,valid,true
appeal_cost,appeal_cost-n200_d273000-n200-d273000-r1,200,273000,false_rejection,enumerated_digest_log,true,6.785010,calibrated_estimate,"O(n)+T_backend, backend excluded",O(n) receipt/evidence metadata,6592,serverFault(falseReject),serverFault(falseReject),true
appeal_cost,appeal_cost-n200_d273000-n200-d273000-r1,200,273000,omission_with_digest_log,enumerated_digest_log,false,0.000200,calibrated_estimate,"O(n), independent of l","O(n) non-inclusion witness, no record body",8152,serverFault(omission),serverFault(omission),true
appeal_cost,appeal_cost-n200_d273000-n200-d273000-r1,200,273000,invalid_receipt,enumerated_digest_log,false,0.000200,calibrated_estimate,"O(n)+T_backend, backend excluded",O(n) receipt/evidence metadata,8152,reject(receipt),reject(receipt),true
appeal_cost,appeal_cost-n200_d273000-n200-d273000-r1,200,273000,unsupported_reason,enumerated_digest_log,false,0.000200,calibrated_estimate,"O(n)+T_backend, backend excluded",O(n) receipt/evidence metadata,8152,reject(reason),reject(reason),true
appeal_cost,appeal_cost-n200_d273000-n200-d273000-r2,200,273000,valid_rejection,enumerated_digest_log,true,6.785010,calibrated_estimate,"O(n)+T_backend, backend excluded",O(n) receipt/evidence metadata,6592,valid,valid,true
appeal_cost,appeal_cost-n200_d273000-n200-d273000-r2,200,273000,false_rejection,enumerated_digest_log,true,6.785010,calibrated_estimate,"O(n)+T_backend, backend excluded",O(n) receipt/evidence metadata,6592,serverFault(falseReject),serverFault(falseReject),true
appeal_cost,appeal_cost-n200_d273000-n200-d273000-r2,200,273000,omission_with_digest_log,enumerated_digest_log,false,0.000200,calibrated_estimate,"O(n), independent of l","O(n) non-inclusion witness, no record body",8152,serverFault(omission),serverFault(omission),true
appeal_cost,appeal_cost-n200_d273000-n200-d273000-r2,200,273000,invalid_receipt,enumerated_digest_log,false,0.000200,calibrated_estimate,"O(n)+T_backend, backend excluded",O(n) receipt/evidence metadata,8152,reject(receipt),reject(receipt),true
appeal_cost,appeal_cost-n200_d273000-n200-d273000-r2,200,273000,unsupported_reason,enumerated_digest_log,false,0.000200,calibrated_estimate,"O(n)+T_backend, backend excluded",O(n) receipt/evidence metadata,8152,reject(reason),reject(reason),true
appeal_cost,appeal_cost-n200_d273000-n200-d273000-r3,200,273000,valid_rejection,enumerated_digest_log,true,6.785010,calibrated_estimate,"O(n)+T_backend, backend excluded",O(n) receipt/evidence metadata,6592,valid,valid,true
appeal_cost,appeal_cost-n200_d273000-n200-d273000-r3,200,273000,false_rejection,enumerated_digest_log,true,6.825000,calibrated_estimate,"O(n)+T_backend, backend excluded",O(n) receipt/evidence metadata,6592,serverFault(falseReject),serverFault(falseReject),true
appeal_cost,appeal_cost-n200_d273000-n200-d273000-r3,200,273000,omission_with_digest_log,enumerated_digest_log,false,0.000200,calibrated_estimate,"O(n), independent of l","O(n) non-inclusion witness, no record body",8152,serverFault(omission),serverFault(omission),true
appeal_cost,appeal_cost-n200_d273000-n200-d273000-r3,200,273000,invalid_receipt,enumerated_digest_log,false,0.000200,calibrated_estimate,"O(n)+T_backend, backend excluded",O(n) receipt/evidence metadata,8152,reject(receipt),reject(receipt),true
appeal_cost,appeal_cost-n200_d273000-n200-d273000-r3,200,273000,unsupported_reason,enumerated_digest_log,false,0.000200,calibrated_estimate,"O(n)+T_backend, backend excluded",O(n) receipt/evidence metadata,8152,reject(reason),reject(reason),true
appeal_cost,appeal_cost-n200_d273000-n200-d273000-r4,200,273000,valid_rejection,enumerated_digest_log,true,6.785010,calibrated_estimate,"O(n)+T_backend, backend excluded",O(n) receipt/evidence metadata,6592,valid,valid,true
appeal_cost,appeal_cost-n200_d273000-n200-d273000-r4,200,273000,false_rejection,enumerated_digest_log,true,6.785010,calibrated_estimate,"O(n)+T_backend, backend excluded",O(n) receipt/evidence metadata,6592,serverFault(falseReject),serverFault(falseReject),true
appeal_cost,appeal_cost-n200_d273000-n200-d273000-r4,200,273000,omission_with_digest_log,enumerated_digest_log,false,0.000200,calibrated_estimate,"O(n), independent of l","O(n) non-inclusion witness, no record body",8152,serverFault(omission),serverFault(omission),true
appeal_cost,appeal_cost-n200_d273000-n200-d273000-r4,200,273000,invalid_receipt,enumerated_digest_log,false,0.000200,calibrated_estimate,"O(n)+T_backend, backend excluded",O(n) receipt/evidence metadata,8152,reject(receipt),reject(receipt),true
appeal_cost,appeal_cost-n200_d273000-n200-d273000-r4,200,273000,unsupported_reason,enumerated_digest_log,false,0.000200,calibrated_estimate,"O(n)+T_backend, backend excluded",O(n) receipt/evidence metadata,8152,reject(reason),reject(reason),true
appeal_cost,appeal_cost-n200_d818000-n200-d818000-r0,200,818000,valid_rejection,enumerated_digest_log,true,20.330176,calibrated_estimate,"O(n)+T_backend, backend excluded",O(n) receipt/evidence metadata,6592,valid,valid,true
appeal_cost,appeal_cost-n200_d818000-n200-d818000-r0,200,818000,false_rejection,enumerated_digest_log,true,20.310205,calibrated_estimate,"O(n)+T_backend, backend excluded",O(n) receipt/evidence metadata,6592,serverFault(falseReject),serverFault(falseReject),true
appeal_cost,appeal_cost-n200_d818000-n200-d818000-r0,200,818000,omission_with_digest_log,enumerated_digest_log,false,0.000200,calibrated_estimate,"O(n), independent of l","O(n) non-inclusion witness, no record body",8152,serverFault(omission),serverFault(omission),true
appeal_cost,appeal_cost-n200_d818000-n200-d818000-r0,200,818000,invalid_receipt,enumerated_digest_log,false,0.000200,calibrated_estimate,"O(n)+T_backend, backend excluded",O(n) receipt/evidence metadata,8152,reject(receipt),reject(receipt),true
appeal_cost,appeal_cost-n200_d818000-n200-d818000-r0,200,818000,unsupported_reason,enumerated_digest_log,false,0.000200,calibrated_estimate,"O(n)+T_backend, backend excluded",O(n) receipt/evidence metadata,8152,reject(reason),reject(reason),true
appeal_cost,appeal_cost-n200_d818000-n200-d818000-r1,200,818000,valid_rejection,enumerated_digest_log,true,20.330176,calibrated_estimate,"O(n)+T_backend, backend excluded",O(n) receipt/evidence metadata,6592,valid,valid,true
appeal_cost,appeal_cost-n200_d818000-n200-d818000-r1,200,818000,false_rejection,enumerated_digest_log,true,20.330176,calibrated_estimate,"O(n)+T_backend, backend excluded",O(n) receipt/evidence metadata,6592,serverFault(falseReject),serverFault(falseReject),true
appeal_cost,appeal_cost-n200_d818000-n200-d818000-r1,200,818000,omission_with_digest_log,enumerated_digest_log,false,0.000200,calibrated_estimate,"O(n), independent of l","O(n) non-inclusion witness, no record body",8152,serverFault(omission),serverFault(omission),true
appeal_cost,appeal_cost-n200_d818000-n200-d818000-r1,200,818000,invalid_receipt,enumerated_digest_log,false,0.000200,calibrated_estimate,"O(n)+T_backend, backend excluded",O(n) receipt/evidence metadata,8152,reject(receipt),reject(receipt),true
appeal_cost,appeal_cost-n200_d818000-n200-d818000-r1,200,818000,unsupported_reason,enumerated_digest_log,false,0.000200,calibrated_estimate,"O(n)+T_backend, backend excluded",O(n) receipt/evidence metadata,8152,reject(reason),reject(reason),true
appeal_cost,appeal_cost-n200_d818000-n200-d818000-r2,200,818000,valid_rejection,enumerated_digest_log,true,20.310205,calibrated_estimate,"O(n)+T_backend, backend excluded",O(n) receipt/evidence metadata,6592,valid,valid,true
appeal_cost,appeal_cost-n200_d818000-n200-d818000-r2,200,818000,false_rejection,enumerated_digest_log,true,20.330176,calibrated_estimate,"O(n)+T_backend, backend excluded",O(n) receipt/evidence metadata,6592,serverFault(falseReject),serverFault(falseReject),true
appeal_cost,appeal_cost-n200_d818000-n200-d818000-r2,200,818000,omission_with_digest_log,enumerated_digest_log,false,0.000200,calibrated_estimate,"O(n), independent of l","O(n) non-inclusion witness, no record body",8152,serverFault(omission),serverFault(omission),true
appeal_cost,appeal_cost-n200_d818000-n200-d818000-r2,200,818000,invalid_receipt,enumerated_digest_log,false,0.000200,calibrated_estimate,"O(n)+T_backend, backend excluded",O(n) receipt/evidence metadata,8152,reject(receipt),reject(receipt),true
appeal_cost,appeal_cost-n200_d818000-n200-d818000-r2,200,818000,unsupported_reason,enumerated_digest_log,false,0.000200,calibrated_estimate,"O(n)+T_backend, backend excluded",O(n) receipt/evidence metadata,8152,reject(reason),reject(reason),true
appeal_cost,appeal_cost-n200_d818000-n200-d818000-r3,200,818000,valid_rejection,enumerated_digest_log,true,20.469971,calibrated_estimate,"O(n)+T_backend, backend excluded",O(n) receipt/evidence metadata,6592,valid,valid,true
appeal_cost,appeal_cost-n200_d818000-n200-d818000-r3,200,818000,false_rejection,enumerated_digest_log,true,20.330176,calibrated_estimate,"O(n)+T_backend, backend excluded",O(n) receipt/evidence metadata,6592,serverFault(falseReject),serverFault(falseReject),true
appeal_cost,appeal_cost-n200_d818000-n200-d818000-r3,200,818000,omission_with_digest_log,enumerated_digest_log,false,0.000200,calibrated_estimate,"O(n), independent of l","O(n) non-inclusion witness, no record body",8152,serverFault(omission),serverFault(omission),true
appeal_cost,appeal_cost-n200_d818000-n200-d818000-r3,200,818000,invalid_receipt,enumerated_digest_log,false,0.000200,calibrated_estimate,"O(n)+T_backend, backend excluded",O(n) receipt/evidence metadata,8152,reject(receipt),reject(receipt),true
appeal_cost,appeal_cost-n200_d818000-n200-d818000-r3,200,818000,unsupported_reason,enumerated_digest_log,false,0.000200,calibrated_estimate,"O(n)+T_backend, backend excluded",O(n) receipt/evidence metadata,8152,reject(reason),reject(reason),true
appeal_cost,appeal_cost-n200_d818000-n200-d818000-r4,200,818000,valid_rejection,enumerated_digest_log,true,20.330176,calibrated_estimate,"O(n)+T_backend, backend excluded",O(n) receipt/evidence metadata,6592,valid,valid,true
appeal_cost,appeal_cost-n200_d818000-n200-d818000-r4,200,818000,false_rejection,enumerated_digest_log,true,20.330176,calibrated_estimate,"O(n)+T_backend, backend excluded",O(n) receipt/evidence metadata,6592,serverFault(falseReject),serverFault(falseReject),true
appeal_cost,appeal_cost-n200_d818000-n200-d818000-r4,200,818000,omission_with_digest_log,enumerated_digest_log,false,0.000200,calibrated_estimate,"O(n), independent of l","O(n) non-inclusion witness, no record body",8152,serverFault(omission),serverFault(omission),true
appeal_cost,appeal_cost-n200_d818000-n200-d818000-r4,200,818000,invalid_receipt,enumerated_digest_log,false,0.000200,calibrated_estimate,"O(n)+T_backend, backend excluded",O(n) receipt/evidence metadata,8152,reject(receipt),reject(receipt),true
appeal_cost,appeal_cost-n200_d818000-n200-d818000-r4,200,818000,unsupported_reason,enumerated_digest_log,false,0.000200,calibrated_estimate,"O(n)+T_backend, backend excluded",O(n) receipt/evidence metadata,8152,reject(reason),reject(reason),true
