experiment,run_id,n,dimension,admitted,excluded,dropped,tag_mode,scope,phase,operation,time_ms,time_source,cost_model,space_cost_model,extra_bytes,full_public_bytes,result_label
common_path,common_path-n10_d19000-n10-d19000-r0,10,19000,8,2,0,compact_vector_tag_main,incremental_avsa_extra,client_submit,mask_tag_generation,3998.687305,calibrated_estimate,O(n^2*T_tag(l)),O(n^2) group elements,2816,4899584,accept
common_path,common_path-n10_d19000-n10-d19000-r0,10,19000,8,2,0,compact_vector_tag_main,incremental_avsa_extra,client_submit,receipt_generation,0.000100,calibrated_estimate,O(n),O(n),960,960,accept
common_path,common_path-n10_d19000-n10-d19000-r0,10,19000,8,2,0,compact_vector_tag_main,incremental_avsa_extra,server_publish,digest_log_build,0.000100,calibrated_estimate,O(n),O(n),432,432,accept
common_path,common_path-n10_d19000-n10-d19000-r0,10,19000,8,2,0,compact_vector_tag_main,incremental_avsa_extra,server_publish,decision_cert_generation,0.001600,calibrated_estimate,O(n),O(n),506,506,accept
common_path,common_path-n10_d19000-n10-d19000-r0,10,19000,8,2,0,compact_vector_tag_main,incremental_avsa_extra,server_publish,maskcert_tag_generation,3990.779297,calibrated_estimate,O(a)+T_tag(l),O(a)+O(l) if S_A published,608448,608448,accept
common_path,common_path-n10_d19000-n10-d19000-r0,10,19000,8,2,0,compact_vector_tag_main,incremental_avsa_extra,server_publish,aggregate_cert_generation,3.992969,calibrated_estimate,O(l),"O(l) aggregate mask, x_star excluded",608160,608160,accept
common_path,common_path-n10_d19000-n10-d19000-r0,10,19000,8,2,0,compact_vector_tag_main,incremental_avsa_extra,auditor_verify,verify_accepted_decisions,5.358594,calibrated_estimate,O(a*n),O(1),0,0,accept
common_path,common_path-n10_d19000-n10-d19000-r0,10,19000,8,2,0,compact_vector_tag_main,incremental_avsa_extra,auditor_verify,verify_mask_tag,3985.439258,calibrated_estimate,O(a)+T_tag(l),O(a)+O(l) if S_A published,0,0,accept
common_path,common_path-n10_d19000-n10-d19000-r0,10,19000,8,2,0,compact_vector_tag_main,incremental_avsa_extra,auditor_verify,verify_aggregate,3.788867,calibrated_estimate,O(a*l),O(l) working space,0,0,accept
common_path,common_path-n10_d19000-n10-d19000-r1,10,19000,8,2,0,compact_vector_tag_main,incremental_avsa_extra,client_submit,mask_tag_generation,3991.254297,calibrated_estimate,O(n^2*T_tag(l)),O(n^2) group elements,2816,4899584,accept
common_path,common_path-n10_d19000-n10-d19000-r1,10,19000,8,2,0,compact_vector_tag_main,incremental_avsa_extra,client_submit,receipt_generation,0.000000,calibrated_estimate,O(n),O(n),960,960,accept
common_path,common_path-n10_d19000-n10-d19000-r1,10,19000,8,2,0,compact_vector_tag_main,incremental_avsa_extra,server_publish,digest_log_build,0.000000,calibrated_estimate,O(n),O(n),432,432,accept
common_path,common_path-n10_d19000-n10-d19000-r1,10,19000,8,2,0,compact_vector_tag_main,incremental_avsa_extra,server_publish,decision_cert_generation,0.000500,calibrated_estimate,O(n),O(n),506,506,accept
common_path,common_path-n10_d19000-n10-d19000-r1,10,19000,8,2,0,compact_vector_tag_main,incremental_avsa_extra,server_publish,maskcert_tag_generation,3995.558984,calibrated_estimate,O(a)+T_tag(l),O(a)+O(l) if S_A published,608448,608448,accept
common_path,common_path-n10_d19000-n10-d19000-r1,10,19000,8,2,0,compact_vector_tag_main,incremental_avsa_extra,server_publish,aggregate_cert_generation,3.785156,calibrated_estimate,O(l),"O(l) aggregate mask, x_star excluded",608160,608160,accept
common_path,common_path-n10_d19000-n10-d19000-r1,10,19000,8,2,0,compact_vector_tag_main,incremental_avsa_extra,auditor_verify,verify_accepted_decisions,3.777734,calibrated_estimate,O(a*n),O(1),0,0,accept
common_path,common_path-n10_d19000-n10-d19000-r1,10,19000,8,2,0,compact_vector_tag_main,incremental_avsa_extra,auditor_verify,verify_mask_tag,3996.030273,calibrated_estimate,O(a)+T_tag(l),O(a)+O(l) if S_A published,0,0,accept
common_path,common_path-n10_d19000-n10-d19000-r1,10,19000,8,2,0,compact_vector_tag_main,incremental_avsa_extra,auditor_verify,verify_aggregate,3.785156,calibrated_estimate,O(a*l),O(l) working space,0,0,accept
common_path,common_path-n10_d19000-n10-d19000-r2,10,19000,8,2,0,compact_vector_tag_main,incremental_avsa_extra,client_submit,mask_tag_generation,3997.184375,calibrated_estimate,O(n^2*T_tag(l)),O(n^2) group elements,2816,4899584,accept
common_path,common_path-n10_d19000-n10-d19000-r2,10,19000,8,2,0,compact_vector_tag_main,incremental_avsa_extra,client_submit,receipt_generation,0.000100,calibrated_estimate,O(n),O(n),960,960,accept
common_path,common_path-n10_d19000-n10-d19000-r2,10,19000,8,2,0,compact_vector_tag_main,incremental_avsa_extra,server_publish,digest_log_build,0.000000,calibrated_estimate,O(n),O(n),432,432,accept
common_path,common_path-n10_d19000-n10-d19000-r2,10,19000,8,2,0,compact_vector_tag_main,incremental_avsa_extra,server_publish,decision_cert_generation,0.000400,calibrated_estimate,O(n),O(n),506,506,accept
common_path,common_path-n10_d19000-n10-d19000-r2,10,19000,8,2,0,compact_vector_tag_main,incremental_avsa_extra,server_publish,maskcert_tag_generation,3983.799023,calibrated_estimate,O(a)+T_tag(l),O(a)+O(l) if S_A published,608448,608448,accept
common_path,common_path-n10_d19000-n10-d19000-r2,10,19000,8,2,0,compact_vector_tag_main,incremental_avsa_extra,server_publish,aggregate_cert_generation,3.785156,calibrated_estimate,O(l),"O(l) aggregate mask, x_star excluded",608160,608160,accept
common_path,common_path-n10_d19000-n10-d19000-r2,10,19000,8,2,0,compact_vector_tag_main,incremental_avsa_extra,auditor_verify,verify_accepted_decisions,3.777734,calibrated_estimate,O(a*n),O(1),0,0,accept
common_path,common_path-n10_d19000-n10-d19000-r2,10,19000,8,2,0,compact_vector_tag_main,incremental_avsa_extra,auditor_verify,verify_mask_tag,3986.474609,calibrated_estimate,O(a)+T_tag(l),O(a)+O(l) if S_A published,0,0,accept
common_path,common_path-n10_d19000-n10-d19000-r2,10,19000,8,2,0,compact_vector_tag_main,incremental_avsa_extra,auditor_verify,verify_aggregate,3.781445,calibrated_estimate,O(a*l),O(l) working space,0,0,accept
common_path,common_path-n10_d19000-n10-d19000-r3,10,19000,8,2,0,compact_vector_tag_main,incremental_avsa_extra,client_submit,mask_tag_generation,3986.530273,calibrated_estimate,O(n^2*T_tag(l)),O(n^2) group elements,2816,4899584,accept
common_path,common_path-n10_d19000-n10-d19000-r3,10,19000,8,2,0,compact_vector_tag_main,incremental_avsa_extra,client_submit,receipt_generation,0.000100,calibrated_estimate,O(n),O(n),960,960,accept
common_path,common_path-n10_d19000-n10-d19000-r3,10,19000,8,2,0,compact_vector_tag_main,incremental_avsa_extra,server_publish,digest_log_build,0.000000,calibrated_estimate,O(n),O(n),432,432,accept
common_path,common_path-n10_d19000-n10-d19000-r3,10,19000,8,2,0,compact_vector_tag_main,incremental_avsa_extra,server_publish,decision_cert_generation,0.000400,calibrated_estimate,O(n),O(n),506,506,accept
common_path,common_path-n10_d19000-n10-d19000-r3,10,19000,8,2,0,compact_vector_tag_main,incremental_avsa_extra,server_publish,maskcert_tag_generation,3992.033594,calibrated_estimate,O(a)+T_tag(l),O(a)+O(l) if S_A published,608448,608448,accept
common_path,common_path-n10_d19000-n10-d19000-r3,10,19000,8,2,0,compact_vector_tag_main,incremental_avsa_extra,server_publish,aggregate_cert_generation,3.785156,calibrated_estimate,O(l),"O(l) aggregate mask, x_star excluded",608160,608160,accept
common_path,common_path-n10_d19000-n10-d19000-r3,10,19000,8,2,0,compact_vector_tag_main,incremental_avsa_extra,auditor_verify,verify_accepted_decisions,3.777734,calibrated_estimate,O(a*n),O(1),0,0,accept
common_path,common_path-n10_d19000-n10-d19000-r3,10,19000,8,2,0,compact_vector_tag_main,incremental_avsa_extra,auditor_verify,verify_mask_tag,4030.968750,calibrated_estimate,O(a)+T_tag(l),O(a)+O(l) if S_A published,0,0,accept
common_path,common_path-n10_d19000-n10-d19000-r3,10,19000,8,2,0,compact_vector_tag_main,incremental_avsa_extra,auditor_verify,verify_aggregate,3.785156,calibrated_estimate,O(a*l),O(l) working space,0,0,accept
common_path,common_path-n10_d19000-n10-d19000-r4,10,19000,8,2,0,compact_vector_tag_main,incremental_avsa_extra,client_submit,mask_tag_generation,3995.555273,calibrated_estimate,O(n^2*T_tag(l)),O(n^2) group elements,2816,4899584,accept
common_path,common_path-n10_d19000-n10-d19000-r4,10,19000,8,2,0,compact_vector_tag_main,incremental_avsa_extra,client_submit,receipt_generation,0.000000,calibrated_estimate,O(n),O(n),960,960,accept
common_path,common_path-n10_d19000-n10-d19000-r4,10,19000,8,2,0,compact_vector_tag_main,incremental_avsa_extra,server_publish,digest_log_build,0.000000,calibrated_estimate,O(n),O(n),432,432,accept
common_path,common_path-n10_d19000-n10-d19000-r4,10,19000,8,2,0,compact_vector_tag_main,incremental_avsa_extra,server_publish,decision_cert_generation,0.000400,calibrated_estimate,O(n),O(n),506,506,accept
common_path,common_path-n10_d19000-n10-d19000-r4,10,19000,8,2,0,compact_vector_tag_main,incremental_avsa_extra,server_publish,maskcert_tag_generation,3999.106641,calibrated_estimate,O(a)+T_tag(l),O(a)+O(l) if S_A published,608448,608448,accept
common_path,common_path-n10_d19000-n10-d19000-r4,10,19000,8,2,0,compact_vector_tag_main,incremental_avsa_extra,server_publish,aggregate_cert_generation,3.792578,calibrated_estimate,O(l),"O(l) aggregate mask, x_star excluded",608160,608160,accept
common_path,common_path-n10_d19000-n10-d19000-r4,10,19000,8,2,0,compact_vector_tag_main,incremental_avsa_extra,auditor_verify,verify_accepted_decisions,3.781445,calibrated_estimate,O(a*n),O(1),0,0,accept
common_path,common_path-n10_d19000-n10-d19000-r4,10,19000,8,2,0,compact_vector_tag_main,incremental_avsa_extra,auditor_verify,verify_mask_tag,4001.689453,calibrated_estimate,O(a)+T_tag(l),O(a)+O(l) if S_A published,0,0,accept
common_path,common_path-n10_d19000-n10-d19000-r4,10,19000,8,2,0,compact_vector_tag_main,incremental_avsa_extra,auditor_verify,verify_aggregate,3.792578,calibrated_estimate,O(a*l),O(l) working space,0,0,accept
common_path,common_path-n10_d62000-n10-d62000-r0,10,62000,8,2,0,compact_vector_tag_main,incremental_avsa_extra,client_submit,mask_tag_generation,13022.712500,calibrated_estimate,O(n^2*T_tag(l)),O(n^2) group elements,2816,15907584,accept
common_path,common_path-n10_d62000-n10-d62000-r0,10,62000,8,2,0,compact_vector_tag_main,incremental_avsa_extra,client_submit,receipt_generation,0.000100,calibrated_estimate,O(n),O(n),960,960,accept
common_path,common_path-n10_d62000-n10-d62000-r0,10,62000,8,2,0,compact_vector_tag_main,incremental_avsa_extra,server_publish,digest_log_build,0.000100,calibrated_estimate,O(n),O(n),432,432,accept
common_path,common_path-n10_d62000-n10-d62000-r0,10,62000,8,2,0,compact_vector_tag_main,incremental_avsa_extra,server_publish,decision_cert_generation,0.000700,calibrated_estimate,O(n),O(n),506,506,accept
common_path,common_path-n10_d62000-n10-d62000-r0,10,62000,8,2,0,compact_vector_tag_main,incremental_avsa_extra,server_publish,maskcert_tag_generation,13034.204297,calibrated_estimate,O(a)+T_tag(l),O(a)+O(l) if S_A published,1984448,1984448,accept
common_path,common_path-n10_d62000-n10-d62000-r0,10,62000,8,2,0,compact_vector_tag_main,incremental_avsa_extra,server_publish,aggregate_cert_generation,12.387891,calibrated_estimate,O(l),"O(l) aggregate mask, x_star excluded",1984160,1984160,accept
common_path,common_path-n10_d62000-n10-d62000-r0,10,62000,8,2,0,compact_vector_tag_main,incremental_avsa_extra,auditor_verify,verify_accepted_decisions,12.339453,calibrated_estimate,O(a*n),O(1),0,0,accept
common_path,common_path-n10_d62000-n10-d62000-r0,10,62000,8,2,0,compact_vector_tag_main,incremental_avsa_extra,auditor_verify,verify_mask_tag,13008.375000,calibrated_estimate,O(a)+T_tag(l),O(a)+O(l) if S_A published,0,0,accept
common_path,common_path-n10_d62000-n10-d62000-r0,10,62000,8,2,0,compact_vector_tag_main,incremental_avsa_extra,auditor_verify,verify_aggregate,12.121484,calibrated_estimate,O(a*l),O(l) working space,0,0,accept
common_path,common_path-n10_d62000-n10-d62000-r1,10,62000,8,2,0,compact_vector_tag_main,incremental_avsa_extra,client_submit,mask_tag_generation,12975.376953,calibrated_estimate,O(n^2*T_tag(l)),O(n^2) group elements,2816,15907584,accept
common_path,common_path-n10_d62000-n10-d62000-r1,10,62000,8,2,0,compact_vector_tag_main,incremental_avsa_extra,client_submit,receipt_generation,0.000100,calibrated_estimate,O(n),O(n),960,960,accept
common_path,common_path-n10_d62000-n10-d62000-r1,10,62000,8,2,0,compact_vector_tag_main,incremental_avsa_extra,server_publish,digest_log_build,0.000000,calibrated_estimate,O(n),O(n),432,432,accept
common_path,common_path-n10_d62000-n10-d62000-r1,10,62000,8,2,0,compact_vector_tag_main,incremental_avsa_extra,server_publish,decision_cert_generation,0.000600,calibrated_estimate,O(n),O(n),506,506,accept
common_path,common_path-n10_d62000-n10-d62000-r1,10,62000,8,2,0,compact_vector_tag_main,incremental_avsa_extra,server_publish,maskcert_tag_generation,13015.555859,calibrated_estimate,O(a)+T_tag(l),O(a)+O(l) if S_A published,1984448,1984448,accept
common_path,common_path-n10_d62000-n10-d62000-r1,10,62000,8,2,0,compact_vector_tag_main,incremental_avsa_extra,server_publish,aggregate_cert_generation,12.351562,calibrated_estimate,O(l),"O(l) aggregate mask, x_star excluded",1984160,1984160,accept
common_path,common_path-n10_d62000-n10-d62000-r1,10,62000,8,2,0,compact_vector_tag_main,incremental_avsa_extra,auditor_verify,verify_accepted_decisions,12.339453,calibrated_estimate,O(a*n),O(1),0,0,accept
common_path,common_path-n10_d62000-n10-d62000-r1,10,62000,8,2,0,compact_vector_tag_main,incremental_avsa_extra,auditor_verify,verify_mask_tag,13038.660547,calibrated_estimate,O(a)+T_tag(l),O(a)+O(l) if S_A published,0,0,accept
common_path,common_path-n10_d62000-n10-d62000-r1,10,62000,8,2,0,compact_vector_tag_main,incremental_avsa_extra,auditor_verify,verify_aggregate,12.387891,calibrated_estimate,O(a*l),O(l) working space,0,0,accept
common_path,common_path-n10_d62000-n10-d62000-r2,10,62000,8,2,0,compact_vector_tag_main,incremental_avsa_extra,client_submit,mask_tag_generation,13101.035938,calibrated_estimate,O(n^2*T_tag(l)),O(n^2) group elements,2816,15907584,accept
common_path,common_path-n10_d62000-n10-d62000-r2,10,62000,8,2,0,compact_vector_tag_main,incremental_avsa_extra,client_submit,receipt_generation,0.000000,calibrated_estimate,O(n),O(n),960,960,accept
common_path,common_path-n10_d62000-n10-d62000-r2,10,62000,8,2,0,compact_vector_tag_main,incremental_avsa_extra,server_publish,digest_log_build,0.000100,calibrated_estimate,O(n),O(n),432,432,accept
common_path,common_path-n10_d62000-n10-d62000-r2,10,62000,8,2,0,compact_vector_tag_main,incremental_avsa_extra,server_publish,decision_cert_generation,0.000600,calibrated_estimate,O(n),O(n),506,506,accept
common_path,common_path-n10_d62000-n10-d62000-r2,10,62000,8,2,0,compact_vector_tag_main,incremental_avsa_extra,server_publish,maskcert_tag_generation,13037.340625,calibrated_estimate,O(a)+T_tag(l),O(a)+O(l) if S_A published,1984448,1984448,accept
common_path,common_path-n10_d62000-n10-d62000-r2,10,62000,8,2,0,compact_vector_tag_main,incremental_avsa_extra,server_publish,aggregate_cert_generation,12.375781,calibrated_estimate,O(l),"O(l) aggregate mask, x_star excluded",1984160,1984160,accept
common_path,common_path-n10_d62000-n10-d62000-r2,10,62000,8,2,0,compact_vector_tag_main,incremental_avsa_extra,auditor_verify,verify_accepted_decisions,12.339453,calibrated_estimate,O(a*n),O(1),0,0,accept
common_path,common_path-n10_d62000-n10-d62000-r2,10,62000,8,2,0,compact_vector_tag_main,incremental_avsa_extra,auditor_verify,verify_mask_tag,13010.663672,calibrated_estimate,O(a)+T_tag(l),O(a)+O(l) if S_A published,0,0,accept
common_path,common_path-n10_d62000-n10-d62000-r2,10,62000,8,2,0,compact_vector_tag_main,incremental_avsa_extra,auditor_verify,verify_aggregate,12.363672,calibrated_estimate,O(a*l),O(l) working space,0,0,accept
common_path,common_path-n10_d62000-n10-d62000-r3,10,62000,8,2,0,compact_vector_tag_main,incremental_avsa_extra,client_submit,mask_tag_generation,13038.248828,calibrated_estimate,O(n^2*T_tag(l)),O(n^2) group elements,2816,15907584,accept
common_path,common_path-n10_d62000-n10-d62000-r3,10,62000,8,2,0,compact_vector_tag_main,incremental_avsa_extra,client_submit,receipt_generation,0.000000,calibrated_estimate,O(n),O(n),960,960,accept
common_path,common_path-n10_d62000-n10-d62000-r3,10,62000,8,2,0,compact_vector_tag_main,incremental_avsa_extra,server_publish,digest_log_build,0.000100,calibrated_estimate,O(n),O(n),432,432,accept
common_path,common_path-n10_d62000-n10-d62000-r3,10,62000,8,2,0,compact_vector_tag_main,incremental_avsa_extra,server_publish,decision_cert_generation,0.000600,calibrated_estimate,O(n),O(n),506,506,accept
common_path,common_path-n10_d62000-n10-d62000-r3,10,62000,8,2,0,compact_vector_tag_main,incremental_avsa_extra,server_publish,maskcert_tag_generation,13035.306250,calibrated_estimate,O(a)+T_tag(l),O(a)+O(l) if S_A published,1984448,1984448,accept
common_path,common_path-n10_d62000-n10-d62000-r3,10,62000,8,2,0,compact_vector_tag_main,incremental_avsa_extra,server_publish,aggregate_cert_generation,12.351562,calibrated_estimate,O(l),"O(l) aggregate mask, x_star excluded",1984160,1984160,accept
common_path,common_path-n10_d62000-n10-d62000-r3,10,62000,8,2,0,compact_vector_tag_main,incremental_avsa_extra,auditor_verify,verify_accepted_decisions,12.339453,calibrated_estimate,O(a*n),O(1),0,0,accept
common_path,common_path-n10_d62000-n10-d62000-r3,10,62000,8,2,0,compact_vector_tag_main,incremental_avsa_extra,auditor_verify,verify_mask_tag,13081.866797,calibrated_estimate,O(a)+T_tag(l),O(a)+O(l) if S_A published,0,0,accept
common_path,common_path-n10_d62000-n10-d62000-r3,10,62000,8,2,0,compact_vector_tag_main,incremental_avsa_extra,auditor_verify,verify_aggregate,12.387891,calibrated_estimate,O(a*l),O(l) working space,0,0,accept
common_path,common_path-n10_d62000-n10-d62000-r4,10,62000,8,2,0,compact_vector_tag_main,incremental_avsa_extra,client_submit,mask_tag_generation,13049.268359,calibrated_estimate,O(n^2*T_tag(l)),O(n^2) group elements,2816,15907584,accept
common_path,common_path-n10_d62000-n10-d62000-r4,10,62000,8,2,0,compact_vector_tag_main,incremental_avsa_extra,client_submit,receipt_generation,0.000000,calibrated_estimate,O(n),O(n),960,960,accept
common_path,common_path-n10_d62000-n10-d62000-r4,10,62000,8,2,0,compact_vector_tag_main,incremental_avsa_extra,server_publish,digest_log_build,0.000000,calibrated_estimate,O(n),O(n),432,432,accept
common_path,common_path-n10_d62000-n10-d62000-r4,10,62000,8,2,0,compact_vector_tag_main,incremental_avsa_extra,server_publish,decision_cert_generation,0.000700,calibrated_estimate,O(n),O(n),506,506,accept
common_path,common_path-n10_d62000-n10-d62000-r4,10,62000,8,2,0,compact_vector_tag_main,incremental_avsa_extra,server_publish,maskcert_tag_generation,13047.439844,calibrated_estimate,O(a)+T_tag(l),O(a)+O(l) if S_A published,1984448,1984448,accept
common_path,common_path-n10_d62000-n10-d62000-r4,10,62000,8,2,0,compact_vector_tag_main,incremental_avsa_extra,server_publish,aggregate_cert_generation,12.387891,calibrated_estimate,O(l),"O(l) aggregate mask, x_star excluded",1984160,1984160,accept
common_path,common_path-n10_d62000-n10-d62000-r4,10,62000,8,2,0,compact_vector_tag_main,incremental_avsa_extra,auditor_verify,verify_accepted_decisions,12.339453,calibrated_estimate,O(a*n),O(1),0,0,accept
common_path,common_path-n10_d62000-n10-d62000-r4,10,62000,8,2,0,compact_vector_tag_main,incremental_avsa_extra,auditor_verify,verify_mask_tag,13107.211719,calibrated_estimate,O(a)+T_tag(l),O(a)+O(l) if S_A published,0,0,accept
common_path,common_path-n10_d62000-n10-d62000-r4,10,62000,8,2,0,compact_vector_tag_main,incremental_avsa_extra,auditor_verify,verify_aggregate,12.387891,calibrated_estimate,O(a*l),O(l) working space,0,0,accept
common_path,common_path-n10_d273000-n10-d273000-r0,10,273000,8,2,0,compact_vector_tag_main,incremental_avsa_extra,client_submit,mask_tag_generation,57375.162305,calibrated_estimate,O(n^2*T_tag(l)),O(n^2) group elements,2816,69923584,accept
common_path,common_path-n10_d273000-n10-d273000-r0,10,273000,8,2,0,compact_vector_tag_main,incremental_avsa_extra,client_submit,receipt_generation,0.000100,calibrated_estimate,O(n),O(n),960,960,accept
common_path,common_path-n10_d273000-n10-d273000-r0,10,273000,8,2,0,compact_vector_tag_main,incremental_avsa_extra,server_publish,digest_log_build,0.000100,calibrated_estimate,O(n),O(n),432,432,accept
common_path,common_path-n10_d273000-n10-d273000-r0,10,273000,8,2,0,compact_vector_tag_main,incremental_avsa_extra,server_publish,decision_cert_generation,0.000600,calibrated_estimate,O(n),O(n),506,506,accept
common_path,common_path-n10_d273000-n10-d273000-r0,10,273000,8,2,0,compact_vector_tag_main,incremental_avsa_extra,server_publish,maskcert_tag_generation,57719.771484,calibrated_estimate,O(a)+T_tag(l),O(a)+O(l) if S_A published,8736448,8736448,accept
common_path,common_path-n10_d273000-n10-d273000-r0,10,273000,8,2,0,compact_vector_tag_main,incremental_avsa_extra,server_publish,aggregate_cert_generation,54.386719,calibrated_estimate,O(l),"O(l) aggregate mask, x_star excluded",8736160,8736160,accept
common_path,common_path-n10_d273000-n10-d273000-r0,10,273000,8,2,0,compact_vector_tag_main,incremental_avsa_extra,auditor_verify,verify_accepted_decisions,54.333398,calibrated_estimate,O(a*n),O(1),0,0,accept
common_path,common_path-n10_d273000-n10-d273000-r0,10,273000,8,2,0,compact_vector_tag_main,incremental_avsa_extra,auditor_verify,verify_mask_tag,57498.118945,calibrated_estimate,O(a)+T_tag(l),O(a)+O(l) if S_A published,0,0,accept
common_path,common_path-n10_d273000-n10-d273000-r0,10,273000,8,2,0,compact_vector_tag_main,incremental_avsa_extra,auditor_verify,verify_aggregate,54.440039,calibrated_estimate,O(a*l),O(l) working space,0,0,accept
common_path,common_path-n10_d273000-n10-d273000-r1,10,273000,8,2,0,compact_vector_tag_main,incremental_avsa_extra,client_submit,mask_tag_generation,57555.544922,calibrated_estimate,O(n^2*T_tag(l)),O(n^2) group elements,2816,69923584,accept
common_path,common_path-n10_d273000-n10-d273000-r1,10,273000,8,2,0,compact_vector_tag_main,incremental_avsa_extra,client_submit,receipt_generation,0.000100,calibrated_estimate,O(n),O(n),960,960,accept
common_path,common_path-n10_d273000-n10-d273000-r1,10,273000,8,2,0,compact_vector_tag_main,incremental_avsa_extra,server_publish,digest_log_build,0.000100,calibrated_estimate,O(n),O(n),432,432,accept
common_path,common_path-n10_d273000-n10-d273000-r1,10,273000,8,2,0,compact_vector_tag_main,incremental_avsa_extra,server_publish,decision_cert_generation,0.000500,calibrated_estimate,O(n),O(n),506,506,accept
common_path,common_path-n10_d273000-n10-d273000-r1,10,273000,8,2,0,compact_vector_tag_main,incremental_avsa_extra,server_publish,maskcert_tag_generation,57500.891602,calibrated_estimate,O(a)+T_tag(l),O(a)+O(l) if S_A published,8736448,8736448,accept
common_path,common_path-n10_d273000-n10-d273000-r1,10,273000,8,2,0,compact_vector_tag_main,incremental_avsa_extra,server_publish,aggregate_cert_generation,54.440039,calibrated_estimate,O(l),"O(l) aggregate mask, x_star excluded",8736160,8736160,accept
common_path,common_path-n10_d273000-n10-d273000-r1,10,273000,8,2,0,compact_vector_tag_main,incremental_avsa_extra,auditor_verify,verify_accepted_decisions,54.333398,calibrated_estimate,O(a*n),O(1),0,0,accept
common_path,common_path-n10_d273000-n10-d273000-r1,10,273000,8,2,0,compact_vector_tag_main,incremental_avsa_extra,auditor_verify,verify_mask_tag,57335.012109,calibrated_estimate,O(a)+T_tag(l),O(a)+O(l) if S_A published,0,0,accept
common_path,common_path-n10_d273000-n10-d273000-r1,10,273000,8,2,0,compact_vector_tag_main,incremental_avsa_extra,auditor_verify,verify_aggregate,54.386719,calibrated_estimate,O(a*l),O(l) working space,0,0,accept
common_path,common_path-n10_d273000-n10-d273000-r2,10,273000,8,2,0,compact_vector_tag_main,incremental_avsa_extra,client_submit,mask_tag_generation,57303.339844,calibrated_estimate,O(n^2*T_tag(l)),O(n^2) group elements,2816,69923584,accept
common_path,common_path-n10_d273000-n10-d273000-r2,10,273000,8,2,0,compact_vector_tag_main,incremental_avsa_extra,client_submit,receipt_generation,0.000100,calibrated_estimate,O(n),O(n),960,960,accept
common_path,common_path-n10_d273000-n10-d273000-r2,10,273000,8,2,0,compact_vector_tag_main,incremental_avsa_extra,server_publish,digest_log_build,0.000100,calibrated_estimate,O(n),O(n),432,432,accept
common_path,common_path-n10_d273000-n10-d273000-r2,10,273000,8,2,0,compact_vector_tag_main,incremental_avsa_extra,server_publish,decision_cert_generation,0.000400,calibrated_estimate,O(n),O(n),506,506,accept
common_path,common_path-n10_d273000-n10-d273000-r2,10,273000,8,2,0,compact_vector_tag_main,incremental_avsa_extra,server_publish,maskcert_tag_generation,57277.906055,calibrated_estimate,O(a)+T_tag(l),O(a)+O(l) if S_A published,8736448,8736448,accept
common_path,common_path-n10_d273000-n10-d273000-r2,10,273000,8,2,0,compact_vector_tag_main,incremental_avsa_extra,server_publish,aggregate_cert_generation,54.333398,calibrated_estimate,O(l),"O(l) aggregate mask, x_star excluded",8736160,8736160,accept
common_path,common_path-n10_d273000-n10-d273000-r2,10,273000,8,2,0,compact_vector_tag_main,incremental_avsa_extra,auditor_verify,verify_accepted_decisions,54.333398,calibrated_estimate,O(a*n),O(1),0,0,accept
common_path,common_path-n10_d273000-n10-d273000-r2,10,273000,8,2,0,compact_vector_tag_main,incremental_avsa_extra,auditor_verify,verify_mask_tag,57331.972852,calibrated_estimate,O(a)+T_tag(l),O(a)+O(l) if S_A published,0,0,accept
common_path,common_path-n10_d273000-n10-d273000-r2,10,273000,8,2,0,compact_vector_tag_main,incremental_avsa_extra,auditor_verify,verify_aggregate,54.333398,calibrated_estimate,O(a*l),O(l) working space,0,0,accept
common_path,common_path-n10_d273000-n10-d273000-r3,10,273000,8,2,0,compact_vector_tag_main,incremental_avsa_extra,client_submit,mask_tag_generation,57400.756055,calibrated_estimate,O(n^2*T_tag(l)),O(n^2) group elements,2816,69923584,accept
common_path,common_path-n10_d273000-n10-d273000-r3,10,273000,8,2,0,compact_vector_tag_main,incremental_avsa_extra,client_submit,receipt_generation,0.000000,calibrated_estimate,O(n),O(n),960,960,accept
common_path,common_path-n10_d273000-n10-d273000-r3,10,273000,8,2,0,compact_vector_tag_main,incremental_avsa_extra,server_publish,digest_log_build,0.000100,calibrated_estimate,O(n),O(n),432,432,accept
common_path,common_path-n10_d273000-n10-d273000-r3,10,273000,8,2,0,compact_vector_tag_main,incremental_avsa_extra,server_publish,decision_cert_generation,0.000500,calibrated_estimate,O(n),O(n),506,506,accept
common_path,common_path-n10_d273000-n10-d273000-r3,10,273000,8,2,0,compact_vector_tag_main,incremental_avsa_extra,server_publish,maskcert_tag_generation,57405.874805,calibrated_estimate,O(a)+T_tag(l),O(a)+O(l) if S_A published,8736448,8736448,accept
common_path,common_path-n10_d273000-n10-d273000-r3,10,273000,8,2,0,compact_vector_tag_main,incremental_avsa_extra,server_publish,aggregate_cert_generation,54.493359,calibrated_estimate,O(l),"O(l) aggregate mask, x_star excluded",8736160,8736160,accept
common_path,common_path-n10_d273000-n10-d273000-r3,10,273000,8,2,0,compact_vector_tag_main,incremental_avsa_extra,auditor_verify,verify_accepted_decisions,54.706641,calibrated_estimate,O(a*n),O(1),0,0,accept
common_path,common_path-n10_d273000-n10-d273000-r3,10,273000,8,2,0,compact_vector_tag_main,incremental_avsa_extra,auditor_verify,verify_mask_tag,57349.088672,calibrated_estimate,O(a)+T_tag(l),O(a)+O(l) if S_A published,0,0,accept
common_path,common_path-n10_d273000-n10-d273000-r3,10,273000,8,2,0,compact_vector_tag_main,incremental_avsa_extra,auditor_verify,verify_aggregate,54.440039,calibrated_estimate,O(a*l),O(l) working space,0,0,accept
common_path,common_path-n10_d273000-n10-d273000-r4,10,273000,8,2,0,compact_vector_tag_main,incremental_avsa_extra,client_submit,mask_tag_generation,57398.036719,calibrated_estimate,O(n^2*T_tag(l)),O(n^2) group elements,2816,69923584,accept
common_path,common_path-n10_d273000-n10-d273000-r4,10,273000,8,2,0,compact_vector_tag_main,incremental_avsa_extra,client_submit,receipt_generation,0.000100,calibrated_estimate,O(n),O(n),960,960,accept
common_path,common_path-n10_d273000-n10-d273000-r4,10,273000,8,2,0,compact_vector_tag_main,incremental_avsa_extra,server_publish,digest_log_build,0.000000,calibrated_estimate,O(n),O(n),432,432,accept
common_path,common_path-n10_d273000-n10-d273000-r4,10,273000,8,2,0,compact_vector_tag_main,incremental_avsa_extra,server_publish,decision_cert_generation,0.000400,calibrated_estimate,O(n),O(n),506,506,accept
common_path,common_path-n10_d273000-n10-d273000-r4,10,273000,8,2,0,compact_vector_tag_main,incremental_avsa_extra,server_publish,maskcert_tag_generation,58961.921484,calibrated_estimate,O(a)+T_tag(l),O(a)+O(l) if S_A published,8736448,8736448,accept
common_path,common_path-n10_d273000-n10-d273000-r4,10,273000,8,2,0,compact_vector_tag_main,incremental_avsa_extra,server_publish,aggregate_cert_generation,54.493359,calibrated_estimate,O(l),"O(l) aggregate mask, x_star excluded",8736160,8736160,accept
common_path,common_path-n10_d273000-n10-d273000-r4,10,273000,8,2,0,compact_vector_tag_main,incremental_avsa_extra,auditor_verify,verify_accepted_decisions,54.333398,calibrated_estimate,O(a*n),O(1),0,0,accept
common_path,common_path-n10_d273000-n10-d273000-r4,10,273000,8,2,0,compact_vector_tag_main,incremental_avsa_extra,auditor_verify,verify_mask_tag,57413.552930,calibrated_estimate,O(a)+T_tag(l),O(a)+O(l) if S_A published,0,0,accept
common_path,common_path-n10_d273000-n10-d273000-r4,10,273000,8,2,0,compact_vector_tag_main,incremental_avsa_extra,auditor_verify,verify_aggregate,54.386719,calibrated_estimate,O(a*l),O(l) working space,0,0,accept
common_path,common_path-n10_d818000-n10-d818000-r0,10,818000,8,2,0,compact_vector_tag_main,incremental_avsa_extra,client_submit,mask_tag_generation,171948.392969,calibrated_estimate,O(n^2*T_tag(l)),O(n^2) group elements,2816,209443584,accept
common_path,common_path-n10_d818000-n10-d818000-r0,10,818000,8,2,0,compact_vector_tag_main,incremental_avsa_extra,client_submit,receipt_generation,0.000000,calibrated_estimate,O(n),O(n),960,960,accept
common_path,common_path-n10_d818000-n10-d818000-r0,10,818000,8,2,0,compact_vector_tag_main,incremental_avsa_extra,server_publish,digest_log_build,0.000000,calibrated_estimate,O(n),O(n),432,432,accept
common_path,common_path-n10_d818000-n10-d818000-r0,10,818000,8,2,0,compact_vector_tag_main,incremental_avsa_extra,server_publish,decision_cert_generation,0.000300,calibrated_estimate,O(n),O(n),506,506,accept
common_path,common_path-n10_d818000-n10-d818000-r0,10,818000,8,2,0,compact_vector_tag_main,incremental_avsa_extra,server_publish,maskcert_tag_generation,171803.325781,calibrated_estimate,O(a)+T_tag(l),O(a)+O(l) if S_A published,26176448,26176448,accept
common_path,common_path-n10_d818000-n10-d818000-r0,10,818000,8,2,0,compact_vector_tag_main,incremental_avsa_extra,server_publish,aggregate_cert_generation,162.960938,calibrated_estimate,O(l),"O(l) aggregate mask, x_star excluded",26176160,26176160,accept
common_path,common_path-n10_d818000-n10-d818000-r0,10,818000,8,2,0,compact_vector_tag_main,incremental_avsa_extra,auditor_verify,verify_accepted_decisions,162.641406,calibrated_estimate,O(a*n),O(1),0,0,accept
common_path,common_path-n10_d818000-n10-d818000-r0,10,818000,8,2,0,compact_vector_tag_main,incremental_avsa_extra,auditor_verify,verify_mask_tag,171892.954297,calibrated_estimate,O(a)+T_tag(l),O(a)+O(l) if S_A published,0,0,accept
common_path,common_path-n10_d818000-n10-d818000-r0,10,818000,8,2,0,compact_vector_tag_main,incremental_avsa_extra,auditor_verify,verify_aggregate,162.960938,calibrated_estimate,O(a*l),O(l) working space,0,0,accept
common_path,common_path-n10_d818000-n10-d818000-r1,10,818000,8,2,0,compact_vector_tag_main,incremental_avsa_extra,client_submit,mask_tag_generation,171918.996094,calibrated_estimate,O(n^2*T_tag(l)),O(n^2) group elements,2816,209443584,accept
common_path,common_path-n10_d818000-n10-d818000-r1,10,818000,8,2,0,compact_vector_tag_main,incremental_avsa_extra,client_submit,receipt_generation,0.000100,calibrated_estimate,O(n),O(n),960,960,accept
common_path,common_path-n10_d818000-n10-d818000-r1,10,818000,8,2,0,compact_vector_tag_main,incremental_avsa_extra,server_publish,digest_log_build,0.000000,calibrated_estimate,O(n),O(n),432,432,accept
common_path,common_path-n10_d818000-n10-d818000-r1,10,818000,8,2,0,compact_vector_tag_main,incremental_avsa_extra,server_publish,decision_cert_generation,0.000600,calibrated_estimate,O(n),O(n),506,506,accept
common_path,common_path-n10_d818000-n10-d818000-r1,10,818000,8,2,0,compact_vector_tag_main,incremental_avsa_extra,server_publish,maskcert_tag_generation,171310.289062,calibrated_estimate,O(a)+T_tag(l),O(a)+O(l) if S_A published,26176448,26176448,accept
common_path,common_path-n10_d818000-n10-d818000-r1,10,818000,8,2,0,compact_vector_tag_main,incremental_avsa_extra,server_publish,aggregate_cert_generation,162.960938,calibrated_estimate,O(l),"O(l) aggregate mask, x_star excluded",26176160,26176160,accept
common_path,common_path-n10_d818000-n10-d818000-r1,10,818000,8,2,0,compact_vector_tag_main,incremental_avsa_extra,auditor_verify,verify_accepted_decisions,164.079297,calibrated_estimate,O(a*n),O(1),0,0,accept
common_path,common_path-n10_d818000-n10-d818000-r1,10,818000,8,2,0,compact_vector_tag_main,incremental_avsa_extra,auditor_verify,verify_mask_tag,172095.856641,calibrated_estimate,O(a)+T_tag(l),O(a)+O(l) if S_A published,0,0,accept
common_path,common_path-n10_d818000-n10-d818000-r1,10,818000,8,2,0,compact_vector_tag_main,incremental_avsa_extra,auditor_verify,verify_aggregate,162.960938,calibrated_estimate,O(a*l),O(l) working space,0,0,accept
common_path,common_path-n10_d818000-n10-d818000-r2,10,818000,8,2,0,compact_vector_tag_main,incremental_avsa_extra,client_submit,mask_tag_generation,172011.500391,calibrated_estimate,O(n^2*T_tag(l)),O(n^2) group elements,2816,209443584,accept
common_path,common_path-n10_d818000-n10-d818000-r2,10,818000,8,2,0,compact_vector_tag_main,incremental_avsa_extra,client_submit,receipt_generation,0.000000,calibrated_estimate,O(n),O(n),960,960,accept
common_path,common_path-n10_d818000-n10-d818000-r2,10,818000,8,2,0,compact_vector_tag_main,incremental_avsa_extra,server_publish,digest_log_build,0.000000,calibrated_estimate,O(n),O(n),432,432,accept
common_path,common_path-n10_d818000-n10-d818000-r2,10,818000,8,2,0,compact_vector_tag_main,incremental_avsa_extra,server_publish,decision_cert_generation,0.000300,calibrated_estimate,O(n),O(n),506,506,accept
common_path,common_path-n10_d818000-n10-d818000-r2,10,818000,8,2,0,compact_vector_tag_main,incremental_avsa_extra,server_publish,maskcert_tag_generation,170537.822266,calibrated_estimate,O(a)+T_tag(l),O(a)+O(l) if S_A published,26176448,26176448,accept
common_path,common_path-n10_d818000-n10-d818000-r2,10,818000,8,2,0,compact_vector_tag_main,incremental_avsa_extra,server_publish,aggregate_cert_generation,159.605859,calibrated_estimate,O(l),"O(l) aggregate mask, x_star excluded",26176160,26176160,accept
common_path,common_path-n10_d818000-n10-d818000-r2,10,818000,8,2,0,compact_vector_tag_main,incremental_avsa_extra,auditor_verify,verify_accepted_decisions,159.286328,calibrated_estimate,O(a*n),O(1),0,0,accept
common_path,common_path-n10_d818000-n10-d818000-r2,10,818000,8,2,0,compact_vector_tag_main,incremental_avsa_extra,auditor_verify,verify_mask_tag,171257.885938,calibrated_estimate,O(a)+T_tag(l),O(a)+O(l) if S_A published,0,0,accept
common_path,common_path-n10_d818000-n10-d818000-r2,10,818000,8,2,0,compact_vector_tag_main,incremental_avsa_extra,auditor_verify,verify_aggregate,162.960938,calibrated_estimate,O(a*l),O(l) working space,0,0,accept
common_path,common_path-n10_d818000-n10-d818000-r3,10,818000,8,2,0,compact_vector_tag_main,incremental_avsa_extra,client_submit,mask_tag_generation,171768.337109,calibrated_estimate,O(n^2*T_tag(l)),O(n^2) group elements,2816,209443584,accept
common_path,common_path-n10_d818000-n10-d818000-r3,10,818000,8,2,0,compact_vector_tag_main,incremental_avsa_extra,client_submit,receipt_generation,0.000000,calibrated_estimate,O(n),O(n),960,960,accept
common_path,common_path-n10_d818000-n10-d818000-r3,10,818000,8,2,0,compact_vector_tag_main,incremental_avsa_extra,server_publish,digest_log_build,0.000000,calibrated_estimate,O(n),O(n),432,432,accept
common_path,common_path-n10_d818000-n10-d818000-r3,10,818000,8,2,0,compact_vector_tag_main,incremental_avsa_extra,server_publish,decision_cert_generation,0.000400,calibrated_estimate,O(n),O(n),506,506,accept
common_path,common_path-n10_d818000-n10-d818000-r3,10,818000,8,2,0,compact_vector_tag_main,incremental_avsa_extra,server_publish,maskcert_tag_generation,171877.936328,calibrated_estimate,O(a)+T_tag(l),O(a)+O(l) if S_A published,26176448,26176448,accept
common_path,common_path-n10_d818000-n10-d818000-r3,10,818000,8,2,0,compact_vector_tag_main,incremental_avsa_extra,server_publish,aggregate_cert_generation,162.960938,calibrated_estimate,O(l),"O(l) aggregate mask, x_star excluded",26176160,26176160,accept
common_path,common_path-n10_d818000-n10-d818000-r3,10,818000,8,2,0,compact_vector_tag_main,incremental_avsa_extra,auditor_verify,verify_accepted_decisions,162.801172,calibrated_estimate,O(a*n),O(1),0,0,accept
common_path,common_path-n10_d818000-n10-d818000-r3,10,818000,8,2,0,compact_vector_tag_main,incremental_avsa_extra,auditor_verify,verify_mask_tag,171855.249609,calibrated_estimate,O(a)+T_tag(l),O(a)+O(l) if S_A published,0,0,accept
common_path,common_path-n10_d818000-n10-d818000-r3,10,818000,8,2,0,compact_vector_tag_main,incremental_avsa_extra,auditor_verify,verify_aggregate,162.801172,calibrated_estimate,O(a*l),O(l) working space,0,0,accept
common_path,common_path-n10_d818000-n10-d818000-r4,10,818000,8,2,0,compact_vector_tag_main,incremental_avsa_extra,client_submit,mask_tag_generation,172657.592578,calibrated_estimate,O(n^2*T_tag(l)),O(n^2) group elements,2816,209443584,accept
common_path,common_path-n10_d818000-n10-d818000-r4,10,818000,8,2,0,compact_vector_tag_main,incremental_avsa_extra,client_submit,receipt_generation,0.000000,calibrated_estimate,O(n),O(n),960,960,accept
common_path,common_path-n10_d818000-n10-d818000-r4,10,818000,8,2,0,compact_vector_tag_main,incremental_avsa_extra,server_publish,digest_log_build,0.000000,calibrated_estimate,O(n),O(n),432,432,accept
common_path,common_path-n10_d818000-n10-d818000-r4,10,818000,8,2,0,compact_vector_tag_main,incremental_avsa_extra,server_publish,decision_cert_generation,0.000500,calibrated_estimate,O(n),O(n),506,506,accept
common_path,common_path-n10_d818000-n10-d818000-r4,10,818000,8,2,0,compact_vector_tag_main,incremental_avsa_extra,server_publish,maskcert_tag_generation,171769.295703,calibrated_estimate,O(a)+T_tag(l),O(a)+O(l) if S_A published,26176448,26176448,accept
common_path,common_path-n10_d818000-n10-d818000-r4,10,818000,8,2,0,compact_vector_tag_main,incremental_avsa_extra,server_publish,aggregate_cert_generation,162.960938,calibrated_estimate,O(l),"O(l) aggregate mask, x_star excluded",26176160,26176160,accept
common_path,common_path-n10_d818000-n10-d818000-r4,10,818000,8,2,0,compact_vector_tag_main,incremental_avsa_extra,auditor_verify,verify_accepted_decisions,162.801172,calibrated_estimate,O(a*n),O(1),0,0,accept
common_path,common_path-n10_d818000-n10-d818000-r4,10,818000,8,2,0,compact_vector_tag_main,incremental_avsa_extra,auditor_verify,verify_mask_tag,171617.198828,calibrated_estimate,O(a)+T_tag(l),O(a)+O(l) if S_A published,0,0,accept
common_path,common_path-n10_d818000-n10-d818000-r4,10,818000,8,2,0,compact_vector_tag_main,incremental_avsa_extra,auditor_verify,verify_aggregate,163.120703,calibrated_estimate,O(a*l),O(l) working space,0,0,accept
common_path,common_path-n20_d19000-n20-d19000-r0,20,19000,16,4,0,compact_vector_tag_main,incremental_avsa_extra,client_submit,mask_tag_generation,8027.448047,calibrated_estimate,O(n^2*T_tag(l)),O(n^2) group elements,10752,9804288,accept
common_path,common_path-n20_d19000-n20-d19000-r0,20,19000,16,4,0,compact_vector_tag_main,incremental_avsa_extra,client_submit,receipt_generation,0.000000,calibrated_estimate,O(n),O(n),1920,1920,accept
common_path,common_path-n20_d19000-n20-d19000-r0,20,19000,16,4,0,compact_vector_tag_main,incremental_avsa_extra,server_publish,digest_log_build,0.000100,calibrated_estimate,O(n),O(n),832,832,accept
common_path,common_path-n20_d19000-n20-d19000-r0,20,19000,16,4,0,compact_vector_tag_main,incremental_avsa_extra,server_publish,decision_cert_generation,0.000900,calibrated_estimate,O(n),O(n),916,916,accept
common_path,common_path-n20_d19000-n20-d19000-r0,20,19000,16,4,0,compact_vector_tag_main,incremental_avsa_extra,server_publish,maskcert_tag_generation,7988.275391,calibrated_estimate,O(a)+T_tag(l),O(a)+O(l) if S_A published,608768,608768,accept
common_path,common_path-n20_d19000-n20-d19000-r0,20,19000,16,4,0,compact_vector_tag_main,incremental_avsa_extra,server_publish,aggregate_cert_generation,7.577734,calibrated_estimate,O(l),"O(l) aggregate mask, x_star excluded",608224,608224,accept
common_path,common_path-n20_d19000-n20-d19000-r0,20,19000,16,4,0,compact_vector_tag_main,incremental_avsa_extra,auditor_verify,verify_accepted_decisions,7.555469,calibrated_estimate,O(a*n),O(1),0,0,accept
common_path,common_path-n20_d19000-n20-d19000-r0,20,19000,16,4,0,compact_vector_tag_main,incremental_avsa_extra,auditor_verify,verify_mask_tag,7972.414844,calibrated_estimate,O(a)+T_tag(l),O(a)+O(l) if S_A published,0,0,accept
common_path,common_path-n20_d19000-n20-d19000-r0,20,19000,16,4,0,compact_vector_tag_main,incremental_avsa_extra,auditor_verify,verify_aggregate,7.570312,calibrated_estimate,O(a*l),O(l) working space,0,0,accept
common_path,common_path-n20_d19000-n20-d19000-r1,20,19000,16,4,0,compact_vector_tag_main,incremental_avsa_extra,client_submit,mask_tag_generation,7981.202344,calibrated_estimate,O(n^2*T_tag(l)),O(n^2) group elements,10752,9804288,accept
common_path,common_path-n20_d19000-n20-d19000-r1,20,19000,16,4,0,compact_vector_tag_main,incremental_avsa_extra,client_submit,receipt_generation,0.000000,calibrated_estimate,O(n),O(n),1920,1920,accept
common_path,common_path-n20_d19000-n20-d19000-r1,20,19000,16,4,0,compact_vector_tag_main,incremental_avsa_extra,server_publish,digest_log_build,0.000000,calibrated_estimate,O(n),O(n),832,832,accept
common_path,common_path-n20_d19000-n20-d19000-r1,20,19000,16,4,0,compact_vector_tag_main,incremental_avsa_extra,server_publish,decision_cert_generation,0.000800,calibrated_estimate,O(n),O(n),916,916,accept
common_path,common_path-n20_d19000-n20-d19000-r1,20,19000,16,4,0,compact_vector_tag_main,incremental_avsa_extra,server_publish,maskcert_tag_generation,7981.944531,calibrated_estimate,O(a)+T_tag(l),O(a)+O(l) if S_A published,608768,608768,accept
common_path,common_path-n20_d19000-n20-d19000-r1,20,19000,16,4,0,compact_vector_tag_main,incremental_avsa_extra,server_publish,aggregate_cert_generation,7.570312,calibrated_estimate,O(l),"O(l) aggregate mask, x_star excluded",608224,608224,accept
common_path,common_path-n20_d19000-n20-d19000-r1,20,19000,16,4,0,compact_vector_tag_main,incremental_avsa_extra,auditor_verify,verify_accepted_decisions,7.555469,calibrated_estimate,O(a*n),O(1),0,0,accept
common_path,common_path-n20_d19000-n20-d19000-r1,20,19000,16,4,0,compact_vector_tag_main,incremental_avsa_extra,auditor_verify,verify_mask_tag,7977.639844,calibrated_estimate,O(a)+T_tag(l),O(a)+O(l) if S_A published,0,0,accept
common_path,common_path-n20_d19000-n20-d19000-r1,20,19000,16,4,0,compact_vector_tag_main,incremental_avsa_extra,auditor_verify,verify_aggregate,7.570312,calibrated_estimate,O(a*l),O(l) working space,0,0,accept
common_path,common_path-n20_d19000-n20-d19000-r2,20,19000,16,4,0,compact_vector_tag_main,incremental_avsa_extra,client_submit,mask_tag_generation,7992.364844,calibrated_estimate,O(n^2*T_tag(l)),O(n^2) group elements,10752,9804288,accept
common_path,common_path-n20_d19000-n20-d19000-r2,20,19000,16,4,0,compact_vector_tag_main,incremental_avsa_extra,client_submit,receipt_generation,0.000000,calibrated_estimate,O(n),O(n),1920,1920,accept
common_path,common_path-n20_d19000-n20-d19000-r2,20,19000,16,4,0,compact_vector_tag_main,incremental_avsa_extra,server_publish,digest_log_build,0.000100,calibrated_estimate,O(n),O(n),832,832,accept
common_path,common_path-n20_d19000-n20-d19000-r2,20,19000,16,4,0,compact_vector_tag_main,incremental_avsa_extra,server_publish,decision_cert_generation,0.000600,calibrated_estimate,O(n),O(n),916,916,accept
common_path,common_path-n20_d19000-n20-d19000-r2,20,19000,16,4,0,compact_vector_tag_main,incremental_avsa_extra,server_publish,maskcert_tag_generation,7980.860938,calibrated_estimate,O(a)+T_tag(l),O(a)+O(l) if S_A published,608768,608768,accept
common_path,common_path-n20_d19000-n20-d19000-r2,20,19000,16,4,0,compact_vector_tag_main,incremental_avsa_extra,server_publish,aggregate_cert_generation,7.570312,calibrated_estimate,O(l),"O(l) aggregate mask, x_star excluded",608224,608224,accept
common_path,common_path-n20_d19000-n20-d19000-r2,20,19000,16,4,0,compact_vector_tag_main,incremental_avsa_extra,auditor_verify,verify_accepted_decisions,7.562891,calibrated_estimate,O(a*n),O(1),0,0,accept
common_path,common_path-n20_d19000-n20-d19000-r2,20,19000,16,4,0,compact_vector_tag_main,incremental_avsa_extra,auditor_verify,verify_mask_tag,7992.795312,calibrated_estimate,O(a)+T_tag(l),O(a)+O(l) if S_A published,0,0,accept
common_path,common_path-n20_d19000-n20-d19000-r2,20,19000,16,4,0,compact_vector_tag_main,incremental_avsa_extra,auditor_verify,verify_aggregate,7.585156,calibrated_estimate,O(a*l),O(l) working space,0,0,accept
common_path,common_path-n20_d19000-n20-d19000-r3,20,19000,16,4,0,compact_vector_tag_main,incremental_avsa_extra,client_submit,mask_tag_generation,7977.721484,calibrated_estimate,O(n^2*T_tag(l)),O(n^2) group elements,10752,9804288,accept
common_path,common_path-n20_d19000-n20-d19000-r3,20,19000,16,4,0,compact_vector_tag_main,incremental_avsa_extra,client_submit,receipt_generation,0.000100,calibrated_estimate,O(n),O(n),1920,1920,accept
common_path,common_path-n20_d19000-n20-d19000-r3,20,19000,16,4,0,compact_vector_tag_main,incremental_avsa_extra,server_publish,digest_log_build,0.000100,calibrated_estimate,O(n),O(n),832,832,accept
common_path,common_path-n20_d19000-n20-d19000-r3,20,19000,16,4,0,compact_vector_tag_main,incremental_avsa_extra,server_publish,decision_cert_generation,0.000800,calibrated_estimate,O(n),O(n),916,916,accept
common_path,common_path-n20_d19000-n20-d19000-r3,20,19000,16,4,0,compact_vector_tag_main,incremental_avsa_extra,server_publish,maskcert_tag_generation,7991.823047,calibrated_estimate,O(a)+T_tag(l),O(a)+O(l) if S_A published,608768,608768,accept
common_path,common_path-n20_d19000-n20-d19000-r3,20,19000,16,4,0,compact_vector_tag_main,incremental_avsa_extra,server_publish,aggregate_cert_generation,7.570312,calibrated_estimate,O(l),"O(l) aggregate mask, x_star excluded",608224,608224,accept
common_path,common_path-n20_d19000-n20-d19000-r3,20,19000,16,4,0,compact_vector_tag_main,incremental_avsa_extra,auditor_verify,verify_accepted_decisions,7.622266,calibrated_estimate,O(a*n),O(1),0,0,accept
common_path,common_path-n20_d19000-n20-d19000-r3,20,19000,16,4,0,compact_vector_tag_main,incremental_avsa_extra,auditor_verify,verify_mask_tag,8007.995313,calibrated_estimate,O(a)+T_tag(l),O(a)+O(l) if S_A published,0,0,accept
common_path,common_path-n20_d19000-n20-d19000-r3,20,19000,16,4,0,compact_vector_tag_main,incremental_avsa_extra,auditor_verify,verify_aggregate,7.570312,calibrated_estimate,O(a*l),O(l) working space,0,0,accept
common_path,common_path-n20_d19000-n20-d19000-r4,20,19000,16,4,0,compact_vector_tag_main,incremental_avsa_extra,client_submit,mask_tag_generation,8002.094922,calibrated_estimate,O(n^2*T_tag(l)),O(n^2) group elements,10752,9804288,accept
common_path,common_path-n20_d19000-n20-d19000-r4,20,19000,16,4,0,compact_vector_tag_main,incremental_avsa_extra,client_submit,receipt_generation,0.000000,calibrated_estimate,O(n),O(n),1920,1920,accept
common_path,common_path-n20_d19000-n20-d19000-r4,20,19000,16,4,0,compact_vector_tag_main,incremental_avsa_extra,server_publish,digest_log_build,0.000100,calibrated_estimate,O(n),O(n),832,832,accept
common_path,common_path-n20_d19000-n20-d19000-r4,20,19000,16,4,0,compact_vector_tag_main,incremental_avsa_extra,server_publish,decision_cert_generation,0.000600,calibrated_estimate,O(n),O(n),916,916,accept
common_path,common_path-n20_d19000-n20-d19000-r4,20,19000,16,4,0,compact_vector_tag_main,incremental_avsa_extra,server_publish,maskcert_tag_generation,7988.750391,calibrated_estimate,O(a)+T_tag(l),O(a)+O(l) if S_A published,608768,608768,accept
common_path,common_path-n20_d19000-n20-d19000-r4,20,19000,16,4,0,compact_vector_tag_main,incremental_avsa_extra,server_publish,aggregate_cert_generation,7.585156,calibrated_estimate,O(l),"O(l) aggregate mask, x_star excluded",608224,608224,accept
common_path,common_path-n20_d19000-n20-d19000-r4,20,19000,16,4,0,compact_vector_tag_main,incremental_avsa_extra,auditor_verify,verify_accepted_decisions,7.555469,calibrated_estimate,O(a*n),O(1),0,0,accept
common_path,common_path-n20_d19000-n20-d19000-r4,20,19000,16,4,0,compact_vector_tag_main,incremental_avsa_extra,auditor_verify,verify_mask_tag,7983.681250,calibrated_estimate,O(a)+T_tag(l),O(a)+O(l) if S_A published,0,0,accept
common_path,common_path-n20_d19000-n20-d19000-r4,20,19000,16,4,0,compact_vector_tag_main,incremental_avsa_extra,auditor_verify,verify_aggregate,7.570312,calibrated_estimate,O(a*l),O(l) working space,0,0,accept
common_path,common_path-n20_d62000-n20-d62000-r0,20,62000,16,4,0,compact_vector_tag_main,incremental_avsa_extra,client_submit,mask_tag_generation,26051.964062,calibrated_estimate,O(n^2*T_tag(l)),O(n^2) group elements,10752,31820288,accept
common_path,common_path-n20_d62000-n20-d62000-r0,20,62000,16,4,0,compact_vector_tag_main,incremental_avsa_extra,client_submit,receipt_generation,0.000100,calibrated_estimate,O(n),O(n),1920,1920,accept
common_path,common_path-n20_d62000-n20-d62000-r0,20,62000,16,4,0,compact_vector_tag_main,incremental_avsa_extra,server_publish,digest_log_build,0.000100,calibrated_estimate,O(n),O(n),832,832,accept
common_path,common_path-n20_d62000-n20-d62000-r0,20,62000,16,4,0,compact_vector_tag_main,incremental_avsa_extra,server_publish,decision_cert_generation,0.000600,calibrated_estimate,O(n),O(n),916,916,accept
common_path,common_path-n20_d62000-n20-d62000-r0,20,62000,16,4,0,compact_vector_tag_main,incremental_avsa_extra,server_publish,maskcert_tag_generation,26049.639062,calibrated_estimate,O(a)+T_tag(l),O(a)+O(l) if S_A published,1984768,1984768,accept
common_path,common_path-n20_d62000-n20-d62000-r0,20,62000,16,4,0,compact_vector_tag_main,incremental_avsa_extra,server_publish,aggregate_cert_generation,24.703125,calibrated_estimate,O(l),"O(l) aggregate mask, x_star excluded",1984224,1984224,accept
common_path,common_path-n20_d62000-n20-d62000-r0,20,62000,16,4,0,compact_vector_tag_main,incremental_avsa_extra,auditor_verify,verify_accepted_decisions,24.678906,calibrated_estimate,O(a*n),O(1),0,0,accept
common_path,common_path-n20_d62000-n20-d62000-r0,20,62000,16,4,0,compact_vector_tag_main,incremental_avsa_extra,auditor_verify,verify_mask_tag,26067.197656,calibrated_estimate,O(a)+T_tag(l),O(a)+O(l) if S_A published,0,0,accept
common_path,common_path-n20_d62000-n20-d62000-r0,20,62000,16,4,0,compact_vector_tag_main,incremental_avsa_extra,auditor_verify,verify_aggregate,24.751562,calibrated_estimate,O(a*l),O(l) working space,0,0,accept
common_path,common_path-n20_d62000-n20-d62000-r1,20,62000,16,4,0,compact_vector_tag_main,incremental_avsa_extra,client_submit,mask_tag_generation,26060.222656,calibrated_estimate,O(n^2*T_tag(l)),O(n^2) group elements,10752,31820288,accept
common_path,common_path-n20_d62000-n20-d62000-r1,20,62000,16,4,0,compact_vector_tag_main,incremental_avsa_extra,client_submit,receipt_generation,0.000100,calibrated_estimate,O(n),O(n),1920,1920,accept
common_path,common_path-n20_d62000-n20-d62000-r1,20,62000,16,4,0,compact_vector_tag_main,incremental_avsa_extra,server_publish,digest_log_build,0.000100,calibrated_estimate,O(n),O(n),832,832,accept
common_path,common_path-n20_d62000-n20-d62000-r1,20,62000,16,4,0,compact_vector_tag_main,incremental_avsa_extra,server_publish,decision_cert_generation,0.000800,calibrated_estimate,O(n),O(n),916,916,accept
common_path,common_path-n20_d62000-n20-d62000-r1,20,62000,16,4,0,compact_vector_tag_main,incremental_avsa_extra,server_publish,maskcert_tag_generation,26051.116406,calibrated_estimate,O(a)+T_tag(l),O(a)+O(l) if S_A published,1984768,1984768,accept
common_path,common_path-n20_d62000-n20-d62000-r1,20,62000,16,4,0,compact_vector_tag_main,incremental_avsa_extra,server_publish,aggregate_cert_generation,24.703125,calibrated_estimate,O(l),"O(l) aggregate mask, x_star excluded",1984224,1984224,accept
common_path,common_path-n20_d62000-n20-d62000-r1,20,62000,16,4,0,compact_vector_tag_main,incremental_avsa_extra,auditor_verify,verify_accepted_decisions,24.678906,calibrated_estimate,O(a*n),O(1),0,0,accept
common_path,common_path-n20_d62000-n20-d62000-r1,20,62000,16,4,0,compact_vector_tag_main,incremental_avsa_extra,auditor_verify,verify_mask_tag,26041.283594,calibrated_estimate,O(a)+T_tag(l),O(a)+O(l) if S_A published,0,0,accept
common_path,common_path-n20_d62000-n20-d62000-r1,20,62000,16,4,0,compact_vector_tag_main,incremental_avsa_extra,auditor_verify,verify_aggregate,24.703125,calibrated_estimate,O(a*l),O(l) working space,0,0,accept
common_path,common_path-n20_d62000-n20-d62000-r2,20,62000,16,4,0,compact_vector_tag_main,incremental_avsa_extra,client_submit,mask_tag_generation,26058.309375,calibrated_estimate,O(n^2*T_tag(l)),O(n^2) group elements,10752,31820288,accept
common_path,common_path-n20_d62000-n20-d62000-r2,20,62000,16,4,0,compact_vector_tag_main,incremental_avsa_extra,client_submit,receipt_generation,0.000000,calibrated_estimate,O(n),O(n),1920,1920,accept
common_path,common_path-n20_d62000-n20-d62000-r2,20,62000,16,4,0,compact_vector_tag_main,incremental_avsa_extra,server_publish,digest_log_build,0.000100,calibrated_estimate,O(n),O(n),832,832,accept
common_path,common_path-n20_d62000-n20-d62000-r2,20,62000,16,4,0,compact_vector_tag_main,incremental_avsa_extra,server_publish,decision_cert_generation,0.000600,calibrated_estimate,O(n),O(n),916,916,accept
common_path,common_path-n20_d62000-n20-d62000-r2,20,62000,16,4,0,compact_vector_tag_main,incremental_avsa_extra,server_publish,maskcert_tag_generation,26121.423438,calibrated_estimate,O(a)+T_tag(l),O(a)+O(l) if S_A published,1984768,1984768,accept
common_path,common_path-n20_d62000-n20-d62000-r2,20,62000,16,4,0,compact_vector_tag_main,incremental_avsa_extra,server_publish,aggregate_cert_generation,24.727344,calibrated_estimate,O(l),"O(l) aggregate mask, x_star excluded",1984224,1984224,accept
common_path,common_path-n20_d62000-n20-d62000-r2,20,62000,16,4,0,compact_vector_tag_main,incremental_avsa_extra,auditor_verify,verify_accepted_decisions,24.678906,calibrated_estimate,O(a*n),O(1),0,0,accept
common_path,common_path-n20_d62000-n20-d62000-r2,20,62000,16,4,0,compact_vector_tag_main,incremental_avsa_extra,auditor_verify,verify_mask_tag,26043.657031,calibrated_estimate,O(a)+T_tag(l),O(a)+O(l) if S_A published,0,0,accept
common_path,common_path-n20_d62000-n20-d62000-r2,20,62000,16,4,0,compact_vector_tag_main,incremental_avsa_extra,auditor_verify,verify_aggregate,24.678906,calibrated_estimate,O(a*l),O(l) working space,0,0,accept
common_path,common_path-n20_d62000-n20-d62000-r3,20,62000,16,4,0,compact_vector_tag_main,incremental_avsa_extra,client_submit,mask_tag_generation,26036.464062,calibrated_estimate,O(n^2*T_tag(l)),O(n^2) group elements,10752,31820288,accept
common_path,common_path-n20_d62000-n20-d62000-r3,20,62000,16,4,0,compact_vector_tag_main,incremental_avsa_extra,client_submit,receipt_generation,0.000000,calibrated_estimate,O(n),O(n),1920,1920,accept
common_path,common_path-n20_d62000-n20-d62000-r3,20,62000,16,4,0,compact_vector_tag_main,incremental_avsa_extra,server_publish,digest_log_build,0.000100,calibrated_estimate,O(n),O(n),832,832,accept
common_path,common_path-n20_d62000-n20-d62000-r3,20,62000,16,4,0,compact_vector_tag_main,incremental_avsa_extra,server_publish,decision_cert_generation,0.000600,calibrated_estimate,O(n),O(n),916,916,accept
common_path,common_path-n20_d62000-n20-d62000-r3,20,62000,16,4,0,compact_vector_tag_main,incremental_avsa_extra,server_publish,maskcert_tag_generation,26073.228125,calibrated_estimate,O(a)+T_tag(l),O(a)+O(l) if S_A published,1984768,1984768,accept
common_path,common_path-n20_d62000-n20-d62000-r3,20,62000,16,4,0,compact_vector_tag_main,incremental_avsa_extra,server_publish,aggregate_cert_generation,24.703125,calibrated_estimate,O(l),"O(l) aggregate mask, x_star excluded",1984224,1984224,accept
common_path,common_path-n20_d62000-n20-d62000-r3,20,62000,16,4,0,compact_vector_tag_main,incremental_avsa_extra,auditor_verify,verify_accepted_decisions,24.654687,calibrated_estimate,O(a*n),O(1),0,0,accept
common_path,common_path-n20_d62000-n20-d62000-r3,20,62000,16,4,0,compact_vector_tag_main,incremental_avsa_extra,auditor_verify,verify_mask_tag,26049.324219,calibrated_estimate,O(a)+T_tag(l),O(a)+O(l) if S_A published,0,0,accept
common_path,common_path-n20_d62000-n20-d62000-r3,20,62000,16,4,0,compact_vector_tag_main,incremental_avsa_extra,auditor_verify,verify_aggregate,24.727344,calibrated_estimate,O(a*l),O(l) working space,0,0,accept
common_path,common_path-n20_d62000-n20-d62000-r4,20,62000,16,4,0,compact_vector_tag_main,incremental_avsa_extra,client_submit,mask_tag_generation,26024.790625,calibrated_estimate,O(n^2*T_tag(l)),O(n^2) group elements,10752,31820288,accept
common_path,common_path-n20_d62000-n20-d62000-r4,20,62000,16,4,0,compact_vector_tag_main,incremental_avsa_extra,client_submit,receipt_generation,0.000000,calibrated_estimate,O(n),O(n),1920,1920,accept
common_path,common_path-n20_d62000-n20-d62000-r4,20,62000,16,4,0,compact_vector_tag_main,incremental_avsa_extra,server_publish,digest_log_build,0.000000,calibrated_estimate,O(n),O(n),832,832,accept
common_path,common_path-n20_d62000-n20-d62000-r4,20,62000,16,4,0,compact_vector_tag_main,incremental_avsa_extra,server_publish,decision_cert_generation,0.000700,calibrated_estimate,O(n),O(n),916,916,accept
common_path,common_path-n20_d62000-n20-d62000-r4,20,62000,16,4,0,compact_vector_tag_main,incremental_avsa_extra,server_publish,maskcert_tag_generation,26050.922656,calibrated_estimate,O(a)+T_tag(l),O(a)+O(l) if S_A published,1984768,1984768,accept
common_path,common_path-n20_d62000-n20-d62000-r4,20,62000,16,4,0,compact_vector_tag_main,incremental_avsa_extra,server_publish,aggregate_cert_generation,24.727344,calibrated_estimate,O(l),"O(l) aggregate mask, x_star excluded",1984224,1984224,accept
common_path,common_path-n20_d62000-n20-d62000-r4,20,62000,16,4,0,compact_vector_tag_main,incremental_avsa_extra,auditor_verify,verify_accepted_decisions,24.678906,calibrated_estimate,O(a*n),O(1),0,0,accept
common_path,common_path-n20_d62000-n20-d62000-r4,20,62000,16,4,0,compact_vector_tag_main,incremental_avsa_extra,auditor_verify,verify_mask_tag,26080.953906,calibrated_estimate,O(a)+T_tag(l),O(a)+O(l) if S_A published,0,0,accept
common_path,common_path-n20_d62000-n20-d62000-r4,20,62000,16,4,0,compact_vector_tag_main,incremental_avsa_extra,auditor_verify,verify_aggregate,24.751562,calibrated_estimate,O(a*l),O(l) working space,0,0,accept
common_path,common_path-n20_d273000-n20-d273000-r0,20,273000,16,4,0,compact_vector_tag_main,incremental_avsa_extra,client_submit,mask_tag_generation,114707.775000,calibrated_estimate,O(n^2*T_tag(l)),O(n^2) group elements,10752,139852288,accept
common_path,common_path-n20_d273000-n20-d273000-r0,20,273000,16,4,0,compact_vector_tag_main,incremental_avsa_extra,client_submit,receipt_generation,0.000100,calibrated_estimate,O(n),O(n),1920,1920,accept
common_path,common_path-n20_d273000-n20-d273000-r0,20,273000,16,4,0,compact_vector_tag_main,incremental_avsa_extra,server_publish,digest_log_build,0.000100,calibrated_estimate,O(n),O(n),832,832,accept
common_path,common_path-n20_d273000-n20-d273000-r0,20,273000,16,4,0,compact_vector_tag_main,incremental_avsa_extra,server_publish,decision_cert_generation,0.000600,calibrated_estimate,O(n),O(n),916,916,accept
common_path,common_path-n20_d273000-n20-d273000-r0,20,273000,16,4,0,compact_vector_tag_main,incremental_avsa_extra,server_publish,maskcert_tag_generation,114679.835156,calibrated_estimate,O(a)+T_tag(l),O(a)+O(l) if S_A published,8736768,8736768,accept
common_path,common_path-n20_d273000-n20-d273000-r0,20,273000,16,4,0,compact_vector_tag_main,incremental_avsa_extra,server_publish,aggregate_cert_generation,108.773438,calibrated_estimate,O(l),"O(l) aggregate mask, x_star excluded",8736224,8736224,accept
common_path,common_path-n20_d273000-n20-d273000-r0,20,273000,16,4,0,compact_vector_tag_main,incremental_avsa_extra,auditor_verify,verify_accepted_decisions,108.666797,calibrated_estimate,O(a*n),O(1),0,0,accept
common_path,common_path-n20_d273000-n20-d273000-r0,20,273000,16,4,0,compact_vector_tag_main,incremental_avsa_extra,auditor_verify,verify_mask_tag,114784.342969,calibrated_estimate,O(a)+T_tag(l),O(a)+O(l) if S_A published,0,0,accept
common_path,common_path-n20_d273000-n20-d273000-r0,20,273000,16,4,0,compact_vector_tag_main,incremental_avsa_extra,auditor_verify,verify_aggregate,108.880078,calibrated_estimate,O(a*l),O(l) working space,0,0,accept
common_path,common_path-n20_d273000-n20-d273000-r1,20,273000,16,4,0,compact_vector_tag_main,incremental_avsa_extra,client_submit,mask_tag_generation,114562.957031,calibrated_estimate,O(n^2*T_tag(l)),O(n^2) group elements,10752,139852288,accept
common_path,common_path-n20_d273000-n20-d273000-r1,20,273000,16,4,0,compact_vector_tag_main,incremental_avsa_extra,client_submit,receipt_generation,0.000100,calibrated_estimate,O(n),O(n),1920,1920,accept
common_path,common_path-n20_d273000-n20-d273000-r1,20,273000,16,4,0,compact_vector_tag_main,incremental_avsa_extra,server_publish,digest_log_build,0.000000,calibrated_estimate,O(n),O(n),832,832,accept
common_path,common_path-n20_d273000-n20-d273000-r1,20,273000,16,4,0,compact_vector_tag_main,incremental_avsa_extra,server_publish,decision_cert_generation,0.000600,calibrated_estimate,O(n),O(n),916,916,accept
common_path,common_path-n20_d273000-n20-d273000-r1,20,273000,16,4,0,compact_vector_tag_main,incremental_avsa_extra,server_publish,maskcert_tag_generation,123297.997266,calibrated_estimate,O(a)+T_tag(l),O(a)+O(l) if S_A published,8736768,8736768,accept
common_path,common_path-n20_d273000-n20-d273000-r1,20,273000,16,4,0,compact_vector_tag_main,incremental_avsa_extra,server_publish,aggregate_cert_generation,109.093359,calibrated_estimate,O(l),"O(l) aggregate mask, x_star excluded",8736224,8736224,accept
common_path,common_path-n20_d273000-n20-d273000-r1,20,273000,16,4,0,compact_vector_tag_main,incremental_avsa_extra,auditor_verify,verify_accepted_decisions,108.560156,calibrated_estimate,O(a*n),O(1),0,0,accept
common_path,common_path-n20_d273000-n20-d273000-r1,20,273000,16,4,0,compact_vector_tag_main,incremental_avsa_extra,auditor_verify,verify_mask_tag,114711.933984,calibrated_estimate,O(a)+T_tag(l),O(a)+O(l) if S_A published,0,0,accept
common_path,common_path-n20_d273000-n20-d273000-r1,20,273000,16,4,0,compact_vector_tag_main,incremental_avsa_extra,auditor_verify,verify_aggregate,108.773438,calibrated_estimate,O(a*l),O(l) working space,0,0,accept
common_path,common_path-n20_d273000-n20-d273000-r2,20,273000,16,4,0,compact_vector_tag_main,incremental_avsa_extra,client_submit,mask_tag_generation,114958.593750,calibrated_estimate,O(n^2*T_tag(l)),O(n^2) group elements,10752,139852288,accept
common_path,common_path-n20_d273000-n20-d273000-r2,20,273000,16,4,0,compact_vector_tag_main,incremental_avsa_extra,client_submit,receipt_generation,0.000100,calibrated_estimate,O(n),O(n),1920,1920,accept
common_path,common_path-n20_d273000-n20-d273000-r2,20,273000,16,4,0,compact_vector_tag_main,incremental_avsa_extra,server_publish,digest_log_build,0.000100,calibrated_estimate,O(n),O(n),832,832,accept
common_path,common_path-n20_d273000-n20-d273000-r2,20,273000,16,4,0,compact_vector_tag_main,incremental_avsa_extra,server_publish,decision_cert_generation,0.000700,calibrated_estimate,O(n),O(n),916,916,accept
common_path,common_path-n20_d273000-n20-d273000-r2,20,273000,16,4,0,compact_vector_tag_main,incremental_avsa_extra,server_publish,maskcert_tag_generation,114856.112109,calibrated_estimate,O(a)+T_tag(l),O(a)+O(l) if S_A published,8736768,8736768,accept
common_path,common_path-n20_d273000-n20-d273000-r2,20,273000,16,4,0,compact_vector_tag_main,incremental_avsa_extra,server_publish,aggregate_cert_generation,108.773438,calibrated_estimate,O(l),"O(l) aggregate mask, x_star excluded",8736224,8736224,accept
common_path,common_path-n20_d273000-n20-d273000-r2,20,273000,16,4,0,compact_vector_tag_main,incremental_avsa_extra,auditor_verify,verify_accepted_decisions,108.666797,calibrated_estimate,O(a*n),O(1),0,0,accept
common_path,common_path-n20_d273000-n20-d273000-r2,20,273000,16,4,0,compact_vector_tag_main,incremental_avsa_extra,auditor_verify,verify_mask_tag,114680.261719,calibrated_estimate,O(a)+T_tag(l),O(a)+O(l) if S_A published,0,0,accept
common_path,common_path-n20_d273000-n20-d273000-r2,20,273000,16,4,0,compact_vector_tag_main,incremental_avsa_extra,auditor_verify,verify_aggregate,108.880078,calibrated_estimate,O(a*l),O(l) working space,0,0,accept
common_path,common_path-n20_d273000-n20-d273000-r3,20,273000,16,4,0,compact_vector_tag_main,incremental_avsa_extra,client_submit,mask_tag_generation,114660.533203,calibrated_estimate,O(n^2*T_tag(l)),O(n^2) group elements,10752,139852288,accept
common_path,common_path-n20_d273000-n20-d273000-r3,20,273000,16,4,0,compact_vector_tag_main,incremental_avsa_extra,client_submit,receipt_generation,0.000100,calibrated_estimate,O(n),O(n),1920,1920,accept
common_path,common_path-n20_d273000-n20-d273000-r3,20,273000,16,4,0,compact_vector_tag_main,incremental_avsa_extra,server_publish,digest_log_build,0.000000,calibrated_estimate,O(n),O(n),832,832,accept
common_path,common_path-n20_d273000-n20-d273000-r3,20,273000,16,4,0,compact_vector_tag_main,incremental_avsa_extra,server_publish,decision_cert_generation,0.000600,calibrated_estimate,O(n),O(n),916,916,accept
common_path,common_path-n20_d273000-n20-d273000-r3,20,273000,16,4,0,compact_vector_tag_main,incremental_avsa_extra,server_publish,maskcert_tag_generation,114725.583984,calibrated_estimate,O(a)+T_tag(l),O(a)+O(l) if S_A published,8736768,8736768,accept
common_path,common_path-n20_d273000-n20-d273000-r3,20,273000,16,4,0,compact_vector_tag_main,incremental_avsa_extra,server_publish,aggregate_cert_generation,108.773438,calibrated_estimate,O(l),"O(l) aggregate mask, x_star excluded",8736224,8736224,accept
common_path,common_path-n20_d273000-n20-d273000-r3,20,273000,16,4,0,compact_vector_tag_main,incremental_avsa_extra,auditor_verify,verify_accepted_decisions,108.666797,calibrated_estimate,O(a*n),O(1),0,0,accept
common_path,common_path-n20_d273000-n20-d273000-r3,20,273000,16,4,0,compact_vector_tag_main,incremental_avsa_extra,auditor_verify,verify_mask_tag,114725.477344,calibrated_estimate,O(a)+T_tag(l),O(a)+O(l) if S_A published,0,0,accept
common_path,common_path-n20_d273000-n20-d273000-r3,20,273000,16,4,0,compact_vector_tag_main,incremental_avsa_extra,auditor_verify,verify_aggregate,109.093359,calibrated_estimate,O(a*l),O(l) working space,0,0,accept
common_path,common_path-n20_d273000-n20-d273000-r4,20,273000,16,4,0,compact_vector_tag_main,incremental_avsa_extra,client_submit,mask_tag_generation,114772.719141,calibrated_estimate,O(n^2*T_tag(l)),O(n^2) group elements,10752,139852288,accept
common_path,common_path-n20_d273000-n20-d273000-r4,20,273000,16,4,0,compact_vector_tag_main,incremental_avsa_extra,client_submit,receipt_generation,0.000100,calibrated_estimate,O(n),O(n),1920,1920,accept
common_path,common_path-n20_d273000-n20-d273000-r4,20,273000,16,4,0,compact_vector_tag_main,incremental_avsa_extra,server_publish,digest_log_build,0.000000,calibrated_estimate,O(n),O(n),832,832,accept
common_path,common_path-n20_d273000-n20-d273000-r4,20,273000,16,4,0,compact_vector_tag_main,incremental_avsa_extra,server_publish,decision_cert_generation,0.000700,calibrated_estimate,O(n),O(n),916,916,accept
common_path,common_path-n20_d273000-n20-d273000-r4,20,273000,16,4,0,compact_vector_tag_main,incremental_avsa_extra,server_publish,maskcert_tag_generation,114693.485156,calibrated_estimate,O(a)+T_tag(l),O(a)+O(l) if S_A published,8736768,8736768,accept
common_path,common_path-n20_d273000-n20-d273000-r4,20,273000,16,4,0,compact_vector_tag_main,incremental_avsa_extra,server_publish,aggregate_cert_generation,108.773438,calibrated_estimate,O(l),"O(l) aggregate mask, x_star excluded",8736224,8736224,accept
common_path,common_path-n20_d273000-n20-d273000-r4,20,273000,16,4,0,compact_vector_tag_main,incremental_avsa_extra,auditor_verify,verify_accepted_decisions,108.666797,calibrated_estimate,O(a*n),O(1),0,0,accept
common_path,common_path-n20_d273000-n20-d273000-r4,20,273000,16,4,0,compact_vector_tag_main,incremental_avsa_extra,auditor_verify,verify_mask_tag,114807.377344,calibrated_estimate,O(a)+T_tag(l),O(a)+O(l) if S_A published,0,0,accept
common_path,common_path-n20_d273000-n20-d273000-r4,20,273000,16,4,0,compact_vector_tag_main,incremental_avsa_extra,auditor_verify,verify_aggregate,108.773438,calibrated_estimate,O(a*l),O(l) working space,0,0,accept
common_path,common_path-n20_d818000-n20-d818000-r0,20,818000,16,4,0,compact_vector_tag_main,incremental_avsa_extra,client_submit,mask_tag_generation,343701.552344,calibrated_estimate,O(n^2*T_tag(l)),O(n^2) group elements,10752,418892288,accept
common_path,common_path-n20_d818000-n20-d818000-r0,20,818000,16,4,0,compact_vector_tag_main,incremental_avsa_extra,client_submit,receipt_generation,0.000100,calibrated_estimate,O(n),O(n),1920,1920,accept
common_path,common_path-n20_d818000-n20-d818000-r0,20,818000,16,4,0,compact_vector_tag_main,incremental_avsa_extra,server_publish,digest_log_build,0.000100,calibrated_estimate,O(n),O(n),832,832,accept
common_path,common_path-n20_d818000-n20-d818000-r0,20,818000,16,4,0,compact_vector_tag_main,incremental_avsa_extra,server_publish,decision_cert_generation,0.000600,calibrated_estimate,O(n),O(n),916,916,accept
common_path,common_path-n20_d818000-n20-d818000-r0,20,818000,16,4,0,compact_vector_tag_main,incremental_avsa_extra,server_publish,maskcert_tag_generation,351923.730469,calibrated_estimate,O(a)+T_tag(l),O(a)+O(l) if S_A published,26176768,26176768,accept
common_path,common_path-n20_d818000-n20-d818000-r0,20,818000,16,4,0,compact_vector_tag_main,incremental_avsa_extra,server_publish,aggregate_cert_generation,327.519531,calibrated_estimate,O(l),"O(l) aggregate mask, x_star excluded",26176224,26176224,accept
common_path,common_path-n20_d818000-n20-d818000-r0,20,818000,16,4,0,compact_vector_tag_main,incremental_avsa_extra,auditor_verify,verify_accepted_decisions,331.353906,calibrated_estimate,O(a*n),O(1),0,0,accept
common_path,common_path-n20_d818000-n20-d818000-r0,20,818000,16,4,0,compact_vector_tag_main,incremental_avsa_extra,auditor_verify,verify_mask_tag,343785.908594,calibrated_estimate,O(a)+T_tag(l),O(a)+O(l) if S_A published,0,0,accept
common_path,common_path-n20_d818000-n20-d818000-r0,20,818000,16,4,0,compact_vector_tag_main,incremental_avsa_extra,auditor_verify,verify_aggregate,326.880469,calibrated_estimate,O(a*l),O(l) working space,0,0,accept
common_path,common_path-n20_d818000-n20-d818000-r1,20,818000,16,4,0,compact_vector_tag_main,incremental_avsa_extra,client_submit,mask_tag_generation,355217.778125,calibrated_estimate,O(n^2*T_tag(l)),O(n^2) group elements,10752,418892288,accept
common_path,common_path-n20_d818000-n20-d818000-r1,20,818000,16,4,0,compact_vector_tag_main,incremental_avsa_extra,client_submit,receipt_generation,0.000100,calibrated_estimate,O(n),O(n),1920,1920,accept
common_path,common_path-n20_d818000-n20-d818000-r1,20,818000,16,4,0,compact_vector_tag_main,incremental_avsa_extra,server_publish,digest_log_build,0.000100,calibrated_estimate,O(n),O(n),832,832,accept
common_path,common_path-n20_d818000-n20-d818000-r1,20,818000,16,4,0,compact_vector_tag_main,incremental_avsa_extra,server_publish,decision_cert_generation,0.000800,calibrated_estimate,O(n),O(n),916,916,accept
common_path,common_path-n20_d818000-n20-d818000-r1,20,818000,16,4,0,compact_vector_tag_main,incremental_avsa_extra,server_publish,maskcert_tag_generation,349131.027344,calibrated_estimate,O(a)+T_tag(l),O(a)+O(l) if S_A published,26176768,26176768,accept
common_path,common_path-n20_d818000-n20-d818000-r1,20,818000,16,4,0,compact_vector_tag_main,incremental_avsa_extra,server_publish,aggregate_cert_generation,325.921875,calibrated_estimate,O(l),"O(l) aggregate mask, x_star excluded",26176224,26176224,accept
common_path,common_path-n20_d818000-n20-d818000-r1,20,818000,16,4,0,compact_vector_tag_main,incremental_avsa_extra,auditor_verify,verify_accepted_decisions,325.602344,calibrated_estimate,O(a*n),O(1),0,0,accept
common_path,common_path-n20_d818000-n20-d818000-r1,20,818000,16,4,0,compact_vector_tag_main,incremental_avsa_extra,auditor_verify,verify_mask_tag,345385.482031,calibrated_estimate,O(a)+T_tag(l),O(a)+O(l) if S_A published,0,0,accept
common_path,common_path-n20_d818000-n20-d818000-r1,20,818000,16,4,0,compact_vector_tag_main,incremental_avsa_extra,auditor_verify,verify_aggregate,325.921875,calibrated_estimate,O(a*l),O(l) working space,0,0,accept
common_path,common_path-n20_d818000-n20-d818000-r2,20,818000,16,4,0,compact_vector_tag_main,incremental_avsa_extra,client_submit,mask_tag_generation,343931.934375,calibrated_estimate,O(n^2*T_tag(l)),O(n^2) group elements,10752,418892288,accept
common_path,common_path-n20_d818000-n20-d818000-r2,20,818000,16,4,0,compact_vector_tag_main,incremental_avsa_extra,client_submit,receipt_generation,0.000100,calibrated_estimate,O(n),O(n),1920,1920,accept
common_path,common_path-n20_d818000-n20-d818000-r2,20,818000,16,4,0,compact_vector_tag_main,incremental_avsa_extra,server_publish,digest_log_build,0.000100,calibrated_estimate,O(n),O(n),832,832,accept
common_path,common_path-n20_d818000-n20-d818000-r2,20,818000,16,4,0,compact_vector_tag_main,incremental_avsa_extra,server_publish,decision_cert_generation,0.000600,calibrated_estimate,O(n),O(n),916,916,accept
common_path,common_path-n20_d818000-n20-d818000-r2,20,818000,16,4,0,compact_vector_tag_main,incremental_avsa_extra,server_publish,maskcert_tag_generation,344097.771094,calibrated_estimate,O(a)+T_tag(l),O(a)+O(l) if S_A published,26176768,26176768,accept
common_path,common_path-n20_d818000-n20-d818000-r2,20,818000,16,4,0,compact_vector_tag_main,incremental_avsa_extra,server_publish,aggregate_cert_generation,326.241406,calibrated_estimate,O(l),"O(l) aggregate mask, x_star excluded",26176224,26176224,accept
common_path,common_path-n20_d818000-n20-d818000-r2,20,818000,16,4,0,compact_vector_tag_main,incremental_avsa_extra,auditor_verify,verify_accepted_decisions,325.602344,calibrated_estimate,O(a*n),O(1),0,0,accept
common_path,common_path-n20_d818000-n20-d818000-r2,20,818000,16,4,0,compact_vector_tag_main,incremental_avsa_extra,auditor_verify,verify_mask_tag,343956.538281,calibrated_estimate,O(a)+T_tag(l),O(a)+O(l) if S_A published,0,0,accept
common_path,common_path-n20_d818000-n20-d818000-r2,20,818000,16,4,0,compact_vector_tag_main,incremental_avsa_extra,auditor_verify,verify_aggregate,325.602344,calibrated_estimate,O(a*l),O(l) working space,0,0,accept
common_path,common_path-n20_d818000-n20-d818000-r3,20,818000,16,4,0,compact_vector_tag_main,incremental_avsa_extra,client_submit,mask_tag_generation,351130.973438,calibrated_estimate,O(n^2*T_tag(l)),O(n^2) group elements,10752,418892288,accept
common_path,common_path-n20_d818000-n20-d818000-r3,20,818000,16,4,0,compact_vector_tag_main,incremental_avsa_extra,client_submit,receipt_generation,0.000000,calibrated_estimate,O(n),O(n),1920,1920,accept
common_path,common_path-n20_d818000-n20-d818000-r3,20,818000,16,4,0,compact_vector_tag_main,incremental_avsa_extra,server_publish,digest_log_build,0.000100,calibrated_estimate,O(n),O(n),832,832,accept
common_path,common_path-n20_d818000-n20-d818000-r3,20,818000,16,4,0,compact_vector_tag_main,incremental_avsa_extra,server_publish,decision_cert_generation,0.000900,calibrated_estimate,O(n),O(n),916,916,accept
common_path,common_path-n20_d818000-n20-d818000-r3,20,818000,16,4,0,compact_vector_tag_main,incremental_avsa_extra,server_publish,maskcert_tag_generation,343650.746875,calibrated_estimate,O(a)+T_tag(l),O(a)+O(l) if S_A published,26176768,26176768,accept
common_path,common_path-n20_d818000-n20-d818000-r3,20,818000,16,4,0,compact_vector_tag_main,incremental_avsa_extra,server_publish,aggregate_cert_generation,326.560938,calibrated_estimate,O(l),"O(l) aggregate mask, x_star excluded",26176224,26176224,accept
common_path,common_path-n20_d818000-n20-d818000-r3,20,818000,16,4,0,compact_vector_tag_main,incremental_avsa_extra,auditor_verify,verify_accepted_decisions,325.602344,calibrated_estimate,O(a*n),O(1),0,0,accept
common_path,common_path-n20_d818000-n20-d818000-r3,20,818000,16,4,0,compact_vector_tag_main,incremental_avsa_extra,auditor_verify,verify_mask_tag,343722.641406,calibrated_estimate,O(a)+T_tag(l),O(a)+O(l) if S_A published,0,0,accept
common_path,common_path-n20_d818000-n20-d818000-r3,20,818000,16,4,0,compact_vector_tag_main,incremental_avsa_extra,auditor_verify,verify_aggregate,325.921875,calibrated_estimate,O(a*l),O(l) working space,0,0,accept
common_path,common_path-n20_d818000-n20-d818000-r4,20,818000,16,4,0,compact_vector_tag_main,incremental_avsa_extra,client_submit,mask_tag_generation,344329.111719,calibrated_estimate,O(n^2*T_tag(l)),O(n^2) group elements,10752,418892288,accept
common_path,common_path-n20_d818000-n20-d818000-r4,20,818000,16,4,0,compact_vector_tag_main,incremental_avsa_extra,client_submit,receipt_generation,0.000100,calibrated_estimate,O(n),O(n),1920,1920,accept
common_path,common_path-n20_d818000-n20-d818000-r4,20,818000,16,4,0,compact_vector_tag_main,incremental_avsa_extra,server_publish,digest_log_build,0.000100,calibrated_estimate,O(n),O(n),832,832,accept
common_path,common_path-n20_d818000-n20-d818000-r4,20,818000,16,4,0,compact_vector_tag_main,incremental_avsa_extra,server_publish,decision_cert_generation,0.000800,calibrated_estimate,O(n),O(n),916,916,accept
common_path,common_path-n20_d818000-n20-d818000-r4,20,818000,16,4,0,compact_vector_tag_main,incremental_avsa_extra,server_publish,maskcert_tag_generation,343920.431250,calibrated_estimate,O(a)+T_tag(l),O(a)+O(l) if S_A published,26176768,26176768,accept
common_path,common_path-n20_d818000-n20-d818000-r4,20,818000,16,4,0,compact_vector_tag_main,incremental_avsa_extra,server_publish,aggregate_cert_generation,325.921875,calibrated_estimate,O(l),"O(l) aggregate mask, x_star excluded",26176224,26176224,accept
common_path,common_path-n20_d818000-n20-d818000-r4,20,818000,16,4,0,compact_vector_tag_main,incremental_avsa_extra,auditor_verify,verify_accepted_decisions,325.602344,calibrated_estimate,O(a*n),O(1),0,0,accept
common_path,common_path-n20_d818000-n20-d818000-r4,20,818000,16,4,0,compact_vector_tag_main,incremental_avsa_extra,auditor_verify,verify_mask_tag,343205.320312,calibrated_estimate,O(a)+T_tag(l),O(a)+O(l) if S_A published,0,0,accept
common_path,common_path-n20_d818000-n20-d818000-r4,20,818000,16,4,0,compact_vector_tag_main,incremental_avsa_extra,auditor_verify,verify_aggregate,327.839063,calibrated_estimate,O(a*l),O(l) working space,0,0,accept
common_path,common_path-n50_d19000-n50-d19000-r0,50,19000,40,10,0,compact_vector_tag_main,incremental_avsa_extra,client_submit,mask_tag_generation,19962.617188,calibrated_estimate,O(n^2*T_tag(l)),O(n^2) group elements,65280,24549120,accept
common_path,common_path-n50_d19000-n50-d19000-r0,50,19000,40,10,0,compact_vector_tag_main,incremental_avsa_extra,client_submit,receipt_generation,0.000000,calibrated_estimate,O(n),O(n),4800,4800,accept
common_path,common_path-n50_d19000-n50-d19000-r0,50,19000,40,10,0,compact_vector_tag_main,incremental_avsa_extra,server_publish,digest_log_build,0.000100,calibrated_estimate,O(n),O(n),2032,2032,accept
common_path,common_path-n50_d19000-n50-d19000-r0,50,19000,40,10,0,compact_vector_tag_main,incremental_avsa_extra,server_publish,decision_cert_generation,0.001500,calibrated_estimate,O(n),O(n),2146,2146,accept
common_path,common_path-n50_d19000-n50-d19000-r0,50,19000,40,10,0,compact_vector_tag_main,incremental_avsa_extra,server_publish,maskcert_tag_generation,19970.651367,calibrated_estimate,O(a)+T_tag(l),O(a)+O(l) if S_A published,609728,609728,accept
common_path,common_path-n50_d19000-n50-d19000-r0,50,19000,40,10,0,compact_vector_tag_main,incremental_avsa_extra,server_publish,aggregate_cert_generation,18.925781,calibrated_estimate,O(l),"O(l) aggregate mask, x_star excluded",608416,608416,accept
common_path,common_path-n50_d19000-n50-d19000-r0,50,19000,40,10,0,compact_vector_tag_main,incremental_avsa_extra,auditor_verify,verify_accepted_decisions,18.888672,calibrated_estimate,O(a*n),O(1),0,0,accept
common_path,common_path-n50_d19000-n50-d19000-r0,50,19000,40,10,0,compact_vector_tag_main,incremental_avsa_extra,auditor_verify,verify_mask_tag,19938.032227,calibrated_estimate,O(a)+T_tag(l),O(a)+O(l) if S_A published,0,0,accept
common_path,common_path-n50_d19000-n50-d19000-r0,50,19000,40,10,0,compact_vector_tag_main,incremental_avsa_extra,auditor_verify,verify_aggregate,18.925781,calibrated_estimate,O(a*l),O(l) working space,0,0,accept
common_path,common_path-n50_d19000-n50-d19000-r1,50,19000,40,10,0,compact_vector_tag_main,incremental_avsa_extra,client_submit,mask_tag_generation,19934.543945,calibrated_estimate,O(n^2*T_tag(l)),O(n^2) group elements,65280,24549120,accept
common_path,common_path-n50_d19000-n50-d19000-r1,50,19000,40,10,0,compact_vector_tag_main,incremental_avsa_extra,client_submit,receipt_generation,0.000100,calibrated_estimate,O(n),O(n),4800,4800,accept
common_path,common_path-n50_d19000-n50-d19000-r1,50,19000,40,10,0,compact_vector_tag_main,incremental_avsa_extra,server_publish,digest_log_build,0.000000,calibrated_estimate,O(n),O(n),2032,2032,accept
common_path,common_path-n50_d19000-n50-d19000-r1,50,19000,40,10,0,compact_vector_tag_main,incremental_avsa_extra,server_publish,decision_cert_generation,0.001400,calibrated_estimate,O(n),O(n),2146,2146,accept
common_path,common_path-n50_d19000-n50-d19000-r1,50,19000,40,10,0,compact_vector_tag_main,incremental_avsa_extra,server_publish,maskcert_tag_generation,19976.162109,calibrated_estimate,O(a)+T_tag(l),O(a)+O(l) if S_A published,609728,609728,accept
common_path,common_path-n50_d19000-n50-d19000-r1,50,19000,40,10,0,compact_vector_tag_main,incremental_avsa_extra,server_publish,aggregate_cert_generation,18.925781,calibrated_estimate,O(l),"O(l) aggregate mask, x_star excluded",608416,608416,accept
common_path,common_path-n50_d19000-n50-d19000-r1,50,19000,40,10,0,compact_vector_tag_main,incremental_avsa_extra,auditor_verify,verify_accepted_decisions,18.907227,calibrated_estimate,O(a*n),O(1),0,0,accept
common_path,common_path-n50_d19000-n50-d19000-r1,50,19000,40,10,0,compact_vector_tag_main,incremental_avsa_extra,auditor_verify,verify_mask_tag,19993.677734,calibrated_estimate,O(a)+T_tag(l),O(a)+O(l) if S_A published,0,0,accept
common_path,common_path-n50_d19000-n50-d19000-r1,50,19000,40,10,0,compact_vector_tag_main,incremental_avsa_extra,auditor_verify,verify_aggregate,18.944336,calibrated_estimate,O(a*l),O(l) working space,0,0,accept
common_path,common_path-n50_d19000-n50-d19000-r2,50,19000,40,10,0,compact_vector_tag_main,incremental_avsa_extra,client_submit,mask_tag_generation,19916.378906,calibrated_estimate,O(n^2*T_tag(l)),O(n^2) group elements,65280,24549120,accept
common_path,common_path-n50_d19000-n50-d19000-r2,50,19000,40,10,0,compact_vector_tag_main,incremental_avsa_extra,client_submit,receipt_generation,0.000100,calibrated_estimate,O(n),O(n),4800,4800,accept
common_path,common_path-n50_d19000-n50-d19000-r2,50,19000,40,10,0,compact_vector_tag_main,incremental_avsa_extra,server_publish,digest_log_build,0.000000,calibrated_estimate,O(n),O(n),2032,2032,accept
common_path,common_path-n50_d19000-n50-d19000-r2,50,19000,40,10,0,compact_vector_tag_main,incremental_avsa_extra,server_publish,decision_cert_generation,0.001300,calibrated_estimate,O(n),O(n),2146,2146,accept
common_path,common_path-n50_d19000-n50-d19000-r2,50,19000,40,10,0,compact_vector_tag_main,incremental_avsa_extra,server_publish,maskcert_tag_generation,19908.790039,calibrated_estimate,O(a)+T_tag(l),O(a)+O(l) if S_A published,609728,609728,accept
common_path,common_path-n50_d19000-n50-d19000-r2,50,19000,40,10,0,compact_vector_tag_main,incremental_avsa_extra,server_publish,aggregate_cert_generation,19.000000,calibrated_estimate,O(l),"O(l) aggregate mask, x_star excluded",608416,608416,accept
common_path,common_path-n50_d19000-n50-d19000-r2,50,19000,40,10,0,compact_vector_tag_main,incremental_avsa_extra,auditor_verify,verify_accepted_decisions,18.907227,calibrated_estimate,O(a*n),O(1),0,0,accept
common_path,common_path-n50_d19000-n50-d19000-r2,50,19000,40,10,0,compact_vector_tag_main,incremental_avsa_extra,auditor_verify,verify_mask_tag,19944.118164,calibrated_estimate,O(a)+T_tag(l),O(a)+O(l) if S_A published,0,0,accept
common_path,common_path-n50_d19000-n50-d19000-r2,50,19000,40,10,0,compact_vector_tag_main,incremental_avsa_extra,auditor_verify,verify_aggregate,18.907227,calibrated_estimate,O(a*l),O(l) working space,0,0,accept
common_path,common_path-n50_d19000-n50-d19000-r3,50,19000,40,10,0,compact_vector_tag_main,incremental_avsa_extra,client_submit,mask_tag_generation,19974.380859,calibrated_estimate,O(n^2*T_tag(l)),O(n^2) group elements,65280,24549120,accept
common_path,common_path-n50_d19000-n50-d19000-r3,50,19000,40,10,0,compact_vector_tag_main,incremental_avsa_extra,client_submit,receipt_generation,0.000100,calibrated_estimate,O(n),O(n),4800,4800,accept
common_path,common_path-n50_d19000-n50-d19000-r3,50,19000,40,10,0,compact_vector_tag_main,incremental_avsa_extra,server_publish,digest_log_build,0.000000,calibrated_estimate,O(n),O(n),2032,2032,accept
common_path,common_path-n50_d19000-n50-d19000-r3,50,19000,40,10,0,compact_vector_tag_main,incremental_avsa_extra,server_publish,decision_cert_generation,0.001400,calibrated_estimate,O(n),O(n),2146,2146,accept
common_path,common_path-n50_d19000-n50-d19000-r3,50,19000,40,10,0,compact_vector_tag_main,incremental_avsa_extra,server_publish,maskcert_tag_generation,19937.661133,calibrated_estimate,O(a)+T_tag(l),O(a)+O(l) if S_A published,609728,609728,accept
common_path,common_path-n50_d19000-n50-d19000-r3,50,19000,40,10,0,compact_vector_tag_main,incremental_avsa_extra,server_publish,aggregate_cert_generation,18.925781,calibrated_estimate,O(l),"O(l) aggregate mask, x_star excluded",608416,608416,accept
common_path,common_path-n50_d19000-n50-d19000-r3,50,19000,40,10,0,compact_vector_tag_main,incremental_avsa_extra,auditor_verify,verify_accepted_decisions,18.907227,calibrated_estimate,O(a*n),O(1),0,0,accept
common_path,common_path-n50_d19000-n50-d19000-r3,50,19000,40,10,0,compact_vector_tag_main,incremental_avsa_extra,auditor_verify,verify_mask_tag,19934.414062,calibrated_estimate,O(a)+T_tag(l),O(a)+O(l) if S_A published,0,0,accept
common_path,common_path-n50_d19000-n50-d19000-r3,50,19000,40,10,0,compact_vector_tag_main,incremental_avsa_extra,auditor_verify,verify_aggregate,18.925781,calibrated_estimate,O(a*l),O(l) working space,0,0,accept
common_path,common_path-n50_d19000-n50-d19000-r4,50,19000,40,10,0,compact_vector_tag_main,incremental_avsa_extra,client_submit,mask_tag_generation,19963.637695,calibrated_estimate,O(n^2*T_tag(l)),O(n^2) group elements,65280,24549120,accept
common_path,common_path-n50_d19000-n50-d19000-r4,50,19000,40,10,0,compact_vector_tag_main,incremental_avsa_extra,client_submit,receipt_generation,0.000100,calibrated_estimate,O(n),O(n),4800,4800,accept
common_path,common_path-n50_d19000-n50-d19000-r4,50,19000,40,10,0,compact_vector_tag_main,incremental_avsa_extra,server_publish,digest_log_build,0.000100,calibrated_estimate,O(n),O(n),2032,2032,accept
common_path,common_path-n50_d19000-n50-d19000-r4,50,19000,40,10,0,compact_vector_tag_main,incremental_avsa_extra,server_publish,decision_cert_generation,0.001300,calibrated_estimate,O(n),O(n),2146,2146,accept
common_path,common_path-n50_d19000-n50-d19000-r4,50,19000,40,10,0,compact_vector_tag_main,incremental_avsa_extra,server_publish,maskcert_tag_generation,19970.447266,calibrated_estimate,O(a)+T_tag(l),O(a)+O(l) if S_A published,609728,609728,accept
common_path,common_path-n50_d19000-n50-d19000-r4,50,19000,40,10,0,compact_vector_tag_main,incremental_avsa_extra,server_publish,aggregate_cert_generation,18.925781,calibrated_estimate,O(l),"O(l) aggregate mask, x_star excluded",608416,608416,accept
common_path,common_path-n50_d19000-n50-d19000-r4,50,19000,40,10,0,compact_vector_tag_main,incremental_avsa_extra,auditor_verify,verify_accepted_decisions,18.888672,calibrated_estimate,O(a*n),O(1),0,0,accept
common_path,common_path-n50_d19000-n50-d19000-r4,50,19000,40,10,0,compact_vector_tag_main,incremental_avsa_extra,auditor_verify,verify_mask_tag,19976.718750,calibrated_estimate,O(a)+T_tag(l),O(a)+O(l) if S_A published,0,0,accept
common_path,common_path-n50_d19000-n50-d19000-r4,50,19000,40,10,0,compact_vector_tag_main,incremental_avsa_extra,auditor_verify,verify_aggregate,18.925781,calibrated_estimate,O(a*l),O(l) working space,0,0,accept
common_path,common_path-n50_d62000-n50-d62000-r0,50,62000,40,10,0,compact_vector_tag_main,incremental_avsa_extra,client_submit,mask_tag_generation,65113.562500,calibrated_estimate,O(n^2*T_tag(l)),O(n^2) group elements,65280,79589120,accept
common_path,common_path-n50_d62000-n50-d62000-r0,50,62000,40,10,0,compact_vector_tag_main,incremental_avsa_extra,client_submit,receipt_generation,0.000100,calibrated_estimate,O(n),O(n),4800,4800,accept
common_path,common_path-n50_d62000-n50-d62000-r0,50,62000,40,10,0,compact_vector_tag_main,incremental_avsa_extra,server_publish,digest_log_build,0.000100,calibrated_estimate,O(n),O(n),2032,2032,accept
common_path,common_path-n50_d62000-n50-d62000-r0,50,62000,40,10,0,compact_vector_tag_main,incremental_avsa_extra,server_publish,decision_cert_generation,0.001400,calibrated_estimate,O(n),O(n),2146,2146,accept
common_path,common_path-n50_d62000-n50-d62000-r0,50,62000,40,10,0,compact_vector_tag_main,incremental_avsa_extra,server_publish,maskcert_tag_generation,65233.808594,calibrated_estimate,O(a)+T_tag(l),O(a)+O(l) if S_A published,1985728,1985728,accept
common_path,common_path-n50_d62000-n50-d62000-r0,50,62000,40,10,0,compact_vector_tag_main,incremental_avsa_extra,server_publish,aggregate_cert_generation,61.939453,calibrated_estimate,O(l),"O(l) aggregate mask, x_star excluded",1984416,1984416,accept
common_path,common_path-n50_d62000-n50-d62000-r0,50,62000,40,10,0,compact_vector_tag_main,incremental_avsa_extra,auditor_verify,verify_accepted_decisions,61.697266,calibrated_estimate,O(a*n),O(1),0,0,accept
common_path,common_path-n50_d62000-n50-d62000-r0,50,62000,40,10,0,compact_vector_tag_main,incremental_avsa_extra,auditor_verify,verify_mask_tag,65066.154297,calibrated_estimate,O(a)+T_tag(l),O(a)+O(l) if S_A published,0,0,accept
common_path,common_path-n50_d62000-n50-d62000-r0,50,62000,40,10,0,compact_vector_tag_main,incremental_avsa_extra,auditor_verify,verify_aggregate,61.757812,calibrated_estimate,O(a*l),O(l) working space,0,0,accept
common_path,common_path-n50_d62000-n50-d62000-r1,50,62000,40,10,0,compact_vector_tag_main,incremental_avsa_extra,client_submit,mask_tag_generation,64983.628906,calibrated_estimate,O(n^2*T_tag(l)),O(n^2) group elements,65280,79589120,accept
common_path,common_path-n50_d62000-n50-d62000-r1,50,62000,40,10,0,compact_vector_tag_main,incremental_avsa_extra,client_submit,receipt_generation,0.000100,calibrated_estimate,O(n),O(n),4800,4800,accept
common_path,common_path-n50_d62000-n50-d62000-r1,50,62000,40,10,0,compact_vector_tag_main,incremental_avsa_extra,server_publish,digest_log_build,0.000100,calibrated_estimate,O(n),O(n),2032,2032,accept
common_path,common_path-n50_d62000-n50-d62000-r1,50,62000,40,10,0,compact_vector_tag_main,incremental_avsa_extra,server_publish,decision_cert_generation,0.001400,calibrated_estimate,O(n),O(n),2146,2146,accept
common_path,common_path-n50_d62000-n50-d62000-r1,50,62000,40,10,0,compact_vector_tag_main,incremental_avsa_extra,server_publish,maskcert_tag_generation,65015.416016,calibrated_estimate,O(a)+T_tag(l),O(a)+O(l) if S_A published,1985728,1985728,accept
common_path,common_path-n50_d62000-n50-d62000-r1,50,62000,40,10,0,compact_vector_tag_main,incremental_avsa_extra,server_publish,aggregate_cert_generation,61.818359,calibrated_estimate,O(l),"O(l) aggregate mask, x_star excluded",1984416,1984416,accept
common_path,common_path-n50_d62000-n50-d62000-r1,50,62000,40,10,0,compact_vector_tag_main,incremental_avsa_extra,auditor_verify,verify_accepted_decisions,61.636719,calibrated_estimate,O(a*n),O(1),0,0,accept
common_path,common_path-n50_d62000-n50-d62000-r1,50,62000,40,10,0,compact_vector_tag_main,incremental_avsa_extra,auditor_verify,verify_mask_tag,65076.386719,calibrated_estimate,O(a)+T_tag(l),O(a)+O(l) if S_A published,0,0,accept
common_path,common_path-n50_d62000-n50-d62000-r1,50,62000,40,10,0,compact_vector_tag_main,incremental_avsa_extra,auditor_verify,verify_aggregate,61.757812,calibrated_estimate,O(a*l),O(l) working space,0,0,accept
common_path,common_path-n50_d62000-n50-d62000-r2,50,62000,40,10,0,compact_vector_tag_main,incremental_avsa_extra,client_submit,mask_tag_generation,65144.925781,calibrated_estimate,O(n^2*T_tag(l)),O(n^2) group elements,65280,79589120,accept
common_path,common_path-n50_d62000-n50-d62000-r2,50,62000,40,10,0,compact_vector_tag_main,incremental_avsa_extra,client_submit,receipt_generation,0.000100,calibrated_estimate,O(n),O(n),4800,4800,accept
common_path,common_path-n50_d62000-n50-d62000-r2,50,62000,40,10,0,compact_vector_tag_main,incremental_avsa_extra,server_publish,digest_log_build,0.000000,calibrated_estimate,O(n),O(n),2032,2032,accept
common_path,common_path-n50_d62000-n50-d62000-r2,50,62000,40,10,0,compact_vector_tag_main,incremental_avsa_extra,server_publish,decision_cert_generation,0.001500,calibrated_estimate,O(n),O(n),2146,2146,accept
common_path,common_path-n50_d62000-n50-d62000-r2,50,62000,40,10,0,compact_vector_tag_main,incremental_avsa_extra,server_publish,maskcert_tag_generation,65038.363281,calibrated_estimate,O(a)+T_tag(l),O(a)+O(l) if S_A published,1985728,1985728,accept
common_path,common_path-n50_d62000-n50-d62000-r2,50,62000,40,10,0,compact_vector_tag_main,incremental_avsa_extra,server_publish,aggregate_cert_generation,61.757812,calibrated_estimate,O(l),"O(l) aggregate mask, x_star excluded",1984416,1984416,accept
common_path,common_path-n50_d62000-n50-d62000-r2,50,62000,40,10,0,compact_vector_tag_main,incremental_avsa_extra,auditor_verify,verify_accepted_decisions,61.697266,calibrated_estimate,O(a*n),O(1),0,0,accept
common_path,common_path-n50_d62000-n50-d62000-r2,50,62000,40,10,0,compact_vector_tag_main,incremental_avsa_extra,auditor_verify,verify_mask_tag,65162.908203,calibrated_estimate,O(a)+T_tag(l),O(a)+O(l) if S_A published,0,0,accept
common_path,common_path-n50_d62000-n50-d62000-r2,50,62000,40,10,0,compact_vector_tag_main,incremental_avsa_extra,auditor_verify,verify_aggregate,61.757812,calibrated_estimate,O(a*l),O(l) working space,0,0,accept
common_path,common_path-n50_d62000-n50-d62000-r3,50,62000,40,10,0,compact_vector_tag_main,incremental_avsa_extra,client_submit,mask_tag_generation,65175.380859,calibrated_estimate,O(n^2*T_tag(l)),O(n^2) group elements,65280,79589120,accept
common_path,common_path-n50_d62000-n50-d62000-r3,50,62000,40,10,0,compact_vector_tag_main,incremental_avsa_extra,client_submit,receipt_generation,0.000100,calibrated_estimate,O(n),O(n),4800,4800,accept
common_path,common_path-n50_d62000-n50-d62000-r3,50,62000,40,10,0,compact_vector_tag_main,incremental_avsa_extra,server_publish,digest_log_build,0.000100,calibrated_estimate,O(n),O(n),2032,2032,accept
common_path,common_path-n50_d62000-n50-d62000-r3,50,62000,40,10,0,compact_vector_tag_main,incremental_avsa_extra,server_publish,decision_cert_generation,0.001300,calibrated_estimate,O(n),O(n),2146,2146,accept
common_path,common_path-n50_d62000-n50-d62000-r3,50,62000,40,10,0,compact_vector_tag_main,incremental_avsa_extra,server_publish,maskcert_tag_generation,65104.662109,calibrated_estimate,O(a)+T_tag(l),O(a)+O(l) if S_A published,1985728,1985728,accept
common_path,common_path-n50_d62000-n50-d62000-r3,50,62000,40,10,0,compact_vector_tag_main,incremental_avsa_extra,server_publish,aggregate_cert_generation,61.757812,calibrated_estimate,O(l),"O(l) aggregate mask, x_star excluded",1984416,1984416,accept
common_path,common_path-n50_d62000-n50-d62000-r3,50,62000,40,10,0,compact_vector_tag_main,incremental_avsa_extra,auditor_verify,verify_accepted_decisions,61.697266,calibrated_estimate,O(a*n),O(1),0,0,accept
common_path,common_path-n50_d62000-n50-d62000-r3,50,62000,40,10,0,compact_vector_tag_main,incremental_avsa_extra,auditor_verify,verify_mask_tag,65154.189453,calibrated_estimate,O(a)+T_tag(l),O(a)+O(l) if S_A published,0,0,accept
common_path,common_path-n50_d62000-n50-d62000-r3,50,62000,40,10,0,compact_vector_tag_main,incremental_avsa_extra,auditor_verify,verify_aggregate,61.818359,calibrated_estimate,O(a*l),O(l) working space,0,0,accept
common_path,common_path-n50_d62000-n50-d62000-r4,50,62000,40,10,0,compact_vector_tag_main,incremental_avsa_extra,client_submit,mask_tag_generation,64730.361328,calibrated_estimate,O(n^2*T_tag(l)),O(n^2) group elements,65280,79589120,accept
common_path,common_path-n50_d62000-n50-d62000-r4,50,62000,40,10,0,compact_vector_tag_main,incremental_avsa_extra,client_submit,receipt_generation,0.000100,calibrated_estimate,O(n),O(n),4800,4800,accept
common_path,common_path-n50_d62000-n50-d62000-r4,50,62000,40,10,0,compact_vector_tag_main,incremental_avsa_extra,server_publish,digest_log_build,0.000000,calibrated_estimate,O(n),O(n),2032,2032,accept
common_path,common_path-n50_d62000-n50-d62000-r4,50,62000,40,10,0,compact_vector_tag_main,incremental_avsa_extra,server_publish,decision_cert_generation,0.001300,calibrated_estimate,O(n),O(n),2146,2146,accept
common_path,common_path-n50_d62000-n50-d62000-r4,50,62000,40,10,0,compact_vector_tag_main,incremental_avsa_extra,server_publish,maskcert_tag_generation,65147.226562,calibrated_estimate,O(a)+T_tag(l),O(a)+O(l) if S_A published,1985728,1985728,accept
common_path,common_path-n50_d62000-n50-d62000-r4,50,62000,40,10,0,compact_vector_tag_main,incremental_avsa_extra,server_publish,aggregate_cert_generation,61.757812,calibrated_estimate,O(l),"O(l) aggregate mask, x_star excluded",1984416,1984416,accept
common_path,common_path-n50_d62000-n50-d62000-r4,50,62000,40,10,0,compact_vector_tag_main,incremental_avsa_extra,auditor_verify,verify_accepted_decisions,61.697266,calibrated_estimate,O(a*n),O(1),0,0,accept
common_path,common_path-n50_d62000-n50-d62000-r4,50,62000,40,10,0,compact_vector_tag_main,incremental_avsa_extra,auditor_verify,verify_mask_tag,64480.121094,calibrated_estimate,O(a)+T_tag(l),O(a)+O(l) if S_A published,0,0,accept
common_path,common_path-n50_d62000-n50-d62000-r4,50,62000,40,10,0,compact_vector_tag_main,incremental_avsa_extra,auditor_verify,verify_aggregate,61.757812,calibrated_estimate,O(a*l),O(l) working space,0,0,accept
common_path,common_path-n50_d273000-n50-d273000-r0,50,273000,40,10,0,compact_vector_tag_main,incremental_avsa_extra,client_submit,mask_tag_generation,287342.097656,calibrated_estimate,O(n^2*T_tag(l)),O(n^2) group elements,65280,349669120,accept
common_path,common_path-n50_d273000-n50-d273000-r0,50,273000,40,10,0,compact_vector_tag_main,incremental_avsa_extra,client_submit,receipt_generation,0.000100,calibrated_estimate,O(n),O(n),4800,4800,accept
common_path,common_path-n50_d273000-n50-d273000-r0,50,273000,40,10,0,compact_vector_tag_main,incremental_avsa_extra,server_publish,digest_log_build,0.000100,calibrated_estimate,O(n),O(n),2032,2032,accept
common_path,common_path-n50_d273000-n50-d273000-r0,50,273000,40,10,0,compact_vector_tag_main,incremental_avsa_extra,server_publish,decision_cert_generation,0.001400,calibrated_estimate,O(n),O(n),2146,2146,accept
common_path,common_path-n50_d273000-n50-d273000-r0,50,273000,40,10,0,compact_vector_tag_main,incremental_avsa_extra,server_publish,maskcert_tag_generation,287020.842773,calibrated_estimate,O(a)+T_tag(l),O(a)+O(l) if S_A published,8737728,8737728,accept
common_path,common_path-n50_d273000-n50-d273000-r0,50,273000,40,10,0,compact_vector_tag_main,incremental_avsa_extra,server_publish,aggregate_cert_generation,272.200195,calibrated_estimate,O(l),"O(l) aggregate mask, x_star excluded",8736416,8736416,accept
common_path,common_path-n50_d273000-n50-d273000-r0,50,273000,40,10,0,compact_vector_tag_main,incremental_avsa_extra,auditor_verify,verify_accepted_decisions,271.666992,calibrated_estimate,O(a*n),O(1),0,0,accept
common_path,common_path-n50_d273000-n50-d273000-r0,50,273000,40,10,0,compact_vector_tag_main,incremental_avsa_extra,auditor_verify,verify_mask_tag,287072.830078,calibrated_estimate,O(a)+T_tag(l),O(a)+O(l) if S_A published,0,0,accept
common_path,common_path-n50_d273000-n50-d273000-r0,50,273000,40,10,0,compact_vector_tag_main,incremental_avsa_extra,auditor_verify,verify_aggregate,271.933594,calibrated_estimate,O(a*l),O(l) working space,0,0,accept
common_path,common_path-n50_d273000-n50-d273000-r1,50,273000,40,10,0,compact_vector_tag_main,incremental_avsa_extra,client_submit,mask_tag_generation,288652.710938,calibrated_estimate,O(n^2*T_tag(l)),O(n^2) group elements,65280,349669120,accept
common_path,common_path-n50_d273000-n50-d273000-r1,50,273000,40,10,0,compact_vector_tag_main,incremental_avsa_extra,client_submit,receipt_generation,0.000100,calibrated_estimate,O(n),O(n),4800,4800,accept
common_path,common_path-n50_d273000-n50-d273000-r1,50,273000,40,10,0,compact_vector_tag_main,incremental_avsa_extra,server_publish,digest_log_build,0.000100,calibrated_estimate,O(n),O(n),2032,2032,accept
common_path,common_path-n50_d273000-n50-d273000-r1,50,273000,40,10,0,compact_vector_tag_main,incremental_avsa_extra,server_publish,decision_cert_generation,0.001500,calibrated_estimate,O(n),O(n),2146,2146,accept
common_path,common_path-n50_d273000-n50-d273000-r1,50,273000,40,10,0,compact_vector_tag_main,incremental_avsa_extra,server_publish,maskcert_tag_generation,286787.566406,calibrated_estimate,O(a)+T_tag(l),O(a)+O(l) if S_A published,8737728,8737728,accept
common_path,common_path-n50_d273000-n50-d273000-r1,50,273000,40,10,0,compact_vector_tag_main,incremental_avsa_extra,server_publish,aggregate_cert_generation,271.933594,calibrated_estimate,O(l),"O(l) aggregate mask, x_star excluded",8736416,8736416,accept
common_path,common_path-n50_d273000-n50-d273000-r1,50,273000,40,10,0,compact_vector_tag_main,incremental_avsa_extra,auditor_verify,verify_accepted_decisions,271.400391,calibrated_estimate,O(a*n),O(1),0,0,accept
common_path,common_path-n50_d273000-n50-d273000-r1,50,273000,40,10,0,compact_vector_tag_main,incremental_avsa_extra,auditor_verify,verify_mask_tag,286611.076172,calibrated_estimate,O(a)+T_tag(l),O(a)+O(l) if S_A published,0,0,accept
common_path,common_path-n50_d273000-n50-d273000-r1,50,273000,40,10,0,compact_vector_tag_main,incremental_avsa_extra,auditor_verify,verify_aggregate,272.200195,calibrated_estimate,O(a*l),O(l) working space,0,0,accept
common_path,common_path-n50_d273000-n50-d273000-r2,50,273000,40,10,0,compact_vector_tag_main,incremental_avsa_extra,client_submit,mask_tag_generation,287264.516602,calibrated_estimate,O(n^2*T_tag(l)),O(n^2) group elements,65280,349669120,accept
common_path,common_path-n50_d273000-n50-d273000-r2,50,273000,40,10,0,compact_vector_tag_main,incremental_avsa_extra,client_submit,receipt_generation,0.000000,calibrated_estimate,O(n),O(n),4800,4800,accept
common_path,common_path-n50_d273000-n50-d273000-r2,50,273000,40,10,0,compact_vector_tag_main,incremental_avsa_extra,server_publish,digest_log_build,0.000100,calibrated_estimate,O(n),O(n),2032,2032,accept
common_path,common_path-n50_d273000-n50-d273000-r2,50,273000,40,10,0,compact_vector_tag_main,incremental_avsa_extra,server_publish,decision_cert_generation,0.001400,calibrated_estimate,O(n),O(n),2146,2146,accept
common_path,common_path-n50_d273000-n50-d273000-r2,50,273000,40,10,0,compact_vector_tag_main,incremental_avsa_extra,server_publish,maskcert_tag_generation,287398.883789,calibrated_estimate,O(a)+T_tag(l),O(a)+O(l) if S_A published,8737728,8737728,accept
common_path,common_path-n50_d273000-n50-d273000-r2,50,273000,40,10,0,compact_vector_tag_main,incremental_avsa_extra,server_publish,aggregate_cert_generation,271.933594,calibrated_estimate,O(l),"O(l) aggregate mask, x_star excluded",8736416,8736416,accept
common_path,common_path-n50_d273000-n50-d273000-r2,50,273000,40,10,0,compact_vector_tag_main,incremental_avsa_extra,auditor_verify,verify_accepted_decisions,271.666992,calibrated_estimate,O(a*n),O(1),0,0,accept
common_path,common_path-n50_d273000-n50-d273000-r2,50,273000,40,10,0,compact_vector_tag_main,incremental_avsa_extra,auditor_verify,verify_mask_tag,287028.840820,calibrated_estimate,O(a)+T_tag(l),O(a)+O(l) if S_A published,0,0,accept
common_path,common_path-n50_d273000-n50-d273000-r2,50,273000,40,10,0,compact_vector_tag_main,incremental_avsa_extra,auditor_verify,verify_aggregate,271.933594,calibrated_estimate,O(a*l),O(l) working space,0,0,accept
common_path,common_path-n50_d273000-n50-d273000-r3,50,273000,40,10,0,compact_vector_tag_main,incremental_avsa_extra,client_submit,mask_tag_generation,286933.397461,calibrated_estimate,O(n^2*T_tag(l)),O(n^2) group elements,65280,349669120,accept
common_path,common_path-n50_d273000-n50-d273000-r3,50,273000,40,10,0,compact_vector_tag_main,incremental_avsa_extra,client_submit,receipt_generation,0.000100,calibrated_estimate,O(n),O(n),4800,4800,accept
common_path,common_path-n50_d273000-n50-d273000-r3,50,273000,40,10,0,compact_vector_tag_main,incremental_avsa_extra,server_publish,digest_log_build,0.000100,calibrated_estimate,O(n),O(n),2032,2032,accept
common_path,common_path-n50_d273000-n50-d273000-r3,50,273000,40,10,0,compact_vector_tag_main,incremental_avsa_extra,server_publish,decision_cert_generation,0.001400,calibrated_estimate,O(n),O(n),2146,2146,accept
common_path,common_path-n50_d273000-n50-d273000-r3,50,273000,40,10,0,compact_vector_tag_main,incremental_avsa_extra,server_publish,maskcert_tag_generation,286919.267578,calibrated_estimate,O(a)+T_tag(l),O(a)+O(l) if S_A published,8737728,8737728,accept
common_path,common_path-n50_d273000-n50-d273000-r3,50,273000,40,10,0,compact_vector_tag_main,incremental_avsa_extra,server_publish,aggregate_cert_generation,271.933594,calibrated_estimate,O(l),"O(l) aggregate mask, x_star excluded",8736416,8736416,accept
common_path,common_path-n50_d273000-n50-d273000-r3,50,273000,40,10,0,compact_vector_tag_main,incremental_avsa_extra,auditor_verify,verify_accepted_decisions,271.666992,calibrated_estimate,O(a*n),O(1),0,0,accept
common_path,common_path-n50_d273000-n50-d273000-r3,50,273000,40,10,0,compact_vector_tag_main,incremental_avsa_extra,auditor_verify,verify_mask_tag,286881.676758,calibrated_estimate,O(a)+T_tag(l),O(a)+O(l) if S_A published,0,0,accept
common_path,common_path-n50_d273000-n50-d273000-r3,50,273000,40,10,0,compact_vector_tag_main,incremental_avsa_extra,auditor_verify,verify_aggregate,271.933594,calibrated_estimate,O(a*l),O(l) working space,0,0,accept
common_path,common_path-n50_d273000-n50-d273000-r4,50,273000,40,10,0,compact_vector_tag_main,incremental_avsa_extra,client_submit,mask_tag_generation,287188.801758,calibrated_estimate,O(n^2*T_tag(l)),O(n^2) group elements,65280,349669120,accept
common_path,common_path-n50_d273000-n50-d273000-r4,50,273000,40,10,0,compact_vector_tag_main,incremental_avsa_extra,client_submit,receipt_generation,0.000100,calibrated_estimate,O(n),O(n),4800,4800,accept
common_path,common_path-n50_d273000-n50-d273000-r4,50,273000,40,10,0,compact_vector_tag_main,incremental_avsa_extra,server_publish,digest_log_build,0.000000,calibrated_estimate,O(n),O(n),2032,2032,accept
common_path,common_path-n50_d273000-n50-d273000-r4,50,273000,40,10,0,compact_vector_tag_main,incremental_avsa_extra,server_publish,decision_cert_generation,0.001500,calibrated_estimate,O(n),O(n),2146,2146,accept
common_path,common_path-n50_d273000-n50-d273000-r4,50,273000,40,10,0,compact_vector_tag_main,incremental_avsa_extra,server_publish,maskcert_tag_generation,289461.580078,calibrated_estimate,O(a)+T_tag(l),O(a)+O(l) if S_A published,8737728,8737728,accept
common_path,common_path-n50_d273000-n50-d273000-r4,50,273000,40,10,0,compact_vector_tag_main,incremental_avsa_extra,server_publish,aggregate_cert_generation,272.200195,calibrated_estimate,O(l),"O(l) aggregate mask, x_star excluded",8736416,8736416,accept
common_path,common_path-n50_d273000-n50-d273000-r4,50,273000,40,10,0,compact_vector_tag_main,incremental_avsa_extra,auditor_verify,verify_accepted_decisions,271.666992,calibrated_estimate,O(a*n),O(1),0,0,accept
common_path,common_path-n50_d273000-n50-d273000-r4,50,273000,40,10,0,compact_vector_tag_main,incremental_avsa_extra,auditor_verify,verify_mask_tag,286638.802734,calibrated_estimate,O(a)+T_tag(l),O(a)+O(l) if S_A published,0,0,accept
common_path,common_path-n50_d273000-n50-d273000-r4,50,273000,40,10,0,compact_vector_tag_main,incremental_avsa_extra,auditor_verify,verify_aggregate,271.933594,calibrated_estimate,O(a*l),O(l) working space,0,0,accept
common_path,common_path-n50_d818000-n50-d818000-r0,50,818000,40,10,0,compact_vector_tag_main,incremental_avsa_extra,client_submit,mask_tag_generation,861580.068359,calibrated_estimate,O(n^2*T_tag(l)),O(n^2) group elements,65280,1047269120,accept
common_path,common_path-n50_d818000-n50-d818000-r0,50,818000,40,10,0,compact_vector_tag_main,incremental_avsa_extra,client_submit,receipt_generation,0.000000,calibrated_estimate,O(n),O(n),4800,4800,accept
common_path,common_path-n50_d818000-n50-d818000-r0,50,818000,40,10,0,compact_vector_tag_main,incremental_avsa_extra,server_publish,digest_log_build,0.000000,calibrated_estimate,O(n),O(n),2032,2032,accept
common_path,common_path-n50_d818000-n50-d818000-r0,50,818000,40,10,0,compact_vector_tag_main,incremental_avsa_extra,server_publish,decision_cert_generation,0.001500,calibrated_estimate,O(n),O(n),2146,2146,accept
common_path,common_path-n50_d818000-n50-d818000-r0,50,818000,40,10,0,compact_vector_tag_main,incremental_avsa_extra,server_publish,maskcert_tag_generation,861933.949219,calibrated_estimate,O(a)+T_tag(l),O(a)+O(l) if S_A published,26177728,26177728,accept
common_path,common_path-n50_d818000-n50-d818000-r0,50,818000,40,10,0,compact_vector_tag_main,incremental_avsa_extra,server_publish,aggregate_cert_generation,814.005859,calibrated_estimate,O(l),"O(l) aggregate mask, x_star excluded",26176416,26176416,accept
common_path,common_path-n50_d818000-n50-d818000-r0,50,818000,40,10,0,compact_vector_tag_main,incremental_avsa_extra,auditor_verify,verify_accepted_decisions,814.005859,calibrated_estimate,O(a*n),O(1),0,0,accept
common_path,common_path-n50_d818000-n50-d818000-r0,50,818000,40,10,0,compact_vector_tag_main,incremental_avsa_extra,auditor_verify,verify_mask_tag,860119.011719,calibrated_estimate,O(a)+T_tag(l),O(a)+O(l) if S_A published,0,0,accept
common_path,common_path-n50_d818000-n50-d818000-r0,50,818000,40,10,0,compact_vector_tag_main,incremental_avsa_extra,auditor_verify,verify_aggregate,820.396484,calibrated_estimate,O(a*l),O(l) working space,0,0,accept
common_path,common_path-n50_d818000-n50-d818000-r1,50,818000,40,10,0,compact_vector_tag_main,incremental_avsa_extra,client_submit,mask_tag_generation,854675.796875,calibrated_estimate,O(n^2*T_tag(l)),O(n^2) group elements,65280,1047269120,accept
common_path,common_path-n50_d818000-n50-d818000-r1,50,818000,40,10,0,compact_vector_tag_main,incremental_avsa_extra,client_submit,receipt_generation,0.000100,calibrated_estimate,O(n),O(n),4800,4800,accept
common_path,common_path-n50_d818000-n50-d818000-r1,50,818000,40,10,0,compact_vector_tag_main,incremental_avsa_extra,server_publish,digest_log_build,0.000100,calibrated_estimate,O(n),O(n),2032,2032,accept
common_path,common_path-n50_d818000-n50-d818000-r1,50,818000,40,10,0,compact_vector_tag_main,incremental_avsa_extra,server_publish,decision_cert_generation,0.001500,calibrated_estimate,O(n),O(n),2146,2146,accept
common_path,common_path-n50_d818000-n50-d818000-r1,50,818000,40,10,0,compact_vector_tag_main,incremental_avsa_extra,server_publish,maskcert_tag_generation,858990.267578,calibrated_estimate,O(a)+T_tag(l),O(a)+O(l) if S_A published,26177728,26177728,accept
common_path,common_path-n50_d818000-n50-d818000-r1,50,818000,40,10,0,compact_vector_tag_main,incremental_avsa_extra,server_publish,aggregate_cert_generation,814.804688,calibrated_estimate,O(l),"O(l) aggregate mask, x_star excluded",26176416,26176416,accept
common_path,common_path-n50_d818000-n50-d818000-r1,50,818000,40,10,0,compact_vector_tag_main,incremental_avsa_extra,auditor_verify,verify_accepted_decisions,814.005859,calibrated_estimate,O(a*n),O(1),0,0,accept
common_path,common_path-n50_d818000-n50-d818000-r1,50,818000,40,10,0,compact_vector_tag_main,incremental_avsa_extra,auditor_verify,verify_mask_tag,860894.673828,calibrated_estimate,O(a)+T_tag(l),O(a)+O(l) if S_A published,0,0,accept
common_path,common_path-n50_d818000-n50-d818000-r1,50,818000,40,10,0,compact_vector_tag_main,incremental_avsa_extra,auditor_verify,verify_aggregate,814.804688,calibrated_estimate,O(a*l),O(l) working space,0,0,accept
common_path,common_path-n50_d818000-n50-d818000-r2,50,818000,40,10,0,compact_vector_tag_main,incremental_avsa_extra,client_submit,mask_tag_generation,861465.835938,calibrated_estimate,O(n^2*T_tag(l)),O(n^2) group elements,65280,1047269120,accept
common_path,common_path-n50_d818000-n50-d818000-r2,50,818000,40,10,0,compact_vector_tag_main,incremental_avsa_extra,client_submit,receipt_generation,0.000000,calibrated_estimate,O(n),O(n),4800,4800,accept
common_path,common_path-n50_d818000-n50-d818000-r2,50,818000,40,10,0,compact_vector_tag_main,incremental_avsa_extra,server_publish,digest_log_build,0.000000,calibrated_estimate,O(n),O(n),2032,2032,accept
common_path,common_path-n50_d818000-n50-d818000-r2,50,818000,40,10,0,compact_vector_tag_main,incremental_avsa_extra,server_publish,decision_cert_generation,0.001700,calibrated_estimate,O(n),O(n),2146,2146,accept
common_path,common_path-n50_d818000-n50-d818000-r2,50,818000,40,10,0,compact_vector_tag_main,incremental_avsa_extra,server_publish,maskcert_tag_generation,859678.058594,calibrated_estimate,O(a)+T_tag(l),O(a)+O(l) if S_A published,26177728,26177728,accept
common_path,common_path-n50_d818000-n50-d818000-r2,50,818000,40,10,0,compact_vector_tag_main,incremental_avsa_extra,server_publish,aggregate_cert_generation,815.603516,calibrated_estimate,O(l),"O(l) aggregate mask, x_star excluded",26176416,26176416,accept
common_path,common_path-n50_d818000-n50-d818000-r2,50,818000,40,10,0,compact_vector_tag_main,incremental_avsa_extra,auditor_verify,verify_accepted_decisions,814.005859,calibrated_estimate,O(a*n),O(1),0,0,accept
common_path,common_path-n50_d818000-n50-d818000-r2,50,818000,40,10,0,compact_vector_tag_main,incremental_avsa_extra,auditor_verify,verify_mask_tag,859505.511719,calibrated_estimate,O(a)+T_tag(l),O(a)+O(l) if S_A published,0,0,accept
common_path,common_path-n50_d818000-n50-d818000-r2,50,818000,40,10,0,compact_vector_tag_main,incremental_avsa_extra,auditor_verify,verify_aggregate,814.804688,calibrated_estimate,O(a*l),O(l) working space,0,0,accept
common_path,common_path-n50_d818000-n50-d818000-r3,50,818000,40,10,0,compact_vector_tag_main,incremental_avsa_extra,client_submit,mask_tag_generation,862550.644531,calibrated_estimate,O(n^2*T_tag(l)),O(n^2) group elements,65280,1047269120,accept
common_path,common_path-n50_d818000-n50-d818000-r3,50,818000,40,10,0,compact_vector_tag_main,incremental_avsa_extra,client_submit,receipt_generation,0.000000,calibrated_estimate,O(n),O(n),4800,4800,accept
common_path,common_path-n50_d818000-n50-d818000-r3,50,818000,40,10,0,compact_vector_tag_main,incremental_avsa_extra,server_publish,digest_log_build,0.000100,calibrated_estimate,O(n),O(n),2032,2032,accept
common_path,common_path-n50_d818000-n50-d818000-r3,50,818000,40,10,0,compact_vector_tag_main,incremental_avsa_extra,server_publish,decision_cert_generation,0.001400,calibrated_estimate,O(n),O(n),2146,2146,accept
common_path,common_path-n50_d818000-n50-d818000-r3,50,818000,40,10,0,compact_vector_tag_main,incremental_avsa_extra,server_publish,maskcert_tag_generation,859526.281250,calibrated_estimate,O(a)+T_tag(l),O(a)+O(l) if S_A published,26177728,26177728,accept
common_path,common_path-n50_d818000-n50-d818000-r3,50,818000,40,10,0,compact_vector_tag_main,incremental_avsa_extra,server_publish,aggregate_cert_generation,814.804688,calibrated_estimate,O(l),"O(l) aggregate mask, x_star excluded",26176416,26176416,accept
common_path,common_path-n50_d818000-n50-d818000-r3,50,818000,40,10,0,compact_vector_tag_main,incremental_avsa_extra,auditor_verify,verify_accepted_decisions,814.005859,calibrated_estimate,O(a*n),O(1),0,0,accept
common_path,common_path-n50_d818000-n50-d818000-r3,50,818000,40,10,0,compact_vector_tag_main,incremental_avsa_extra,auditor_verify,verify_mask_tag,857522.820312,calibrated_estimate,O(a)+T_tag(l),O(a)+O(l) if S_A published,0,0,accept
common_path,common_path-n50_d818000-n50-d818000-r3,50,818000,40,10,0,compact_vector_tag_main,incremental_avsa_extra,auditor_verify,verify_aggregate,797.230469,calibrated_estimate,O(a*l),O(l) working space,0,0,accept
common_path,common_path-n50_d818000-n50-d818000-r4,50,818000,40,10,0,compact_vector_tag_main,incremental_avsa_extra,client_submit,mask_tag_generation,859020.623047,calibrated_estimate,O(n^2*T_tag(l)),O(n^2) group elements,65280,1047269120,accept
common_path,common_path-n50_d818000-n50-d818000-r4,50,818000,40,10,0,compact_vector_tag_main,incremental_avsa_extra,client_submit,receipt_generation,0.000100,calibrated_estimate,O(n),O(n),4800,4800,accept
common_path,common_path-n50_d818000-n50-d818000-r4,50,818000,40,10,0,compact_vector_tag_main,incremental_avsa_extra,server_publish,digest_log_build,0.000100,calibrated_estimate,O(n),O(n),2032,2032,accept
common_path,common_path-n50_d818000-n50-d818000-r4,50,818000,40,10,0,compact_vector_tag_main,incremental_avsa_extra,server_publish,decision_cert_generation,0.001400,calibrated_estimate,O(n),O(n),2146,2146,accept
common_path,common_path-n50_d818000-n50-d818000-r4,50,818000,40,10,0,compact_vector_tag_main,incremental_avsa_extra,server_publish,maskcert_tag_generation,860478.484375,calibrated_estimate,O(a)+T_tag(l),O(a)+O(l) if S_A published,26177728,26177728,accept
common_path,common_path-n50_d818000-n50-d818000-r4,50,818000,40,10,0,compact_vector_tag_main,incremental_avsa_extra,server_publish,aggregate_cert_generation,814.804688,calibrated_estimate,O(l),"O(l) aggregate mask, x_star excluded",26176416,26176416,accept
common_path,common_path-n50_d818000-n50-d818000-r4,50,818000,40,10,0,compact_vector_tag_main,incremental_avsa_extra,auditor_verify,verify_accepted_decisions,814.005859,calibrated_estimate,O(a*n),O(1),0,0,accept
common_path,common_path-n50_d818000-n50-d818000-r4,50,818000,40,10,0,compact_vector_tag_main,incremental_avsa_extra,auditor_verify,verify_mask_tag,858733.044922,calibrated_estimate,O(a)+T_tag(l),O(a)+O(l) if S_A published,0,0,accept
common_path,common_path-n50_d818000-n50-d818000-r4,50,818000,40,10,0,compact_vector_tag_main,incremental_avsa_extra,auditor_verify,verify_aggregate,814.005859,calibrated_estimate,O(a*l),O(l) working space,0,0,accept
common_path,common_path-n100_d19000-n100-d19000-r0,100,19000,80,20,0,compact_vector_tag_main,incremental_avsa_extra,client_submit,mask_tag_generation,39915.363281,calibrated_estimate,O(n^2*T_tag(l)),O(n^2) group elements,258560,49226240,accept
common_path,common_path-n100_d19000-n100-d19000-r0,100,19000,80,20,0,compact_vector_tag_main,incremental_avsa_extra,client_submit,receipt_generation,0.000000,calibrated_estimate,O(n),O(n),9600,9600,accept
common_path,common_path-n100_d19000-n100-d19000-r0,100,19000,80,20,0,compact_vector_tag_main,incremental_avsa_extra,server_publish,digest_log_build,0.000100,calibrated_estimate,O(n),O(n),4032,4032,accept
common_path,common_path-n100_d19000-n100-d19000-r0,100,19000,80,20,0,compact_vector_tag_main,incremental_avsa_extra,server_publish,decision_cert_generation,0.002600,calibrated_estimate,O(n),O(n),4196,4196,accept
common_path,common_path-n100_d19000-n100-d19000-r0,100,19000,80,20,0,compact_vector_tag_main,incremental_avsa_extra,server_publish,maskcert_tag_generation,39928.833984,calibrated_estimate,O(a)+T_tag(l),O(a)+O(l) if S_A published,611328,611328,accept
common_path,common_path-n100_d19000-n100-d19000-r0,100,19000,80,20,0,compact_vector_tag_main,incremental_avsa_extra,server_publish,aggregate_cert_generation,37.851562,calibrated_estimate,O(l),"O(l) aggregate mask, x_star excluded",608736,608736,accept
common_path,common_path-n100_d19000-n100-d19000-r0,100,19000,80,20,0,compact_vector_tag_main,incremental_avsa_extra,auditor_verify,verify_accepted_decisions,37.777344,calibrated_estimate,O(a*n),O(1),0,0,accept
common_path,common_path-n100_d19000-n100-d19000-r0,100,19000,80,20,0,compact_vector_tag_main,incremental_avsa_extra,auditor_verify,verify_mask_tag,39914.250000,calibrated_estimate,O(a)+T_tag(l),O(a)+O(l) if S_A published,0,0,accept
common_path,common_path-n100_d19000-n100-d19000-r0,100,19000,80,20,0,compact_vector_tag_main,incremental_avsa_extra,auditor_verify,verify_aggregate,38.074219,calibrated_estimate,O(a*l),O(l) working space,0,0,accept
common_path,common_path-n100_d19000-n100-d19000-r1,100,19000,80,20,0,compact_vector_tag_main,incremental_avsa_extra,client_submit,mask_tag_generation,39951.359375,calibrated_estimate,O(n^2*T_tag(l)),O(n^2) group elements,258560,49226240,accept
common_path,common_path-n100_d19000-n100-d19000-r1,100,19000,80,20,0,compact_vector_tag_main,incremental_avsa_extra,client_submit,receipt_generation,0.000100,calibrated_estimate,O(n),O(n),9600,9600,accept
common_path,common_path-n100_d19000-n100-d19000-r1,100,19000,80,20,0,compact_vector_tag_main,incremental_avsa_extra,server_publish,digest_log_build,0.000100,calibrated_estimate,O(n),O(n),4032,4032,accept
common_path,common_path-n100_d19000-n100-d19000-r1,100,19000,80,20,0,compact_vector_tag_main,incremental_avsa_extra,server_publish,decision_cert_generation,0.002600,calibrated_estimate,O(n),O(n),4196,4196,accept
common_path,common_path-n100_d19000-n100-d19000-r1,100,19000,80,20,0,compact_vector_tag_main,incremental_avsa_extra,server_publish,maskcert_tag_generation,39967.873047,calibrated_estimate,O(a)+T_tag(l),O(a)+O(l) if S_A published,611328,611328,accept
common_path,common_path-n100_d19000-n100-d19000-r1,100,19000,80,20,0,compact_vector_tag_main,incremental_avsa_extra,server_publish,aggregate_cert_generation,37.814453,calibrated_estimate,O(l),"O(l) aggregate mask, x_star excluded",608736,608736,accept
common_path,common_path-n100_d19000-n100-d19000-r1,100,19000,80,20,0,compact_vector_tag_main,incremental_avsa_extra,auditor_verify,verify_accepted_decisions,41.748047,calibrated_estimate,O(a*n),O(1),0,0,accept
common_path,common_path-n100_d19000-n100-d19000-r1,100,19000,80,20,0,compact_vector_tag_main,incremental_avsa_extra,auditor_verify,verify_mask_tag,39909.908203,calibrated_estimate,O(a)+T_tag(l),O(a)+O(l) if S_A published,0,0,accept
common_path,common_path-n100_d19000-n100-d19000-r1,100,19000,80,20,0,compact_vector_tag_main,incremental_avsa_extra,auditor_verify,verify_aggregate,37.851562,calibrated_estimate,O(a*l),O(l) working space,0,0,accept
common_path,common_path-n100_d19000-n100-d19000-r2,100,19000,80,20,0,compact_vector_tag_main,incremental_avsa_extra,client_submit,mask_tag_generation,39957.890625,calibrated_estimate,O(n^2*T_tag(l)),O(n^2) group elements,258560,49226240,accept
common_path,common_path-n100_d19000-n100-d19000-r2,100,19000,80,20,0,compact_vector_tag_main,incremental_avsa_extra,client_submit,receipt_generation,0.000200,calibrated_estimate,O(n),O(n),9600,9600,accept
common_path,common_path-n100_d19000-n100-d19000-r2,100,19000,80,20,0,compact_vector_tag_main,incremental_avsa_extra,server_publish,digest_log_build,0.000100,calibrated_estimate,O(n),O(n),4032,4032,accept
common_path,common_path-n100_d19000-n100-d19000-r2,100,19000,80,20,0,compact_vector_tag_main,incremental_avsa_extra,server_publish,decision_cert_generation,0.002600,calibrated_estimate,O(n),O(n),4196,4196,accept
common_path,common_path-n100_d19000-n100-d19000-r2,100,19000,80,20,0,compact_vector_tag_main,incremental_avsa_extra,server_publish,maskcert_tag_generation,39968.652344,calibrated_estimate,O(a)+T_tag(l),O(a)+O(l) if S_A published,611328,611328,accept
common_path,common_path-n100_d19000-n100-d19000-r2,100,19000,80,20,0,compact_vector_tag_main,incremental_avsa_extra,server_publish,aggregate_cert_generation,37.888672,calibrated_estimate,O(l),"O(l) aggregate mask, x_star excluded",608736,608736,accept
common_path,common_path-n100_d19000-n100-d19000-r2,100,19000,80,20,0,compact_vector_tag_main,incremental_avsa_extra,auditor_verify,verify_accepted_decisions,37.814453,calibrated_estimate,O(a*n),O(1),0,0,accept
common_path,common_path-n100_d19000-n100-d19000-r2,100,19000,80,20,0,compact_vector_tag_main,incremental_avsa_extra,auditor_verify,verify_mask_tag,40009.992188,calibrated_estimate,O(a)+T_tag(l),O(a)+O(l) if S_A published,0,0,accept
common_path,common_path-n100_d19000-n100-d19000-r2,100,19000,80,20,0,compact_vector_tag_main,incremental_avsa_extra,auditor_verify,verify_aggregate,37.962891,calibrated_estimate,O(a*l),O(l) working space,0,0,accept
common_path,common_path-n100_d19000-n100-d19000-r3,100,19000,80,20,0,compact_vector_tag_main,incremental_avsa_extra,client_submit,mask_tag_generation,39908.757812,calibrated_estimate,O(n^2*T_tag(l)),O(n^2) group elements,258560,49226240,accept
common_path,common_path-n100_d19000-n100-d19000-r3,100,19000,80,20,0,compact_vector_tag_main,incremental_avsa_extra,client_submit,receipt_generation,0.000100,calibrated_estimate,O(n),O(n),9600,9600,accept
common_path,common_path-n100_d19000-n100-d19000-r3,100,19000,80,20,0,compact_vector_tag_main,incremental_avsa_extra,server_publish,digest_log_build,0.000100,calibrated_estimate,O(n),O(n),4032,4032,accept
common_path,common_path-n100_d19000-n100-d19000-r3,100,19000,80,20,0,compact_vector_tag_main,incremental_avsa_extra,server_publish,decision_cert_generation,0.003100,calibrated_estimate,O(n),O(n),4196,4196,accept
common_path,common_path-n100_d19000-n100-d19000-r3,100,19000,80,20,0,compact_vector_tag_main,incremental_avsa_extra,server_publish,maskcert_tag_generation,39985.203125,calibrated_estimate,O(a)+T_tag(l),O(a)+O(l) if S_A published,611328,611328,accept
common_path,common_path-n100_d19000-n100-d19000-r3,100,19000,80,20,0,compact_vector_tag_main,incremental_avsa_extra,server_publish,aggregate_cert_generation,37.888672,calibrated_estimate,O(l),"O(l) aggregate mask, x_star excluded",608736,608736,accept
common_path,common_path-n100_d19000-n100-d19000-r3,100,19000,80,20,0,compact_vector_tag_main,incremental_avsa_extra,auditor_verify,verify_accepted_decisions,37.814453,calibrated_estimate,O(a*n),O(1),0,0,accept
common_path,common_path-n100_d19000-n100-d19000-r3,100,19000,80,20,0,compact_vector_tag_main,incremental_avsa_extra,auditor_verify,verify_mask_tag,41098.113281,calibrated_estimate,O(a)+T_tag(l),O(a)+O(l) if S_A published,0,0,accept
common_path,common_path-n100_d19000-n100-d19000-r3,100,19000,80,20,0,compact_vector_tag_main,incremental_avsa_extra,auditor_verify,verify_aggregate,40.003906,calibrated_estimate,O(a*l),O(l) working space,0,0,accept
common_path,common_path-n100_d19000-n100-d19000-r4,100,19000,80,20,0,compact_vector_tag_main,incremental_avsa_extra,client_submit,mask_tag_generation,40650.500000,calibrated_estimate,O(n^2*T_tag(l)),O(n^2) group elements,258560,49226240,accept
common_path,common_path-n100_d19000-n100-d19000-r4,100,19000,80,20,0,compact_vector_tag_main,incremental_avsa_extra,client_submit,receipt_generation,0.000200,calibrated_estimate,O(n),O(n),9600,9600,accept
common_path,common_path-n100_d19000-n100-d19000-r4,100,19000,80,20,0,compact_vector_tag_main,incremental_avsa_extra,server_publish,digest_log_build,0.000100,calibrated_estimate,O(n),O(n),4032,4032,accept
common_path,common_path-n100_d19000-n100-d19000-r4,100,19000,80,20,0,compact_vector_tag_main,incremental_avsa_extra,server_publish,decision_cert_generation,0.003000,calibrated_estimate,O(n),O(n),4196,4196,accept
common_path,common_path-n100_d19000-n100-d19000-r4,100,19000,80,20,0,compact_vector_tag_main,incremental_avsa_extra,server_publish,maskcert_tag_generation,40031.589844,calibrated_estimate,O(a)+T_tag(l),O(a)+O(l) if S_A published,611328,611328,accept
common_path,common_path-n100_d19000-n100-d19000-r4,100,19000,80,20,0,compact_vector_tag_main,incremental_avsa_extra,server_publish,aggregate_cert_generation,38.000000,calibrated_estimate,O(l),"O(l) aggregate mask, x_star excluded",608736,608736,accept
common_path,common_path-n100_d19000-n100-d19000-r4,100,19000,80,20,0,compact_vector_tag_main,incremental_avsa_extra,auditor_verify,verify_accepted_decisions,37.851562,calibrated_estimate,O(a*n),O(1),0,0,accept
common_path,common_path-n100_d19000-n100-d19000-r4,100,19000,80,20,0,compact_vector_tag_main,incremental_avsa_extra,auditor_verify,verify_mask_tag,41164.427734,calibrated_estimate,O(a)+T_tag(l),O(a)+O(l) if S_A published,0,0,accept
common_path,common_path-n100_d19000-n100-d19000-r4,100,19000,80,20,0,compact_vector_tag_main,incremental_avsa_extra,auditor_verify,verify_aggregate,39.744141,calibrated_estimate,O(a*l),O(l) working space,0,0,accept
common_path,common_path-n100_d62000-n100-d62000-r0,100,62000,80,20,0,compact_vector_tag_main,incremental_avsa_extra,client_submit,mask_tag_generation,131518.468750,calibrated_estimate,O(n^2*T_tag(l)),O(n^2) group elements,258560,159306240,accept
common_path,common_path-n100_d62000-n100-d62000-r0,100,62000,80,20,0,compact_vector_tag_main,incremental_avsa_extra,client_submit,receipt_generation,0.000100,calibrated_estimate,O(n),O(n),9600,9600,accept
common_path,common_path-n100_d62000-n100-d62000-r0,100,62000,80,20,0,compact_vector_tag_main,incremental_avsa_extra,server_publish,digest_log_build,0.000100,calibrated_estimate,O(n),O(n),4032,4032,accept
common_path,common_path-n100_d62000-n100-d62000-r0,100,62000,80,20,0,compact_vector_tag_main,incremental_avsa_extra,server_publish,decision_cert_generation,0.002900,calibrated_estimate,O(n),O(n),4196,4196,accept
common_path,common_path-n100_d62000-n100-d62000-r0,100,62000,80,20,0,compact_vector_tag_main,incremental_avsa_extra,server_publish,maskcert_tag_generation,130181.351563,calibrated_estimate,O(a)+T_tag(l),O(a)+O(l) if S_A published,1987328,1987328,accept
common_path,common_path-n100_d62000-n100-d62000-r0,100,62000,80,20,0,compact_vector_tag_main,incremental_avsa_extra,server_publish,aggregate_cert_generation,124.121094,calibrated_estimate,O(l),"O(l) aggregate mask, x_star excluded",1984736,1984736,accept
common_path,common_path-n100_d62000-n100-d62000-r0,100,62000,80,20,0,compact_vector_tag_main,incremental_avsa_extra,auditor_verify,verify_accepted_decisions,123.394531,calibrated_estimate,O(a*n),O(1),0,0,accept
common_path,common_path-n100_d62000-n100-d62000-r0,100,62000,80,20,0,compact_vector_tag_main,incremental_avsa_extra,auditor_verify,verify_mask_tag,130200.484375,calibrated_estimate,O(a)+T_tag(l),O(a)+O(l) if S_A published,0,0,accept
common_path,common_path-n100_d62000-n100-d62000-r0,100,62000,80,20,0,compact_vector_tag_main,incremental_avsa_extra,auditor_verify,verify_aggregate,123.636719,calibrated_estimate,O(a*l),O(l) working space,0,0,accept
common_path,common_path-n100_d62000-n100-d62000-r1,100,62000,80,20,0,compact_vector_tag_main,incremental_avsa_extra,client_submit,mask_tag_generation,130198.425781,calibrated_estimate,O(n^2*T_tag(l)),O(n^2) group elements,258560,159306240,accept
common_path,common_path-n100_d62000-n100-d62000-r1,100,62000,80,20,0,compact_vector_tag_main,incremental_avsa_extra,client_submit,receipt_generation,0.000100,calibrated_estimate,O(n),O(n),9600,9600,accept
common_path,common_path-n100_d62000-n100-d62000-r1,100,62000,80,20,0,compact_vector_tag_main,incremental_avsa_extra,server_publish,digest_log_build,0.000100,calibrated_estimate,O(n),O(n),4032,4032,accept
common_path,common_path-n100_d62000-n100-d62000-r1,100,62000,80,20,0,compact_vector_tag_main,incremental_avsa_extra,server_publish,decision_cert_generation,0.002900,calibrated_estimate,O(n),O(n),4196,4196,accept
common_path,common_path-n100_d62000-n100-d62000-r1,100,62000,80,20,0,compact_vector_tag_main,incremental_avsa_extra,server_publish,maskcert_tag_generation,130202.300781,calibrated_estimate,O(a)+T_tag(l),O(a)+O(l) if S_A published,1987328,1987328,accept
common_path,common_path-n100_d62000-n100-d62000-r1,100,62000,80,20,0,compact_vector_tag_main,incremental_avsa_extra,server_publish,aggregate_cert_generation,123.515625,calibrated_estimate,O(l),"O(l) aggregate mask, x_star excluded",1984736,1984736,accept
common_path,common_path-n100_d62000-n100-d62000-r1,100,62000,80,20,0,compact_vector_tag_main,incremental_avsa_extra,auditor_verify,verify_accepted_decisions,123.394531,calibrated_estimate,O(a*n),O(1),0,0,accept
common_path,common_path-n100_d62000-n100-d62000-r1,100,62000,80,20,0,compact_vector_tag_main,incremental_avsa_extra,auditor_verify,verify_mask_tag,130273.019531,calibrated_estimate,O(a)+T_tag(l),O(a)+O(l) if S_A published,0,0,accept
common_path,common_path-n100_d62000-n100-d62000-r1,100,62000,80,20,0,compact_vector_tag_main,incremental_avsa_extra,auditor_verify,verify_aggregate,123.394531,calibrated_estimate,O(a*l),O(l) working space,0,0,accept
common_path,common_path-n100_d62000-n100-d62000-r2,100,62000,80,20,0,compact_vector_tag_main,incremental_avsa_extra,client_submit,mask_tag_generation,130331.144531,calibrated_estimate,O(n^2*T_tag(l)),O(n^2) group elements,258560,159306240,accept
common_path,common_path-n100_d62000-n100-d62000-r2,100,62000,80,20,0,compact_vector_tag_main,incremental_avsa_extra,client_submit,receipt_generation,0.000100,calibrated_estimate,O(n),O(n),9600,9600,accept
common_path,common_path-n100_d62000-n100-d62000-r2,100,62000,80,20,0,compact_vector_tag_main,incremental_avsa_extra,server_publish,digest_log_build,0.000100,calibrated_estimate,O(n),O(n),4032,4032,accept
common_path,common_path-n100_d62000-n100-d62000-r2,100,62000,80,20,0,compact_vector_tag_main,incremental_avsa_extra,server_publish,decision_cert_generation,0.002900,calibrated_estimate,O(n),O(n),4196,4196,accept
common_path,common_path-n100_d62000-n100-d62000-r2,100,62000,80,20,0,compact_vector_tag_main,incremental_avsa_extra,server_publish,maskcert_tag_generation,129801.480469,calibrated_estimate,O(a)+T_tag(l),O(a)+O(l) if S_A published,1987328,1987328,accept
common_path,common_path-n100_d62000-n100-d62000-r2,100,62000,80,20,0,compact_vector_tag_main,incremental_avsa_extra,server_publish,aggregate_cert_generation,123.515625,calibrated_estimate,O(l),"O(l) aggregate mask, x_star excluded",1984736,1984736,accept
common_path,common_path-n100_d62000-n100-d62000-r2,100,62000,80,20,0,compact_vector_tag_main,incremental_avsa_extra,auditor_verify,verify_accepted_decisions,124.000000,calibrated_estimate,O(a*n),O(1),0,0,accept
common_path,common_path-n100_d62000-n100-d62000-r2,100,62000,80,20,0,compact_vector_tag_main,incremental_avsa_extra,auditor_verify,verify_mask_tag,130159.312500,calibrated_estimate,O(a)+T_tag(l),O(a)+O(l) if S_A published,0,0,accept
common_path,common_path-n100_d62000-n100-d62000-r2,100,62000,80,20,0,compact_vector_tag_main,incremental_avsa_extra,auditor_verify,verify_aggregate,123.515625,calibrated_estimate,O(a*l),O(l) working space,0,0,accept
common_path,common_path-n100_d62000-n100-d62000-r3,100,62000,80,20,0,compact_vector_tag_main,incremental_avsa_extra,client_submit,mask_tag_generation,130269.750000,calibrated_estimate,O(n^2*T_tag(l)),O(n^2) group elements,258560,159306240,accept
common_path,common_path-n100_d62000-n100-d62000-r3,100,62000,80,20,0,compact_vector_tag_main,incremental_avsa_extra,client_submit,receipt_generation,0.000100,calibrated_estimate,O(n),O(n),9600,9600,accept
common_path,common_path-n100_d62000-n100-d62000-r3,100,62000,80,20,0,compact_vector_tag_main,incremental_avsa_extra,server_publish,digest_log_build,0.000100,calibrated_estimate,O(n),O(n),4032,4032,accept
common_path,common_path-n100_d62000-n100-d62000-r3,100,62000,80,20,0,compact_vector_tag_main,incremental_avsa_extra,server_publish,decision_cert_generation,0.002700,calibrated_estimate,O(n),O(n),4196,4196,accept
common_path,common_path-n100_d62000-n100-d62000-r3,100,62000,80,20,0,compact_vector_tag_main,incremental_avsa_extra,server_publish,maskcert_tag_generation,133589.414062,calibrated_estimate,O(a)+T_tag(l),O(a)+O(l) if S_A published,1987328,1987328,accept
common_path,common_path-n100_d62000-n100-d62000-r3,100,62000,80,20,0,compact_vector_tag_main,incremental_avsa_extra,server_publish,aggregate_cert_generation,129.812500,calibrated_estimate,O(l),"O(l) aggregate mask, x_star excluded",1984736,1984736,accept
common_path,common_path-n100_d62000-n100-d62000-r3,100,62000,80,20,0,compact_vector_tag_main,incremental_avsa_extra,auditor_verify,verify_accepted_decisions,133.445312,calibrated_estimate,O(a*n),O(1),0,0,accept
common_path,common_path-n100_d62000-n100-d62000-r3,100,62000,80,20,0,compact_vector_tag_main,incremental_avsa_extra,auditor_verify,verify_mask_tag,131851.839844,calibrated_estimate,O(a)+T_tag(l),O(a)+O(l) if S_A published,0,0,accept
common_path,common_path-n100_d62000-n100-d62000-r3,100,62000,80,20,0,compact_vector_tag_main,incremental_avsa_extra,auditor_verify,verify_aggregate,124.000000,calibrated_estimate,O(a*l),O(l) working space,0,0,accept
common_path,common_path-n100_d62000-n100-d62000-r4,100,62000,80,20,0,compact_vector_tag_main,incremental_avsa_extra,client_submit,mask_tag_generation,135179.496094,calibrated_estimate,O(n^2*T_tag(l)),O(n^2) group elements,258560,159306240,accept
common_path,common_path-n100_d62000-n100-d62000-r4,100,62000,80,20,0,compact_vector_tag_main,incremental_avsa_extra,client_submit,receipt_generation,0.000100,calibrated_estimate,O(n),O(n),9600,9600,accept
common_path,common_path-n100_d62000-n100-d62000-r4,100,62000,80,20,0,compact_vector_tag_main,incremental_avsa_extra,server_publish,digest_log_build,0.000100,calibrated_estimate,O(n),O(n),4032,4032,accept
common_path,common_path-n100_d62000-n100-d62000-r4,100,62000,80,20,0,compact_vector_tag_main,incremental_avsa_extra,server_publish,decision_cert_generation,0.003000,calibrated_estimate,O(n),O(n),4196,4196,accept
common_path,common_path-n100_d62000-n100-d62000-r4,100,62000,80,20,0,compact_vector_tag_main,incremental_avsa_extra,server_publish,maskcert_tag_generation,131640.410156,calibrated_estimate,O(a)+T_tag(l),O(a)+O(l) if S_A published,1987328,1987328,accept
common_path,common_path-n100_d62000-n100-d62000-r4,100,62000,80,20,0,compact_vector_tag_main,incremental_avsa_extra,server_publish,aggregate_cert_generation,123.878906,calibrated_estimate,O(l),"O(l) aggregate mask, x_star excluded",1984736,1984736,accept
common_path,common_path-n100_d62000-n100-d62000-r4,100,62000,80,20,0,compact_vector_tag_main,incremental_avsa_extra,auditor_verify,verify_accepted_decisions,123.273437,calibrated_estimate,O(a*n),O(1),0,0,accept
common_path,common_path-n100_d62000-n100-d62000-r4,100,62000,80,20,0,compact_vector_tag_main,incremental_avsa_extra,auditor_verify,verify_mask_tag,130475.972656,calibrated_estimate,O(a)+T_tag(l),O(a)+O(l) if S_A published,0,0,accept
common_path,common_path-n100_d62000-n100-d62000-r4,100,62000,80,20,0,compact_vector_tag_main,incremental_avsa_extra,auditor_verify,verify_aggregate,123.515625,calibrated_estimate,O(a*l),O(l) working space,0,0,accept
common_path,common_path-n100_d273000-n100-d273000-r0,100,273000,80,20,0,compact_vector_tag_main,incremental_avsa_extra,client_submit,mask_tag_generation,576334.992188,calibrated_estimate,O(n^2*T_tag(l)),O(n^2) group elements,258560,699466240,accept
common_path,common_path-n100_d273000-n100-d273000-r0,100,273000,80,20,0,compact_vector_tag_main,incremental_avsa_extra,client_submit,receipt_generation,0.000100,calibrated_estimate,O(n),O(n),9600,9600,accept
common_path,common_path-n100_d273000-n100-d273000-r0,100,273000,80,20,0,compact_vector_tag_main,incremental_avsa_extra,server_publish,digest_log_build,0.000100,calibrated_estimate,O(n),O(n),4032,4032,accept
common_path,common_path-n100_d273000-n100-d273000-r0,100,273000,80,20,0,compact_vector_tag_main,incremental_avsa_extra,server_publish,decision_cert_generation,0.002900,calibrated_estimate,O(n),O(n),4196,4196,accept
common_path,common_path-n100_d273000-n100-d273000-r0,100,273000,80,20,0,compact_vector_tag_main,incremental_avsa_extra,server_publish,maskcert_tag_generation,574329.615234,calibrated_estimate,O(a)+T_tag(l),O(a)+O(l) if S_A published,8739328,8739328,accept
common_path,common_path-n100_d273000-n100-d273000-r0,100,273000,80,20,0,compact_vector_tag_main,incremental_avsa_extra,server_publish,aggregate_cert_generation,544.933594,calibrated_estimate,O(l),"O(l) aggregate mask, x_star excluded",8736736,8736736,accept
common_path,common_path-n100_d273000-n100-d273000-r0,100,273000,80,20,0,compact_vector_tag_main,incremental_avsa_extra,auditor_verify,verify_accepted_decisions,543.333984,calibrated_estimate,O(a*n),O(1),0,0,accept
common_path,common_path-n100_d273000-n100-d273000-r0,100,273000,80,20,0,compact_vector_tag_main,incremental_avsa_extra,auditor_verify,verify_mask_tag,572963.548828,calibrated_estimate,O(a)+T_tag(l),O(a)+O(l) if S_A published,0,0,accept
common_path,common_path-n100_d273000-n100-d273000-r0,100,273000,80,20,0,compact_vector_tag_main,incremental_avsa_extra,auditor_verify,verify_aggregate,543.867188,calibrated_estimate,O(a*l),O(l) working space,0,0,accept
common_path,common_path-n100_d273000-n100-d273000-r1,100,273000,80,20,0,compact_vector_tag_main,incremental_avsa_extra,client_submit,mask_tag_generation,574171.787109,calibrated_estimate,O(n^2*T_tag(l)),O(n^2) group elements,258560,699466240,accept
common_path,common_path-n100_d273000-n100-d273000-r1,100,273000,80,20,0,compact_vector_tag_main,incremental_avsa_extra,client_submit,receipt_generation,0.000100,calibrated_estimate,O(n),O(n),9600,9600,accept
common_path,common_path-n100_d273000-n100-d273000-r1,100,273000,80,20,0,compact_vector_tag_main,incremental_avsa_extra,server_publish,digest_log_build,0.000100,calibrated_estimate,O(n),O(n),4032,4032,accept
common_path,common_path-n100_d273000-n100-d273000-r1,100,273000,80,20,0,compact_vector_tag_main,incremental_avsa_extra,server_publish,decision_cert_generation,0.002700,calibrated_estimate,O(n),O(n),4196,4196,accept
common_path,common_path-n100_d273000-n100-d273000-r1,100,273000,80,20,0,compact_vector_tag_main,incremental_avsa_extra,server_publish,maskcert_tag_generation,573873.193359,calibrated_estimate,O(a)+T_tag(l),O(a)+O(l) if S_A published,8739328,8739328,accept
common_path,common_path-n100_d273000-n100-d273000-r1,100,273000,80,20,0,compact_vector_tag_main,incremental_avsa_extra,server_publish,aggregate_cert_generation,544.933594,calibrated_estimate,O(l),"O(l) aggregate mask, x_star excluded",8736736,8736736,accept
common_path,common_path-n100_d273000-n100-d273000-r1,100,273000,80,20,0,compact_vector_tag_main,incremental_avsa_extra,auditor_verify,verify_accepted_decisions,542.800781,calibrated_estimate,O(a*n),O(1),0,0,accept
common_path,common_path-n100_d273000-n100-d273000-r1,100,273000,80,20,0,compact_vector_tag_main,incremental_avsa_extra,auditor_verify,verify_mask_tag,573921.714844,calibrated_estimate,O(a)+T_tag(l),O(a)+O(l) if S_A published,0,0,accept
common_path,common_path-n100_d273000-n100-d273000-r1,100,273000,80,20,0,compact_vector_tag_main,incremental_avsa_extra,auditor_verify,verify_aggregate,544.933594,calibrated_estimate,O(a*l),O(l) working space,0,0,accept
common_path,common_path-n100_d273000-n100-d273000-r2,100,273000,80,20,0,compact_vector_tag_main,incremental_avsa_extra,client_submit,mask_tag_generation,574052.882812,calibrated_estimate,O(n^2*T_tag(l)),O(n^2) group elements,258560,699466240,accept
common_path,common_path-n100_d273000-n100-d273000-r2,100,273000,80,20,0,compact_vector_tag_main,incremental_avsa_extra,client_submit,receipt_generation,0.000100,calibrated_estimate,O(n),O(n),9600,9600,accept
common_path,common_path-n100_d273000-n100-d273000-r2,100,273000,80,20,0,compact_vector_tag_main,incremental_avsa_extra,server_publish,digest_log_build,0.000200,calibrated_estimate,O(n),O(n),4032,4032,accept
common_path,common_path-n100_d273000-n100-d273000-r2,100,273000,80,20,0,compact_vector_tag_main,incremental_avsa_extra,server_publish,decision_cert_generation,0.002600,calibrated_estimate,O(n),O(n),4196,4196,accept
common_path,common_path-n100_d273000-n100-d273000-r2,100,273000,80,20,0,compact_vector_tag_main,incremental_avsa_extra,server_publish,maskcert_tag_generation,573451.962891,calibrated_estimate,O(a)+T_tag(l),O(a)+O(l) if S_A published,8739328,8739328,accept
common_path,common_path-n100_d273000-n100-d273000-r2,100,273000,80,20,0,compact_vector_tag_main,incremental_avsa_extra,server_publish,aggregate_cert_generation,543.867188,calibrated_estimate,O(l),"O(l) aggregate mask, x_star excluded",8736736,8736736,accept
common_path,common_path-n100_d273000-n100-d273000-r2,100,273000,80,20,0,compact_vector_tag_main,incremental_avsa_extra,auditor_verify,verify_accepted_decisions,547.599609,calibrated_estimate,O(a*n),O(1),0,0,accept
common_path,common_path-n100_d273000-n100-d273000-r2,100,273000,80,20,0,compact_vector_tag_main,incremental_avsa_extra,auditor_verify,verify_mask_tag,574069.945312,calibrated_estimate,O(a)+T_tag(l),O(a)+O(l) if S_A published,0,0,accept
common_path,common_path-n100_d273000-n100-d273000-r2,100,273000,80,20,0,compact_vector_tag_main,incremental_avsa_extra,auditor_verify,verify_aggregate,543.333984,calibrated_estimate,O(a*l),O(l) working space,0,0,accept
common_path,common_path-n100_d273000-n100-d273000-r3,100,273000,80,20,0,compact_vector_tag_main,incremental_avsa_extra,client_submit,mask_tag_generation,574581.820312,calibrated_estimate,O(n^2*T_tag(l)),O(n^2) group elements,258560,699466240,accept
common_path,common_path-n100_d273000-n100-d273000-r3,100,273000,80,20,0,compact_vector_tag_main,incremental_avsa_extra,client_submit,receipt_generation,0.000200,calibrated_estimate,O(n),O(n),9600,9600,accept
common_path,common_path-n100_d273000-n100-d273000-r3,100,273000,80,20,0,compact_vector_tag_main,incremental_avsa_extra,server_publish,digest_log_build,0.000100,calibrated_estimate,O(n),O(n),4032,4032,accept
common_path,common_path-n100_d273000-n100-d273000-r3,100,273000,80,20,0,compact_vector_tag_main,incremental_avsa_extra,server_publish,decision_cert_generation,0.002600,calibrated_estimate,O(n),O(n),4196,4196,accept
common_path,common_path-n100_d273000-n100-d273000-r3,100,273000,80,20,0,compact_vector_tag_main,incremental_avsa_extra,server_publish,maskcert_tag_generation,573433.300781,calibrated_estimate,O(a)+T_tag(l),O(a)+O(l) if S_A published,8739328,8739328,accept
common_path,common_path-n100_d273000-n100-d273000-r3,100,273000,80,20,0,compact_vector_tag_main,incremental_avsa_extra,server_publish,aggregate_cert_generation,544.400391,calibrated_estimate,O(l),"O(l) aggregate mask, x_star excluded",8736736,8736736,accept
common_path,common_path-n100_d273000-n100-d273000-r3,100,273000,80,20,0,compact_vector_tag_main,incremental_avsa_extra,auditor_verify,verify_accepted_decisions,546.533203,calibrated_estimate,O(a*n),O(1),0,0,accept
common_path,common_path-n100_d273000-n100-d273000-r3,100,273000,80,20,0,compact_vector_tag_main,incremental_avsa_extra,auditor_verify,verify_mask_tag,572755.599609,calibrated_estimate,O(a)+T_tag(l),O(a)+O(l) if S_A published,0,0,accept
common_path,common_path-n100_d273000-n100-d273000-r3,100,273000,80,20,0,compact_vector_tag_main,incremental_avsa_extra,auditor_verify,verify_aggregate,543.867188,calibrated_estimate,O(a*l),O(l) working space,0,0,accept
common_path,common_path-n100_d273000-n100-d273000-r4,100,273000,80,20,0,compact_vector_tag_main,incremental_avsa_extra,client_submit,mask_tag_generation,573970.769531,calibrated_estimate,O(n^2*T_tag(l)),O(n^2) group elements,258560,699466240,accept
common_path,common_path-n100_d273000-n100-d273000-r4,100,273000,80,20,0,compact_vector_tag_main,incremental_avsa_extra,client_submit,receipt_generation,0.000100,calibrated_estimate,O(n),O(n),9600,9600,accept
common_path,common_path-n100_d273000-n100-d273000-r4,100,273000,80,20,0,compact_vector_tag_main,incremental_avsa_extra,server_publish,digest_log_build,0.000100,calibrated_estimate,O(n),O(n),4032,4032,accept
common_path,common_path-n100_d273000-n100-d273000-r4,100,273000,80,20,0,compact_vector_tag_main,incremental_avsa_extra,server_publish,decision_cert_generation,0.002600,calibrated_estimate,O(n),O(n),4196,4196,accept
common_path,common_path-n100_d273000-n100-d273000-r4,100,273000,80,20,0,compact_vector_tag_main,incremental_avsa_extra,server_publish,maskcert_tag_generation,574420.259766,calibrated_estimate,O(a)+T_tag(l),O(a)+O(l) if S_A published,8739328,8739328,accept
common_path,common_path-n100_d273000-n100-d273000-r4,100,273000,80,20,0,compact_vector_tag_main,incremental_avsa_extra,server_publish,aggregate_cert_generation,546.533203,calibrated_estimate,O(l),"O(l) aggregate mask, x_star excluded",8736736,8736736,accept
common_path,common_path-n100_d273000-n100-d273000-r4,100,273000,80,20,0,compact_vector_tag_main,incremental_avsa_extra,auditor_verify,verify_accepted_decisions,543.867188,calibrated_estimate,O(a*n),O(1),0,0,accept
common_path,common_path-n100_d273000-n100-d273000-r4,100,273000,80,20,0,compact_vector_tag_main,incremental_avsa_extra,auditor_verify,verify_mask_tag,574046.484375,calibrated_estimate,O(a)+T_tag(l),O(a)+O(l) if S_A published,0,0,accept
common_path,common_path-n100_d273000-n100-d273000-r4,100,273000,80,20,0,compact_vector_tag_main,incremental_avsa_extra,auditor_verify,verify_aggregate,545.466797,calibrated_estimate,O(a*l),O(l) working space,0,0,accept
common_path,common_path-n100_d818000-n100-d818000-r0,100,818000,80,20,0,compact_vector_tag_main,incremental_avsa_extra,client_submit,mask_tag_generation,1754239.343750,calibrated_estimate,O(n^2*T_tag(l)),O(n^2) group elements,258560,2094666240,accept
common_path,common_path-n100_d818000-n100-d818000-r0,100,818000,80,20,0,compact_vector_tag_main,incremental_avsa_extra,client_submit,receipt_generation,0.000100,calibrated_estimate,O(n),O(n),9600,9600,accept
common_path,common_path-n100_d818000-n100-d818000-r0,100,818000,80,20,0,compact_vector_tag_main,incremental_avsa_extra,server_publish,digest_log_build,0.000100,calibrated_estimate,O(n),O(n),4032,4032,accept
common_path,common_path-n100_d818000-n100-d818000-r0,100,818000,80,20,0,compact_vector_tag_main,incremental_avsa_extra,server_publish,decision_cert_generation,0.002900,calibrated_estimate,O(n),O(n),4196,4196,accept
common_path,common_path-n100_d818000-n100-d818000-r0,100,818000,80,20,0,compact_vector_tag_main,incremental_avsa_extra,server_publish,maskcert_tag_generation,1718062.015625,calibrated_estimate,O(a)+T_tag(l),O(a)+O(l) if S_A published,26179328,26179328,accept
common_path,common_path-n100_d818000-n100-d818000-r0,100,818000,80,20,0,compact_vector_tag_main,incremental_avsa_extra,server_publish,aggregate_cert_generation,1636.000000,calibrated_estimate,O(l),"O(l) aggregate mask, x_star excluded",26176736,26176736,accept
common_path,common_path-n100_d818000-n100-d818000-r0,100,818000,80,20,0,compact_vector_tag_main,incremental_avsa_extra,auditor_verify,verify_accepted_decisions,1628.011719,calibrated_estimate,O(a*n),O(1),0,0,accept
common_path,common_path-n100_d818000-n100-d818000-r0,100,818000,80,20,0,compact_vector_tag_main,incremental_avsa_extra,auditor_verify,verify_mask_tag,1720057.488281,calibrated_estimate,O(a)+T_tag(l),O(a)+O(l) if S_A published,0,0,accept
common_path,common_path-n100_d818000-n100-d818000-r0,100,818000,80,20,0,compact_vector_tag_main,incremental_avsa_extra,auditor_verify,verify_aggregate,1629.609375,calibrated_estimate,O(a*l),O(l) working space,0,0,accept
common_path,common_path-n100_d818000-n100-d818000-r1,100,818000,80,20,0,compact_vector_tag_main,incremental_avsa_extra,client_submit,mask_tag_generation,1718707.468750,calibrated_estimate,O(n^2*T_tag(l)),O(n^2) group elements,258560,2094666240,accept
common_path,common_path-n100_d818000-n100-d818000-r1,100,818000,80,20,0,compact_vector_tag_main,incremental_avsa_extra,client_submit,receipt_generation,0.000100,calibrated_estimate,O(n),O(n),9600,9600,accept
common_path,common_path-n100_d818000-n100-d818000-r1,100,818000,80,20,0,compact_vector_tag_main,incremental_avsa_extra,server_publish,digest_log_build,0.000100,calibrated_estimate,O(n),O(n),4032,4032,accept
common_path,common_path-n100_d818000-n100-d818000-r1,100,818000,80,20,0,compact_vector_tag_main,incremental_avsa_extra,server_publish,decision_cert_generation,0.002600,calibrated_estimate,O(n),O(n),4196,4196,accept
common_path,common_path-n100_d818000-n100-d818000-r1,100,818000,80,20,0,compact_vector_tag_main,incremental_avsa_extra,server_publish,maskcert_tag_generation,1720897.855469,calibrated_estimate,O(a)+T_tag(l),O(a)+O(l) if S_A published,26179328,26179328,accept
common_path,common_path-n100_d818000-n100-d818000-r1,100,818000,80,20,0,compact_vector_tag_main,incremental_avsa_extra,server_publish,aggregate_cert_generation,1632.804688,calibrated_estimate,O(l),"O(l) aggregate mask, x_star excluded",26176736,26176736,accept
common_path,common_path-n100_d818000-n100-d818000-r1,100,818000,80,20,0,compact_vector_tag_main,incremental_avsa_extra,auditor_verify,verify_accepted_decisions,1628.011719,calibrated_estimate,O(a*n),O(1),0,0,accept
common_path,common_path-n100_d818000-n100-d818000-r1,100,818000,80,20,0,compact_vector_tag_main,incremental_avsa_extra,auditor_verify,verify_mask_tag,1718132.312500,calibrated_estimate,O(a)+T_tag(l),O(a)+O(l) if S_A published,0,0,accept
common_path,common_path-n100_d818000-n100-d818000-r1,100,818000,80,20,0,compact_vector_tag_main,incremental_avsa_extra,auditor_verify,verify_aggregate,1631.207031,calibrated_estimate,O(a*l),O(l) working space,0,0,accept
common_path,common_path-n100_d818000-n100-d818000-r2,100,818000,80,20,0,compact_vector_tag_main,incremental_avsa_extra,client_submit,mask_tag_generation,1720715.722656,calibrated_estimate,O(n^2*T_tag(l)),O(n^2) group elements,258560,2094666240,accept
common_path,common_path-n100_d818000-n100-d818000-r2,100,818000,80,20,0,compact_vector_tag_main,incremental_avsa_extra,client_submit,receipt_generation,0.000100,calibrated_estimate,O(n),O(n),9600,9600,accept
common_path,common_path-n100_d818000-n100-d818000-r2,100,818000,80,20,0,compact_vector_tag_main,incremental_avsa_extra,server_publish,digest_log_build,0.000100,calibrated_estimate,O(n),O(n),4032,4032,accept
common_path,common_path-n100_d818000-n100-d818000-r2,100,818000,80,20,0,compact_vector_tag_main,incremental_avsa_extra,server_publish,decision_cert_generation,0.002700,calibrated_estimate,O(n),O(n),4196,4196,accept
common_path,common_path-n100_d818000-n100-d818000-r2,100,818000,80,20,0,compact_vector_tag_main,incremental_avsa_extra,server_publish,maskcert_tag_generation,1719972.812500,calibrated_estimate,O(a)+T_tag(l),O(a)+O(l) if S_A published,26179328,26179328,accept
common_path,common_path-n100_d818000-n100-d818000-r2,100,818000,80,20,0,compact_vector_tag_main,incremental_avsa_extra,server_publish,aggregate_cert_generation,1629.609375,calibrated_estimate,O(l),"O(l) aggregate mask, x_star excluded",26176736,26176736,accept
common_path,common_path-n100_d818000-n100-d818000-r2,100,818000,80,20,0,compact_vector_tag_main,incremental_avsa_extra,auditor_verify,verify_accepted_decisions,1628.011719,calibrated_estimate,O(a*n),O(1),0,0,accept
common_path,common_path-n100_d818000-n100-d818000-r2,100,818000,80,20,0,compact_vector_tag_main,incremental_avsa_extra,auditor_verify,verify_mask_tag,1723156.941406,calibrated_estimate,O(a)+T_tag(l),O(a)+O(l) if S_A published,0,0,accept
common_path,common_path-n100_d818000-n100-d818000-r2,100,818000,80,20,0,compact_vector_tag_main,incremental_avsa_extra,auditor_verify,verify_aggregate,1631.207031,calibrated_estimate,O(a*l),O(l) working space,0,0,accept
common_path,common_path-n100_d818000-n100-d818000-r3,100,818000,80,20,0,compact_vector_tag_main,incremental_avsa_extra,client_submit,mask_tag_generation,1720592.703125,calibrated_estimate,O(n^2*T_tag(l)),O(n^2) group elements,258560,2094666240,accept
common_path,common_path-n100_d818000-n100-d818000-r3,100,818000,80,20,0,compact_vector_tag_main,incremental_avsa_extra,client_submit,receipt_generation,0.000100,calibrated_estimate,O(n),O(n),9600,9600,accept
common_path,common_path-n100_d818000-n100-d818000-r3,100,818000,80,20,0,compact_vector_tag_main,incremental_avsa_extra,server_publish,digest_log_build,0.000100,calibrated_estimate,O(n),O(n),4032,4032,accept
common_path,common_path-n100_d818000-n100-d818000-r3,100,818000,80,20,0,compact_vector_tag_main,incremental_avsa_extra,server_publish,decision_cert_generation,0.002600,calibrated_estimate,O(n),O(n),4196,4196,accept
common_path,common_path-n100_d818000-n100-d818000-r3,100,818000,80,20,0,compact_vector_tag_main,incremental_avsa_extra,server_publish,maskcert_tag_generation,1719418.425781,calibrated_estimate,O(a)+T_tag(l),O(a)+O(l) if S_A published,26179328,26179328,accept
common_path,common_path-n100_d818000-n100-d818000-r3,100,818000,80,20,0,compact_vector_tag_main,incremental_avsa_extra,server_publish,aggregate_cert_generation,1631.207031,calibrated_estimate,O(l),"O(l) aggregate mask, x_star excluded",26176736,26176736,accept
common_path,common_path-n100_d818000-n100-d818000-r3,100,818000,80,20,0,compact_vector_tag_main,incremental_avsa_extra,auditor_verify,verify_accepted_decisions,1628.011719,calibrated_estimate,O(a*n),O(1),0,0,accept
common_path,common_path-n100_d818000-n100-d818000-r3,100,818000,80,20,0,compact_vector_tag_main,incremental_avsa_extra,auditor_verify,verify_mask_tag,1718269.710938,calibrated_estimate,O(a)+T_tag(l),O(a)+O(l) if S_A published,0,0,accept
common_path,common_path-n100_d818000-n100-d818000-r3,100,818000,80,20,0,compact_vector_tag_main,incremental_avsa_extra,auditor_verify,verify_aggregate,1629.609375,calibrated_estimate,O(a*l),O(l) working space,0,0,accept
common_path,common_path-n100_d818000-n100-d818000-r4,100,818000,80,20,0,compact_vector_tag_main,incremental_avsa_extra,client_submit,mask_tag_generation,1720095.832031,calibrated_estimate,O(n^2*T_tag(l)),O(n^2) group elements,258560,2094666240,accept
common_path,common_path-n100_d818000-n100-d818000-r4,100,818000,80,20,0,compact_vector_tag_main,incremental_avsa_extra,client_submit,receipt_generation,0.000100,calibrated_estimate,O(n),O(n),9600,9600,accept
common_path,common_path-n100_d818000-n100-d818000-r4,100,818000,80,20,0,compact_vector_tag_main,incremental_avsa_extra,server_publish,digest_log_build,0.000100,calibrated_estimate,O(n),O(n),4032,4032,accept
common_path,common_path-n100_d818000-n100-d818000-r4,100,818000,80,20,0,compact_vector_tag_main,incremental_avsa_extra,server_publish,decision_cert_generation,0.002600,calibrated_estimate,O(n),O(n),4196,4196,accept
common_path,common_path-n100_d818000-n100-d818000-r4,100,818000,80,20,0,compact_vector_tag_main,incremental_avsa_extra,server_publish,maskcert_tag_generation,1713109.281250,calibrated_estimate,O(a)+T_tag(l),O(a)+O(l) if S_A published,26179328,26179328,accept
common_path,common_path-n100_d818000-n100-d818000-r4,100,818000,80,20,0,compact_vector_tag_main,incremental_avsa_extra,server_publish,aggregate_cert_generation,1631.207031,calibrated_estimate,O(l),"O(l) aggregate mask, x_star excluded",26176736,26176736,accept
common_path,common_path-n100_d818000-n100-d818000-r4,100,818000,80,20,0,compact_vector_tag_main,incremental_avsa_extra,auditor_verify,verify_accepted_decisions,1628.011719,calibrated_estimate,O(a*n),O(1),0,0,accept
common_path,common_path-n100_d818000-n100-d818000-r4,100,818000,80,20,0,compact_vector_tag_main,incremental_avsa_extra,auditor_verify,verify_mask_tag,1719825.828125,calibrated_estimate,O(a)+T_tag(l),O(a)+O(l) if S_A published,0,0,accept
common_path,common_path-n100_d818000-n100-d818000-r4,100,818000,80,20,0,compact_vector_tag_main,incremental_avsa_extra,auditor_verify,verify_aggregate,1629.609375,calibrated_estimate,O(a*l),O(l) working space,0,0,accept
common_path,common_path-n200_d19000-n200-d19000-r0,200,19000,160,40,0,compact_vector_tag_main,incremental_avsa_extra,client_submit,mask_tag_generation,79768.085938,calibrated_estimate,O(n^2*T_tag(l)),O(n^2) group elements,1029120,98964480,accept
common_path,common_path-n200_d19000-n200-d19000-r0,200,19000,160,40,0,compact_vector_tag_main,incremental_avsa_extra,client_submit,receipt_generation,0.000200,calibrated_estimate,O(n),O(n),19200,19200,accept
common_path,common_path-n200_d19000-n200-d19000-r0,200,19000,160,40,0,compact_vector_tag_main,incremental_avsa_extra,server_publish,digest_log_build,0.000200,calibrated_estimate,O(n),O(n),8032,8032,accept
common_path,common_path-n200_d19000-n200-d19000-r0,200,19000,160,40,0,compact_vector_tag_main,incremental_avsa_extra,server_publish,decision_cert_generation,0.005300,calibrated_estimate,O(n),O(n),8296,8296,accept
common_path,common_path-n200_d19000-n200-d19000-r0,200,19000,160,40,0,compact_vector_tag_main,incremental_avsa_extra,server_publish,maskcert_tag_generation,79782.781250,calibrated_estimate,O(a)+T_tag(l),O(a)+O(l) if S_A published,614528,614528,accept
common_path,common_path-n200_d19000-n200-d19000-r0,200,19000,160,40,0,compact_vector_tag_main,incremental_avsa_extra,server_publish,aggregate_cert_generation,75.703125,calibrated_estimate,O(l),"O(l) aggregate mask, x_star excluded",609376,609376,accept
common_path,common_path-n200_d19000-n200-d19000-r0,200,19000,160,40,0,compact_vector_tag_main,incremental_avsa_extra,auditor_verify,verify_accepted_decisions,75.554687,calibrated_estimate,O(a*n),O(1),0,0,accept
common_path,common_path-n200_d19000-n200-d19000-r0,200,19000,160,40,0,compact_vector_tag_main,incremental_avsa_extra,auditor_verify,verify_mask_tag,79349.417969,calibrated_estimate,O(a)+T_tag(l),O(a)+O(l) if S_A published,0,0,accept
common_path,common_path-n200_d19000-n200-d19000-r0,200,19000,160,40,0,compact_vector_tag_main,incremental_avsa_extra,auditor_verify,verify_aggregate,74.144531,calibrated_estimate,O(a*l),O(l) working space,0,0,accept
common_path,common_path-n200_d19000-n200-d19000-r1,200,19000,160,40,0,compact_vector_tag_main,incremental_avsa_extra,client_submit,mask_tag_generation,79823.453125,calibrated_estimate,O(n^2*T_tag(l)),O(n^2) group elements,1029120,98964480,accept
common_path,common_path-n200_d19000-n200-d19000-r1,200,19000,160,40,0,compact_vector_tag_main,incremental_avsa_extra,client_submit,receipt_generation,0.000200,calibrated_estimate,O(n),O(n),19200,19200,accept
common_path,common_path-n200_d19000-n200-d19000-r1,200,19000,160,40,0,compact_vector_tag_main,incremental_avsa_extra,server_publish,digest_log_build,0.000200,calibrated_estimate,O(n),O(n),8032,8032,accept
common_path,common_path-n200_d19000-n200-d19000-r1,200,19000,160,40,0,compact_vector_tag_main,incremental_avsa_extra,server_publish,decision_cert_generation,0.005100,calibrated_estimate,O(n),O(n),8296,8296,accept
common_path,common_path-n200_d19000-n200-d19000-r1,200,19000,160,40,0,compact_vector_tag_main,incremental_avsa_extra,server_publish,maskcert_tag_generation,80801.730469,calibrated_estimate,O(a)+T_tag(l),O(a)+O(l) if S_A published,614528,614528,accept
common_path,common_path-n200_d19000-n200-d19000-r1,200,19000,160,40,0,compact_vector_tag_main,incremental_avsa_extra,server_publish,aggregate_cert_generation,75.851562,calibrated_estimate,O(l),"O(l) aggregate mask, x_star excluded",609376,609376,accept
common_path,common_path-n200_d19000-n200-d19000-r1,200,19000,160,40,0,compact_vector_tag_main,incremental_avsa_extra,auditor_verify,verify_accepted_decisions,75.628906,calibrated_estimate,O(a*n),O(1),0,0,accept
common_path,common_path-n200_d19000-n200-d19000-r1,200,19000,160,40,0,compact_vector_tag_main,incremental_avsa_extra,auditor_verify,verify_mask_tag,80003.507812,calibrated_estimate,O(a)+T_tag(l),O(a)+O(l) if S_A published,0,0,accept
common_path,common_path-n200_d19000-n200-d19000-r1,200,19000,160,40,0,compact_vector_tag_main,incremental_avsa_extra,auditor_verify,verify_aggregate,75.703125,calibrated_estimate,O(a*l),O(l) working space,0,0,accept
common_path,common_path-n200_d19000-n200-d19000-r2,200,19000,160,40,0,compact_vector_tag_main,incremental_avsa_extra,client_submit,mask_tag_generation,80317.230469,calibrated_estimate,O(n^2*T_tag(l)),O(n^2) group elements,1029120,98964480,accept
common_path,common_path-n200_d19000-n200-d19000-r2,200,19000,160,40,0,compact_vector_tag_main,incremental_avsa_extra,client_submit,receipt_generation,0.000200,calibrated_estimate,O(n),O(n),19200,19200,accept
common_path,common_path-n200_d19000-n200-d19000-r2,200,19000,160,40,0,compact_vector_tag_main,incremental_avsa_extra,server_publish,digest_log_build,0.000200,calibrated_estimate,O(n),O(n),8032,8032,accept
common_path,common_path-n200_d19000-n200-d19000-r2,200,19000,160,40,0,compact_vector_tag_main,incremental_avsa_extra,server_publish,decision_cert_generation,0.005400,calibrated_estimate,O(n),O(n),8296,8296,accept
common_path,common_path-n200_d19000-n200-d19000-r2,200,19000,160,40,0,compact_vector_tag_main,incremental_avsa_extra,server_publish,maskcert_tag_generation,79590.183594,calibrated_estimate,O(a)+T_tag(l),O(a)+O(l) if S_A published,614528,614528,accept
common_path,common_path-n200_d19000-n200-d19000-r2,200,19000,160,40,0,compact_vector_tag_main,incremental_avsa_extra,server_publish,aggregate_cert_generation,75.703125,calibrated_estimate,O(l),"O(l) aggregate mask, x_star excluded",609376,609376,accept
common_path,common_path-n200_d19000-n200-d19000-r2,200,19000,160,40,0,compact_vector_tag_main,incremental_avsa_extra,auditor_verify,verify_accepted_decisions,75.628906,calibrated_estimate,O(a*n),O(1),0,0,accept
common_path,common_path-n200_d19000-n200-d19000-r2,200,19000,160,40,0,compact_vector_tag_main,incremental_avsa_extra,auditor_verify,verify_mask_tag,79644.066406,calibrated_estimate,O(a)+T_tag(l),O(a)+O(l) if S_A published,0,0,accept
common_path,common_path-n200_d19000-n200-d19000-r2,200,19000,160,40,0,compact_vector_tag_main,incremental_avsa_extra,auditor_verify,verify_aggregate,75.777344,calibrated_estimate,O(a*l),O(l) working space,0,0,accept
common_path,common_path-n200_d19000-n200-d19000-r3,200,19000,160,40,0,compact_vector_tag_main,incremental_avsa_extra,client_submit,mask_tag_generation,79993.785156,calibrated_estimate,O(n^2*T_tag(l)),O(n^2) group elements,1029120,98964480,accept
common_path,common_path-n200_d19000-n200-d19000-r3,200,19000,160,40,0,compact_vector_tag_main,incremental_avsa_extra,client_submit,receipt_generation,0.000100,calibrated_estimate,O(n),O(n),19200,19200,accept
common_path,common_path-n200_d19000-n200-d19000-r3,200,19000,160,40,0,compact_vector_tag_main,incremental_avsa_extra,server_publish,digest_log_build,0.000200,calibrated_estimate,O(n),O(n),8032,8032,accept
common_path,common_path-n200_d19000-n200-d19000-r3,200,19000,160,40,0,compact_vector_tag_main,incremental_avsa_extra,server_publish,decision_cert_generation,0.005200,calibrated_estimate,O(n),O(n),8296,8296,accept
common_path,common_path-n200_d19000-n200-d19000-r3,200,19000,160,40,0,compact_vector_tag_main,incremental_avsa_extra,server_publish,maskcert_tag_generation,79802.078125,calibrated_estimate,O(a)+T_tag(l),O(a)+O(l) if S_A published,614528,614528,accept
common_path,common_path-n200_d19000-n200-d19000-r3,200,19000,160,40,0,compact_vector_tag_main,incremental_avsa_extra,server_publish,aggregate_cert_generation,75.628906,calibrated_estimate,O(l),"O(l) aggregate mask, x_star excluded",609376,609376,accept
common_path,common_path-n200_d19000-n200-d19000-r3,200,19000,160,40,0,compact_vector_tag_main,incremental_avsa_extra,auditor_verify,verify_accepted_decisions,75.628906,calibrated_estimate,O(a*n),O(1),0,0,accept
common_path,common_path-n200_d19000-n200-d19000-r3,200,19000,160,40,0,compact_vector_tag_main,incremental_avsa_extra,auditor_verify,verify_mask_tag,79666.851562,calibrated_estimate,O(a)+T_tag(l),O(a)+O(l) if S_A published,0,0,accept
common_path,common_path-n200_d19000-n200-d19000-r3,200,19000,160,40,0,compact_vector_tag_main,incremental_avsa_extra,auditor_verify,verify_aggregate,75.703125,calibrated_estimate,O(a*l),O(l) working space,0,0,accept
common_path,common_path-n200_d19000-n200-d19000-r4,200,19000,160,40,0,compact_vector_tag_main,incremental_avsa_extra,client_submit,mask_tag_generation,79714.351562,calibrated_estimate,O(n^2*T_tag(l)),O(n^2) group elements,1029120,98964480,accept
common_path,common_path-n200_d19000-n200-d19000-r4,200,19000,160,40,0,compact_vector_tag_main,incremental_avsa_extra,client_submit,receipt_generation,0.000200,calibrated_estimate,O(n),O(n),19200,19200,accept
common_path,common_path-n200_d19000-n200-d19000-r4,200,19000,160,40,0,compact_vector_tag_main,incremental_avsa_extra,server_publish,digest_log_build,0.000200,calibrated_estimate,O(n),O(n),8032,8032,accept
common_path,common_path-n200_d19000-n200-d19000-r4,200,19000,160,40,0,compact_vector_tag_main,incremental_avsa_extra,server_publish,decision_cert_generation,0.005100,calibrated_estimate,O(n),O(n),8296,8296,accept
common_path,common_path-n200_d19000-n200-d19000-r4,200,19000,160,40,0,compact_vector_tag_main,incremental_avsa_extra,server_publish,maskcert_tag_generation,79732.757812,calibrated_estimate,O(a)+T_tag(l),O(a)+O(l) if S_A published,614528,614528,accept
common_path,common_path-n200_d19000-n200-d19000-r4,200,19000,160,40,0,compact_vector_tag_main,incremental_avsa_extra,server_publish,aggregate_cert_generation,75.703125,calibrated_estimate,O(l),"O(l) aggregate mask, x_star excluded",609376,609376,accept
common_path,common_path-n200_d19000-n200-d19000-r4,200,19000,160,40,0,compact_vector_tag_main,incremental_avsa_extra,auditor_verify,verify_accepted_decisions,75.628906,calibrated_estimate,O(a*n),O(1),0,0,accept
common_path,common_path-n200_d19000-n200-d19000-r4,200,19000,160,40,0,compact_vector_tag_main,incremental_avsa_extra,auditor_verify,verify_mask_tag,80065.109375,calibrated_estimate,O(a)+T_tag(l),O(a)+O(l) if S_A published,0,0,accept
common_path,common_path-n200_d19000-n200-d19000-r4,200,19000,160,40,0,compact_vector_tag_main,incremental_avsa_extra,auditor_verify,verify_aggregate,75.851562,calibrated_estimate,O(a*l),O(l) working space,0,0,accept
common_path,common_path-n200_d62000-n200-d62000-r0,200,62000,160,40,0,compact_vector_tag_main,incremental_avsa_extra,client_submit,mask_tag_generation,260367.789062,calibrated_estimate,O(n^2*T_tag(l)),O(n^2) group elements,1029120,319124480,accept
common_path,common_path-n200_d62000-n200-d62000-r0,200,62000,160,40,0,compact_vector_tag_main,incremental_avsa_extra,client_submit,receipt_generation,0.000200,calibrated_estimate,O(n),O(n),19200,19200,accept
common_path,common_path-n200_d62000-n200-d62000-r0,200,62000,160,40,0,compact_vector_tag_main,incremental_avsa_extra,server_publish,digest_log_build,0.000200,calibrated_estimate,O(n),O(n),8032,8032,accept
common_path,common_path-n200_d62000-n200-d62000-r0,200,62000,160,40,0,compact_vector_tag_main,incremental_avsa_extra,server_publish,decision_cert_generation,0.005100,calibrated_estimate,O(n),O(n),8296,8296,accept
common_path,common_path-n200_d62000-n200-d62000-r0,200,62000,160,40,0,compact_vector_tag_main,incremental_avsa_extra,server_publish,maskcert_tag_generation,260596.414062,calibrated_estimate,O(a)+T_tag(l),O(a)+O(l) if S_A published,1990528,1990528,accept
common_path,common_path-n200_d62000-n200-d62000-r0,200,62000,160,40,0,compact_vector_tag_main,incremental_avsa_extra,server_publish,aggregate_cert_generation,247.515625,calibrated_estimate,O(l),"O(l) aggregate mask, x_star excluded",1985376,1985376,accept
common_path,common_path-n200_d62000-n200-d62000-r0,200,62000,160,40,0,compact_vector_tag_main,incremental_avsa_extra,auditor_verify,verify_accepted_decisions,248.242187,calibrated_estimate,O(a*n),O(1),0,0,accept
common_path,common_path-n200_d62000-n200-d62000-r0,200,62000,160,40,0,compact_vector_tag_main,incremental_avsa_extra,auditor_verify,verify_mask_tag,260717.750000,calibrated_estimate,O(a)+T_tag(l),O(a)+O(l) if S_A published,0,0,accept
common_path,common_path-n200_d62000-n200-d62000-r0,200,62000,160,40,0,compact_vector_tag_main,incremental_avsa_extra,auditor_verify,verify_aggregate,247.031250,calibrated_estimate,O(a*l),O(l) working space,0,0,accept
common_path,common_path-n200_d62000-n200-d62000-r1,200,62000,160,40,0,compact_vector_tag_main,incremental_avsa_extra,client_submit,mask_tag_generation,261216.656250,calibrated_estimate,O(n^2*T_tag(l)),O(n^2) group elements,1029120,319124480,accept
common_path,common_path-n200_d62000-n200-d62000-r1,200,62000,160,40,0,compact_vector_tag_main,incremental_avsa_extra,client_submit,receipt_generation,0.000100,calibrated_estimate,O(n),O(n),19200,19200,accept
common_path,common_path-n200_d62000-n200-d62000-r1,200,62000,160,40,0,compact_vector_tag_main,incremental_avsa_extra,server_publish,digest_log_build,0.000200,calibrated_estimate,O(n),O(n),8032,8032,accept
common_path,common_path-n200_d62000-n200-d62000-r1,200,62000,160,40,0,compact_vector_tag_main,incremental_avsa_extra,server_publish,decision_cert_generation,0.005200,calibrated_estimate,O(n),O(n),8296,8296,accept
common_path,common_path-n200_d62000-n200-d62000-r1,200,62000,160,40,0,compact_vector_tag_main,incremental_avsa_extra,server_publish,maskcert_tag_generation,260655.507812,calibrated_estimate,O(a)+T_tag(l),O(a)+O(l) if S_A published,1990528,1990528,accept
common_path,common_path-n200_d62000-n200-d62000-r1,200,62000,160,40,0,compact_vector_tag_main,incremental_avsa_extra,server_publish,aggregate_cert_generation,247.031250,calibrated_estimate,O(l),"O(l) aggregate mask, x_star excluded",1985376,1985376,accept
common_path,common_path-n200_d62000-n200-d62000-r1,200,62000,160,40,0,compact_vector_tag_main,incremental_avsa_extra,auditor_verify,verify_accepted_decisions,246.789062,calibrated_estimate,O(a*n),O(1),0,0,accept
common_path,common_path-n200_d62000-n200-d62000-r1,200,62000,160,40,0,compact_vector_tag_main,incremental_avsa_extra,auditor_verify,verify_mask_tag,260137.710938,calibrated_estimate,O(a)+T_tag(l),O(a)+O(l) if S_A published,0,0,accept
common_path,common_path-n200_d62000-n200-d62000-r1,200,62000,160,40,0,compact_vector_tag_main,incremental_avsa_extra,auditor_verify,verify_aggregate,247.031250,calibrated_estimate,O(a*l),O(l) working space,0,0,accept
common_path,common_path-n200_d62000-n200-d62000-r2,200,62000,160,40,0,compact_vector_tag_main,incremental_avsa_extra,client_submit,mask_tag_generation,260844.414062,calibrated_estimate,O(n^2*T_tag(l)),O(n^2) group elements,1029120,319124480,accept
common_path,common_path-n200_d62000-n200-d62000-r2,200,62000,160,40,0,compact_vector_tag_main,incremental_avsa_extra,client_submit,receipt_generation,0.000200,calibrated_estimate,O(n),O(n),19200,19200,accept
common_path,common_path-n200_d62000-n200-d62000-r2,200,62000,160,40,0,compact_vector_tag_main,incremental_avsa_extra,server_publish,digest_log_build,0.000200,calibrated_estimate,O(n),O(n),8032,8032,accept
common_path,common_path-n200_d62000-n200-d62000-r2,200,62000,160,40,0,compact_vector_tag_main,incremental_avsa_extra,server_publish,decision_cert_generation,0.005100,calibrated_estimate,O(n),O(n),8296,8296,accept
common_path,common_path-n200_d62000-n200-d62000-r2,200,62000,160,40,0,compact_vector_tag_main,incremental_avsa_extra,server_publish,maskcert_tag_generation,260603.437500,calibrated_estimate,O(a)+T_tag(l),O(a)+O(l) if S_A published,1990528,1990528,accept
common_path,common_path-n200_d62000-n200-d62000-r2,200,62000,160,40,0,compact_vector_tag_main,incremental_avsa_extra,server_publish,aggregate_cert_generation,242.187500,calibrated_estimate,O(l),"O(l) aggregate mask, x_star excluded",1985376,1985376,accept
common_path,common_path-n200_d62000-n200-d62000-r2,200,62000,160,40,0,compact_vector_tag_main,incremental_avsa_extra,auditor_verify,verify_accepted_decisions,241.460938,calibrated_estimate,O(a*n),O(1),0,0,accept
common_path,common_path-n200_d62000-n200-d62000-r2,200,62000,160,40,0,compact_vector_tag_main,incremental_avsa_extra,auditor_verify,verify_mask_tag,260360.039062,calibrated_estimate,O(a)+T_tag(l),O(a)+O(l) if S_A published,0,0,accept
common_path,common_path-n200_d62000-n200-d62000-r2,200,62000,160,40,0,compact_vector_tag_main,incremental_avsa_extra,auditor_verify,verify_aggregate,247.273438,calibrated_estimate,O(a*l),O(l) working space,0,0,accept
common_path,common_path-n200_d62000-n200-d62000-r3,200,62000,160,40,0,compact_vector_tag_main,incremental_avsa_extra,client_submit,mask_tag_generation,260361.007812,calibrated_estimate,O(n^2*T_tag(l)),O(n^2) group elements,1029120,319124480,accept
common_path,common_path-n200_d62000-n200-d62000-r3,200,62000,160,40,0,compact_vector_tag_main,incremental_avsa_extra,client_submit,receipt_generation,0.000200,calibrated_estimate,O(n),O(n),19200,19200,accept
common_path,common_path-n200_d62000-n200-d62000-r3,200,62000,160,40,0,compact_vector_tag_main,incremental_avsa_extra,server_publish,digest_log_build,0.000200,calibrated_estimate,O(n),O(n),8032,8032,accept
common_path,common_path-n200_d62000-n200-d62000-r3,200,62000,160,40,0,compact_vector_tag_main,incremental_avsa_extra,server_publish,decision_cert_generation,0.005100,calibrated_estimate,O(n),O(n),8296,8296,accept
common_path,common_path-n200_d62000-n200-d62000-r3,200,62000,160,40,0,compact_vector_tag_main,incremental_avsa_extra,server_publish,maskcert_tag_generation,260129.476562,calibrated_estimate,O(a)+T_tag(l),O(a)+O(l) if S_A published,1990528,1990528,accept
common_path,common_path-n200_d62000-n200-d62000-r3,200,62000,160,40,0,compact_vector_tag_main,incremental_avsa_extra,server_publish,aggregate_cert_generation,247.031250,calibrated_estimate,O(l),"O(l) aggregate mask, x_star excluded",1985376,1985376,accept
common_path,common_path-n200_d62000-n200-d62000-r3,200,62000,160,40,0,compact_vector_tag_main,incremental_avsa_extra,auditor_verify,verify_accepted_decisions,246.789062,calibrated_estimate,O(a*n),O(1),0,0,accept
common_path,common_path-n200_d62000-n200-d62000-r3,200,62000,160,40,0,compact_vector_tag_main,incremental_avsa_extra,auditor_verify,verify_mask_tag,260266.070312,calibrated_estimate,O(a)+T_tag(l),O(a)+O(l) if S_A published,0,0,accept
common_path,common_path-n200_d62000-n200-d62000-r3,200,62000,160,40,0,compact_vector_tag_main,incremental_avsa_extra,auditor_verify,verify_aggregate,247.031250,calibrated_estimate,O(a*l),O(l) working space,0,0,accept
common_path,common_path-n200_d62000-n200-d62000-r4,200,62000,160,40,0,compact_vector_tag_main,incremental_avsa_extra,client_submit,mask_tag_generation,260591.085938,calibrated_estimate,O(n^2*T_tag(l)),O(n^2) group elements,1029120,319124480,accept
common_path,common_path-n200_d62000-n200-d62000-r4,200,62000,160,40,0,compact_vector_tag_main,incremental_avsa_extra,client_submit,receipt_generation,0.000100,calibrated_estimate,O(n),O(n),19200,19200,accept
common_path,common_path-n200_d62000-n200-d62000-r4,200,62000,160,40,0,compact_vector_tag_main,incremental_avsa_extra,server_publish,digest_log_build,0.000200,calibrated_estimate,O(n),O(n),8032,8032,accept
common_path,common_path-n200_d62000-n200-d62000-r4,200,62000,160,40,0,compact_vector_tag_main,incremental_avsa_extra,server_publish,decision_cert_generation,0.005100,calibrated_estimate,O(n),O(n),8296,8296,accept
common_path,common_path-n200_d62000-n200-d62000-r4,200,62000,160,40,0,compact_vector_tag_main,incremental_avsa_extra,server_publish,maskcert_tag_generation,261708.296875,calibrated_estimate,O(a)+T_tag(l),O(a)+O(l) if S_A published,1990528,1990528,accept
common_path,common_path-n200_d62000-n200-d62000-r4,200,62000,160,40,0,compact_vector_tag_main,incremental_avsa_extra,server_publish,aggregate_cert_generation,247.273438,calibrated_estimate,O(l),"O(l) aggregate mask, x_star excluded",1985376,1985376,accept
common_path,common_path-n200_d62000-n200-d62000-r4,200,62000,160,40,0,compact_vector_tag_main,incremental_avsa_extra,auditor_verify,verify_accepted_decisions,248.242187,calibrated_estimate,O(a*n),O(1),0,0,accept
common_path,common_path-n200_d62000-n200-d62000-r4,200,62000,160,40,0,compact_vector_tag_main,incremental_avsa_extra,auditor_verify,verify_mask_tag,260452.312500,calibrated_estimate,O(a)+T_tag(l),O(a)+O(l) if S_A published,0,0,accept
common_path,common_path-n200_d62000-n200-d62000-r4,200,62000,160,40,0,compact_vector_tag_main,incremental_avsa_extra,auditor_verify,verify_aggregate,246.789062,calibrated_estimate,O(a*l),O(l) working space,0,0,accept
common_path,common_path-n200_d273000-n200-d273000-r0,200,273000,160,40,0,compact_vector_tag_main,incremental_avsa_extra,client_submit,mask_tag_generation,1150303.628906,calibrated_estimate,O(n^2*T_tag(l)),O(n^2) group elements,1029120,1399444480,accept
common_path,common_path-n200_d273000-n200-d273000-r0,200,273000,160,40,0,compact_vector_tag_main,incremental_avsa_extra,client_submit,receipt_generation,0.000100,calibrated_estimate,O(n),O(n),19200,19200,accept
common_path,common_path-n200_d273000-n200-d273000-r0,200,273000,160,40,0,compact_vector_tag_main,incremental_avsa_extra,server_publish,digest_log_build,0.000200,calibrated_estimate,O(n),O(n),8032,8032,accept
common_path,common_path-n200_d273000-n200-d273000-r0,200,273000,160,40,0,compact_vector_tag_main,incremental_avsa_extra,server_publish,decision_cert_generation,0.005000,calibrated_estimate,O(n),O(n),8296,8296,accept
common_path,common_path-n200_d273000-n200-d273000-r0,200,273000,160,40,0,compact_vector_tag_main,incremental_avsa_extra,server_publish,maskcert_tag_generation,1146851.671875,calibrated_estimate,O(a)+T_tag(l),O(a)+O(l) if S_A published,8742528,8742528,accept
common_path,common_path-n200_d273000-n200-d273000-r0,200,273000,160,40,0,compact_vector_tag_main,incremental_avsa_extra,server_publish,aggregate_cert_generation,1086.667969,calibrated_estimate,O(l),"O(l) aggregate mask, x_star excluded",8737376,8737376,accept
common_path,common_path-n200_d273000-n200-d273000-r0,200,273000,160,40,0,compact_vector_tag_main,incremental_avsa_extra,auditor_verify,verify_accepted_decisions,1086.667969,calibrated_estimate,O(a*n),O(1),0,0,accept
common_path,common_path-n200_d273000-n200-d273000-r0,200,273000,160,40,0,compact_vector_tag_main,incremental_avsa_extra,auditor_verify,verify_mask_tag,1148068.441406,calibrated_estimate,O(a)+T_tag(l),O(a)+O(l) if S_A published,0,0,accept
common_path,common_path-n200_d273000-n200-d273000-r0,200,273000,160,40,0,compact_vector_tag_main,incremental_avsa_extra,auditor_verify,verify_aggregate,1086.667969,calibrated_estimate,O(a*l),O(l) working space,0,0,accept
common_path,common_path-n200_d273000-n200-d273000-r1,200,273000,160,40,0,compact_vector_tag_main,incremental_avsa_extra,client_submit,mask_tag_generation,1147783.710938,calibrated_estimate,O(n^2*T_tag(l)),O(n^2) group elements,1029120,1399444480,accept
common_path,common_path-n200_d273000-n200-d273000-r1,200,273000,160,40,0,compact_vector_tag_main,incremental_avsa_extra,client_submit,receipt_generation,0.000200,calibrated_estimate,O(n),O(n),19200,19200,accept
common_path,common_path-n200_d273000-n200-d273000-r1,200,273000,160,40,0,compact_vector_tag_main,incremental_avsa_extra,server_publish,digest_log_build,0.000200,calibrated_estimate,O(n),O(n),8032,8032,accept
common_path,common_path-n200_d273000-n200-d273000-r1,200,273000,160,40,0,compact_vector_tag_main,incremental_avsa_extra,server_publish,decision_cert_generation,0.005100,calibrated_estimate,O(n),O(n),8296,8296,accept
common_path,common_path-n200_d273000-n200-d273000-r1,200,273000,160,40,0,compact_vector_tag_main,incremental_avsa_extra,server_publish,maskcert_tag_generation,1148410.757812,calibrated_estimate,O(a)+T_tag(l),O(a)+O(l) if S_A published,8742528,8742528,accept
common_path,common_path-n200_d273000-n200-d273000-r1,200,273000,160,40,0,compact_vector_tag_main,incremental_avsa_extra,server_publish,aggregate_cert_generation,1087.734375,calibrated_estimate,O(l),"O(l) aggregate mask, x_star excluded",8737376,8737376,accept
common_path,common_path-n200_d273000-n200-d273000-r1,200,273000,160,40,0,compact_vector_tag_main,incremental_avsa_extra,auditor_verify,verify_accepted_decisions,1088.800781,calibrated_estimate,O(a*n),O(1),0,0,accept
common_path,common_path-n200_d273000-n200-d273000-r1,200,273000,160,40,0,compact_vector_tag_main,incremental_avsa_extra,auditor_verify,verify_mask_tag,1148637.902344,calibrated_estimate,O(a)+T_tag(l),O(a)+O(l) if S_A published,0,0,accept
common_path,common_path-n200_d273000-n200-d273000-r1,200,273000,160,40,0,compact_vector_tag_main,incremental_avsa_extra,auditor_verify,verify_aggregate,1088.800781,calibrated_estimate,O(a*l),O(l) working space,0,0,accept
common_path,common_path-n200_d273000-n200-d273000-r2,200,273000,160,40,0,compact_vector_tag_main,incremental_avsa_extra,client_submit,mask_tag_generation,1146639.457031,calibrated_estimate,O(n^2*T_tag(l)),O(n^2) group elements,1029120,1399444480,accept
common_path,common_path-n200_d273000-n200-d273000-r2,200,273000,160,40,0,compact_vector_tag_main,incremental_avsa_extra,client_submit,receipt_generation,0.000200,calibrated_estimate,O(n),O(n),19200,19200,accept
common_path,common_path-n200_d273000-n200-d273000-r2,200,273000,160,40,0,compact_vector_tag_main,incremental_avsa_extra,server_publish,digest_log_build,0.000200,calibrated_estimate,O(n),O(n),8032,8032,accept
common_path,common_path-n200_d273000-n200-d273000-r2,200,273000,160,40,0,compact_vector_tag_main,incremental_avsa_extra,server_publish,decision_cert_generation,0.005100,calibrated_estimate,O(n),O(n),8296,8296,accept
common_path,common_path-n200_d273000-n200-d273000-r2,200,273000,160,40,0,compact_vector_tag_main,incremental_avsa_extra,server_publish,maskcert_tag_generation,1151284.722656,calibrated_estimate,O(a)+T_tag(l),O(a)+O(l) if S_A published,8742528,8742528,accept
common_path,common_path-n200_d273000-n200-d273000-r2,200,273000,160,40,0,compact_vector_tag_main,incremental_avsa_extra,server_publish,aggregate_cert_generation,1095.199219,calibrated_estimate,O(l),"O(l) aggregate mask, x_star excluded",8737376,8737376,accept
common_path,common_path-n200_d273000-n200-d273000-r2,200,273000,160,40,0,compact_vector_tag_main,incremental_avsa_extra,auditor_verify,verify_accepted_decisions,1085.601562,calibrated_estimate,O(a*n),O(1),0,0,accept
common_path,common_path-n200_d273000-n200-d273000-r2,200,273000,160,40,0,compact_vector_tag_main,incremental_avsa_extra,auditor_verify,verify_mask_tag,1147525.640625,calibrated_estimate,O(a)+T_tag(l),O(a)+O(l) if S_A published,0,0,accept
common_path,common_path-n200_d273000-n200-d273000-r2,200,273000,160,40,0,compact_vector_tag_main,incremental_avsa_extra,auditor_verify,verify_aggregate,1087.734375,calibrated_estimate,O(a*l),O(l) working space,0,0,accept
common_path,common_path-n200_d273000-n200-d273000-r3,200,273000,160,40,0,compact_vector_tag_main,incremental_avsa_extra,client_submit,mask_tag_generation,1148089.769531,calibrated_estimate,O(n^2*T_tag(l)),O(n^2) group elements,1029120,1399444480,accept
common_path,common_path-n200_d273000-n200-d273000-r3,200,273000,160,40,0,compact_vector_tag_main,incremental_avsa_extra,client_submit,receipt_generation,0.000200,calibrated_estimate,O(n),O(n),19200,19200,accept
common_path,common_path-n200_d273000-n200-d273000-r3,200,273000,160,40,0,compact_vector_tag_main,incremental_avsa_extra,server_publish,digest_log_build,0.000200,calibrated_estimate,O(n),O(n),8032,8032,accept
common_path,common_path-n200_d273000-n200-d273000-r3,200,273000,160,40,0,compact_vector_tag_main,incremental_avsa_extra,server_publish,decision_cert_generation,0.005100,calibrated_estimate,O(n),O(n),8296,8296,accept
common_path,common_path-n200_d273000-n200-d273000-r3,200,273000,160,40,0,compact_vector_tag_main,incremental_avsa_extra,server_publish,maskcert_tag_generation,1147042.558594,calibrated_estimate,O(a)+T_tag(l),O(a)+O(l) if S_A published,8742528,8742528,accept
common_path,common_path-n200_d273000-n200-d273000-r3,200,273000,160,40,0,compact_vector_tag_main,incremental_avsa_extra,server_publish,aggregate_cert_generation,1086.667969,calibrated_estimate,O(l),"O(l) aggregate mask, x_star excluded",8737376,8737376,accept
common_path,common_path-n200_d273000-n200-d273000-r3,200,273000,160,40,0,compact_vector_tag_main,incremental_avsa_extra,auditor_verify,verify_accepted_decisions,1085.601562,calibrated_estimate,O(a*n),O(1),0,0,accept
common_path,common_path-n200_d273000-n200-d273000-r3,200,273000,160,40,0,compact_vector_tag_main,incremental_avsa_extra,auditor_verify,verify_mask_tag,1145911.101563,calibrated_estimate,O(a)+T_tag(l),O(a)+O(l) if S_A published,0,0,accept
common_path,common_path-n200_d273000-n200-d273000-r3,200,273000,160,40,0,compact_vector_tag_main,incremental_avsa_extra,auditor_verify,verify_aggregate,1089.867188,calibrated_estimate,O(a*l),O(l) working space,0,0,accept
common_path,common_path-n200_d273000-n200-d273000-r4,200,273000,160,40,0,compact_vector_tag_main,incremental_avsa_extra,client_submit,mask_tag_generation,1149238.289062,calibrated_estimate,O(n^2*T_tag(l)),O(n^2) group elements,1029120,1399444480,accept
common_path,common_path-n200_d273000-n200-d273000-r4,200,273000,160,40,0,compact_vector_tag_main,incremental_avsa_extra,client_submit,receipt_generation,0.000200,calibrated_estimate,O(n),O(n),19200,19200,accept
common_path,common_path-n200_d273000-n200-d273000-r4,200,273000,160,40,0,compact_vector_tag_main,incremental_avsa_extra,server_publish,digest_log_build,0.000200,calibrated_estimate,O(n),O(n),8032,8032,accept
common_path,common_path-n200_d273000-n200-d273000-r4,200,273000,160,40,0,compact_vector_tag_main,incremental_avsa_extra,server_publish,decision_cert_generation,0.005400,calibrated_estimate,O(n),O(n),8296,8296,accept
common_path,common_path-n200_d273000-n200-d273000-r4,200,273000,160,40,0,compact_vector_tag_main,incremental_avsa_extra,server_publish,maskcert_tag_generation,1153720.394531,calibrated_estimate,O(a)+T_tag(l),O(a)+O(l) if S_A published,8742528,8742528,accept
common_path,common_path-n200_d273000-n200-d273000-r4,200,273000,160,40,0,compact_vector_tag_main,incremental_avsa_extra,server_publish,aggregate_cert_generation,1090.933594,calibrated_estimate,O(l),"O(l) aggregate mask, x_star excluded",8737376,8737376,accept
common_path,common_path-n200_d273000-n200-d273000-r4,200,273000,160,40,0,compact_vector_tag_main,incremental_avsa_extra,auditor_verify,verify_accepted_decisions,1086.667969,calibrated_estimate,O(a*n),O(1),0,0,accept
common_path,common_path-n200_d273000-n200-d273000-r4,200,273000,160,40,0,compact_vector_tag_main,incremental_avsa_extra,auditor_verify,verify_mask_tag,1146181.968750,calibrated_estimate,O(a)+T_tag(l),O(a)+O(l) if S_A published,0,0,accept
common_path,common_path-n200_d273000-n200-d273000-r4,200,273000,160,40,0,compact_vector_tag_main,incremental_avsa_extra,auditor_verify,verify_aggregate,1086.667969,calibrated_estimate,O(a*l),O(l) working space,0,0,accept
common_path,common_path-n200_d818000-n200-d818000-r0,200,818000,160,40,0,compact_vector_tag_main,incremental_avsa_extra,client_submit,mask_tag_generation,3438341.578125,calibrated_estimate,O(n^2*T_tag(l)),O(n^2) group elements,1029120,4189844480,accept
common_path,common_path-n200_d818000-n200-d818000-r0,200,818000,160,40,0,compact_vector_tag_main,incremental_avsa_extra,client_submit,receipt_generation,0.000200,calibrated_estimate,O(n),O(n),19200,19200,accept
common_path,common_path-n200_d818000-n200-d818000-r0,200,818000,160,40,0,compact_vector_tag_main,incremental_avsa_extra,server_publish,digest_log_build,0.000200,calibrated_estimate,O(n),O(n),8032,8032,accept
common_path,common_path-n200_d818000-n200-d818000-r0,200,818000,160,40,0,compact_vector_tag_main,incremental_avsa_extra,server_publish,decision_cert_generation,0.005200,calibrated_estimate,O(n),O(n),8296,8296,accept
common_path,common_path-n200_d818000-n200-d818000-r0,200,818000,160,40,0,compact_vector_tag_main,incremental_avsa_extra,server_publish,maskcert_tag_generation,3451039.750000,calibrated_estimate,O(a)+T_tag(l),O(a)+O(l) if S_A published,26182528,26182528,accept
common_path,common_path-n200_d818000-n200-d818000-r0,200,818000,160,40,0,compact_vector_tag_main,incremental_avsa_extra,server_publish,aggregate_cert_generation,3268.804688,calibrated_estimate,O(l),"O(l) aggregate mask, x_star excluded",26177376,26177376,accept
common_path,common_path-n200_d818000-n200-d818000-r0,200,818000,160,40,0,compact_vector_tag_main,incremental_avsa_extra,auditor_verify,verify_accepted_decisions,3256.023437,calibrated_estimate,O(a*n),O(1),0,0,accept
common_path,common_path-n200_d818000-n200-d818000-r0,200,818000,160,40,0,compact_vector_tag_main,incremental_avsa_extra,auditor_verify,verify_mask_tag,3446272.343750,calibrated_estimate,O(a)+T_tag(l),O(a)+O(l) if S_A published,0,0,accept
common_path,common_path-n200_d818000-n200-d818000-r0,200,818000,160,40,0,compact_vector_tag_main,incremental_avsa_extra,auditor_verify,verify_aggregate,3265.609375,calibrated_estimate,O(a*l),O(l) working space,0,0,accept
common_path,common_path-n200_d818000-n200-d818000-r1,200,818000,160,40,0,compact_vector_tag_main,incremental_avsa_extra,client_submit,mask_tag_generation,3441808.492188,calibrated_estimate,O(n^2*T_tag(l)),O(n^2) group elements,1029120,4189844480,accept
common_path,common_path-n200_d818000-n200-d818000-r1,200,818000,160,40,0,compact_vector_tag_main,incremental_avsa_extra,client_submit,receipt_generation,0.000200,calibrated_estimate,O(n),O(n),19200,19200,accept
common_path,common_path-n200_d818000-n200-d818000-r1,200,818000,160,40,0,compact_vector_tag_main,incremental_avsa_extra,server_publish,digest_log_build,0.000200,calibrated_estimate,O(n),O(n),8032,8032,accept
common_path,common_path-n200_d818000-n200-d818000-r1,200,818000,160,40,0,compact_vector_tag_main,incremental_avsa_extra,server_publish,decision_cert_generation,0.007700,calibrated_estimate,O(n),O(n),8296,8296,accept
common_path,common_path-n200_d818000-n200-d818000-r1,200,818000,160,40,0,compact_vector_tag_main,incremental_avsa_extra,server_publish,maskcert_tag_generation,3459817.273438,calibrated_estimate,O(a)+T_tag(l),O(a)+O(l) if S_A published,26182528,26182528,accept
common_path,common_path-n200_d818000-n200-d818000-r1,200,818000,160,40,0,compact_vector_tag_main,incremental_avsa_extra,server_publish,aggregate_cert_generation,3339.101563,calibrated_estimate,O(l),"O(l) aggregate mask, x_star excluded",26177376,26177376,accept
common_path,common_path-n200_d818000-n200-d818000-r1,200,818000,160,40,0,compact_vector_tag_main,incremental_avsa_extra,auditor_verify,verify_accepted_decisions,3326.320312,calibrated_estimate,O(a*n),O(1),0,0,accept
common_path,common_path-n200_d818000-n200-d818000-r1,200,818000,160,40,0,compact_vector_tag_main,incremental_avsa_extra,auditor_verify,verify_mask_tag,3440357.820312,calibrated_estimate,O(a)+T_tag(l),O(a)+O(l) if S_A published,0,0,accept
common_path,common_path-n200_d818000-n200-d818000-r1,200,818000,160,40,0,compact_vector_tag_main,incremental_avsa_extra,auditor_verify,verify_aggregate,3259.218750,calibrated_estimate,O(a*l),O(l) working space,0,0,accept
common_path,common_path-n200_d818000-n200-d818000-r2,200,818000,160,40,0,compact_vector_tag_main,incremental_avsa_extra,client_submit,mask_tag_generation,3441498.546875,calibrated_estimate,O(n^2*T_tag(l)),O(n^2) group elements,1029120,4189844480,accept
common_path,common_path-n200_d818000-n200-d818000-r2,200,818000,160,40,0,compact_vector_tag_main,incremental_avsa_extra,client_submit,receipt_generation,0.000200,calibrated_estimate,O(n),O(n),19200,19200,accept
common_path,common_path-n200_d818000-n200-d818000-r2,200,818000,160,40,0,compact_vector_tag_main,incremental_avsa_extra,server_publish,digest_log_build,0.000200,calibrated_estimate,O(n),O(n),8032,8032,accept
common_path,common_path-n200_d818000-n200-d818000-r2,200,818000,160,40,0,compact_vector_tag_main,incremental_avsa_extra,server_publish,decision_cert_generation,0.005600,calibrated_estimate,O(n),O(n),8296,8296,accept
common_path,common_path-n200_d818000-n200-d818000-r2,200,818000,160,40,0,compact_vector_tag_main,incremental_avsa_extra,server_publish,maskcert_tag_generation,3430167.968750,calibrated_estimate,O(a)+T_tag(l),O(a)+O(l) if S_A published,26182528,26182528,accept
common_path,common_path-n200_d818000-n200-d818000-r2,200,818000,160,40,0,compact_vector_tag_main,incremental_avsa_extra,server_publish,aggregate_cert_generation,3259.218750,calibrated_estimate,O(l),"O(l) aggregate mask, x_star excluded",26177376,26177376,accept
common_path,common_path-n200_d818000-n200-d818000-r2,200,818000,160,40,0,compact_vector_tag_main,incremental_avsa_extra,auditor_verify,verify_accepted_decisions,3252.828125,calibrated_estimate,O(a*n),O(1),0,0,accept
common_path,common_path-n200_d818000-n200-d818000-r2,200,818000,160,40,0,compact_vector_tag_main,incremental_avsa_extra,auditor_verify,verify_mask_tag,3435069.578125,calibrated_estimate,O(a)+T_tag(l),O(a)+O(l) if S_A published,0,0,accept
common_path,common_path-n200_d818000-n200-d818000-r2,200,818000,160,40,0,compact_vector_tag_main,incremental_avsa_extra,auditor_verify,verify_aggregate,3256.023437,calibrated_estimate,O(a*l),O(l) working space,0,0,accept
common_path,common_path-n200_d818000-n200-d818000-r3,200,818000,160,40,0,compact_vector_tag_main,incremental_avsa_extra,client_submit,mask_tag_generation,3429397.898438,calibrated_estimate,O(n^2*T_tag(l)),O(n^2) group elements,1029120,4189844480,accept
common_path,common_path-n200_d818000-n200-d818000-r3,200,818000,160,40,0,compact_vector_tag_main,incremental_avsa_extra,client_submit,receipt_generation,0.000100,calibrated_estimate,O(n),O(n),19200,19200,accept
common_path,common_path-n200_d818000-n200-d818000-r3,200,818000,160,40,0,compact_vector_tag_main,incremental_avsa_extra,server_publish,digest_log_build,0.000200,calibrated_estimate,O(n),O(n),8032,8032,accept
common_path,common_path-n200_d818000-n200-d818000-r3,200,818000,160,40,0,compact_vector_tag_main,incremental_avsa_extra,server_publish,decision_cert_generation,0.005300,calibrated_estimate,O(n),O(n),8296,8296,accept
common_path,common_path-n200_d818000-n200-d818000-r3,200,818000,160,40,0,compact_vector_tag_main,incremental_avsa_extra,server_publish,maskcert_tag_generation,3435440.234375,calibrated_estimate,O(a)+T_tag(l),O(a)+O(l) if S_A published,26182528,26182528,accept
common_path,common_path-n200_d818000-n200-d818000-r3,200,818000,160,40,0,compact_vector_tag_main,incremental_avsa_extra,server_publish,aggregate_cert_generation,3268.804688,calibrated_estimate,O(l),"O(l) aggregate mask, x_star excluded",26177376,26177376,accept
common_path,common_path-n200_d818000-n200-d818000-r3,200,818000,160,40,0,compact_vector_tag_main,incremental_avsa_extra,auditor_verify,verify_accepted_decisions,3256.023437,calibrated_estimate,O(a*n),O(1),0,0,accept
common_path,common_path-n200_d818000-n200-d818000-r3,200,818000,160,40,0,compact_vector_tag_main,incremental_avsa_extra,auditor_verify,verify_mask_tag,3430762.296875,calibrated_estimate,O(a)+T_tag(l),O(a)+O(l) if S_A published,0,0,accept
common_path,common_path-n200_d818000-n200-d818000-r3,200,818000,160,40,0,compact_vector_tag_main,incremental_avsa_extra,auditor_verify,verify_aggregate,3265.609375,calibrated_estimate,O(a*l),O(l) working space,0,0,accept
common_path,common_path-n200_d818000-n200-d818000-r4,200,818000,160,40,0,compact_vector_tag_main,incremental_avsa_extra,client_submit,mask_tag_generation,3437747.250000,calibrated_estimate,O(n^2*T_tag(l)),O(n^2) group elements,1029120,4189844480,accept
common_path,common_path-n200_d818000-n200-d818000-r4,200,818000,160,40,0,compact_vector_tag_main,incremental_avsa_extra,client_submit,receipt_generation,0.000100,calibrated_estimate,O(n),O(n),19200,19200,accept
common_path,common_path-n200_d818000-n200-d818000-r4,200,818000,160,40,0,compact_vector_tag_main,incremental_avsa_extra,server_publish,digest_log_build,0.000200,calibrated_estimate,O(n),O(n),8032,8032,accept
common_path,common_path-n200_d818000-n200-d818000-r4,200,818000,160,40,0,compact_vector_tag_main,incremental_avsa_extra,server_publish,decision_cert_generation,0.005100,calibrated_estimate,O(n),O(n),8296,8296,accept
common_path,common_path-n200_d818000-n200-d818000-r4,200,818000,160,40,0,compact_vector_tag_main,incremental_avsa_extra,server_publish,maskcert_tag_generation,3440670.960938,calibrated_estimate,O(a)+T_tag(l),O(a)+O(l) if S_A published,26182528,26182528,accept
common_path,common_path-n200_d818000-n200-d818000-r4,200,818000,160,40,0,compact_vector_tag_main,incremental_avsa_extra,server_publish,aggregate_cert_generation,3256.023437,calibrated_estimate,O(l),"O(l) aggregate mask, x_star excluded",26177376,26177376,accept
common_path,common_path-n200_d818000-n200-d818000-r4,200,818000,160,40,0,compact_vector_tag_main,incremental_avsa_extra,auditor_verify,verify_accepted_decisions,3252.828125,calibrated_estimate,O(a*n),O(1),0,0,accept
common_path,common_path-n200_d818000-n200-d818000-r4,200,818000,160,40,0,compact_vector_tag_main,incremental_avsa_extra,auditor_verify,verify_mask_tag,3433561.390625,calibrated_estimate,O(a)+T_tag(l),O(a)+O(l) if S_A published,0,0,accept
common_path,common_path-n200_d818000-n200-d818000-r4,200,818000,160,40,0,compact_vector_tag_main,incremental_avsa_extra,auditor_verify,verify_aggregate,3262.414062,calibrated_estimate,O(a*l),O(l) working space,0,0,accept
