experiment,run_id,n,dimension,attack,verifier,expected_label,actual_label,detected,passed,detection_scope,time_ms,time_source,cost_model,space_cost_model
malicious_server_detection,malicious_server_detection-n10_d19000-n10-d19000-r0,10,19000,false_accept,VerifyAcceptedDecision,reject(validation),reject(validation),true,true,record,0.472681,calibrated_estimate,O(n),O(n)
malicious_server_detection,malicious_server_detection-n10_d19000-n10-d19000-r0,10,19000,false_reject,VerifyAppeal,serverFault(falseReject),serverFault(falseReject),true,true,appeal,0.477319,calibrated_estimate,"O(n), omission independent of l",O(n)
malicious_server_detection,malicious_server_detection-n10_d19000-n10-d19000-r0,10,19000,omission,VerifyAppeal,serverFault(omission),serverFault(omission),true,true,digest_log,0.016699,calibrated_estimate,"O(n), omission independent of l",O(n)
malicious_server_detection,malicious_server_detection-n10_d19000-n10-d19000-r0,10,19000,equivocation_root,CompareSignedRoots,equivocation(root),equivocation(root),true,true,digest_log,0.016699,calibrated_estimate,O(n),O(n)
malicious_server_detection,malicious_server_detection-n10_d19000-n10-d19000-r0,10,19000,equivocation_admitted_set,CompareAggregateCertificates,equivocation(admittedSet),equivocation(admittedSet),true,true,certificate,0.016235,calibrated_estimate,O(n),O(n)
malicious_server_detection,malicious_server_detection-n10_d19000-n10-d19000-r0,10,19000,unsupported_recovery,VerifyMaskOpen,reject(reason),reject(reason),true,true,opening_domain,0.267187,analytical,O((a+boundary)*l),O((a+boundary)*l)
malicious_server_detection,malicious_server_detection-n10_d19000-n10-d19000-r0,10,19000,missing_opening,VerifyMaskOpen,reject(domain),reject(domain),true,true,opening_domain,0.267187,analytical,O((a+boundary)*l),O((a+boundary)*l)
malicious_server_detection,malicious_server_detection-n10_d19000-n10-d19000-r0,10,19000,extra_opening,VerifyMaskOpen,reject(domain),reject(domain),true,true,opening_domain,0.267187,analytical,O((a+boundary)*l),O((a+boundary)*l)
malicious_server_detection,malicious_server_detection-n10_d19000-n10-d19000-r0,10,19000,wrong_opening,VerifyMaskOpen,reject(pairOpening),reject(pairOpening),true,true,opening_relation,7941.925781,analytical,O((a+boundary)*l),O((a+boundary)*l)
malicious_server_detection,malicious_server_detection-n10_d19000-n10-d19000-r0,10,19000,wrong_tag_mask,VerifyMaskTag,reject(maskTag),reject(maskTag),true,true,tag_certificate,3967.029297,calibrated_estimate,O(a)+T_tag(l),O(a)+O(l) if S_A published
malicious_server_detection,malicious_server_detection-n10_d19000-n10-d19000-r0,10,19000,wrong_aggregate,VerifyAggregate,reject(aggregateSum),reject(aggregateSum),true,true,aggregate_certificate,3.785156,calibrated_estimate,O(a*l),O(l)
malicious_server_detection,malicious_server_detection-n10_d19000-n10-d19000-r0,10,19000,equivocation_aggregate,CompareAggregateCertificates,equivocation(aggregate),equivocation(aggregate),true,true,aggregate_certificate,0.016699,calibrated_estimate,O(n),O(n)
malicious_server_detection,malicious_server_detection-n10_d19000-n10-d19000-r1,10,19000,false_accept,VerifyAcceptedDecision,reject(validation),reject(validation),true,true,record,0.472681,calibrated_estimate,O(n),O(n)
malicious_server_detection,malicious_server_detection-n10_d19000-n10-d19000-r1,10,19000,false_reject,VerifyAppeal,serverFault(falseReject),serverFault(falseReject),true,true,appeal,0.472681,calibrated_estimate,"O(n), omission independent of l",O(n)
malicious_server_detection,malicious_server_detection-n10_d19000-n10-d19000-r1,10,19000,omission,VerifyAppeal,serverFault(omission),serverFault(omission),true,true,digest_log,0.016699,calibrated_estimate,"O(n), omission independent of l",O(n)
malicious_server_detection,malicious_server_detection-n10_d19000-n10-d19000-r1,10,19000,equivocation_root,CompareSignedRoots,equivocation(root),equivocation(root),true,true,digest_log,0.016699,calibrated_estimate,O(n),O(n)
malicious_server_detection,malicious_server_detection-n10_d19000-n10-d19000-r1,10,19000,equivocation_admitted_set,CompareAggregateCertificates,equivocation(admittedSet),equivocation(admittedSet),true,true,certificate,0.016235,calibrated_estimate,O(n),O(n)
malicious_server_detection,malicious_server_detection-n10_d19000-n10-d19000-r1,10,19000,unsupported_recovery,VerifyMaskOpen,reject(reason),reject(reason),true,true,opening_domain,0.267187,analytical,O((a+boundary)*l),O((a+boundary)*l)
malicious_server_detection,malicious_server_detection-n10_d19000-n10-d19000-r1,10,19000,missing_opening,VerifyMaskOpen,reject(domain),reject(domain),true,true,opening_domain,0.267187,analytical,O((a+boundary)*l),O((a+boundary)*l)
malicious_server_detection,malicious_server_detection-n10_d19000-n10-d19000-r1,10,19000,extra_opening,VerifyMaskOpen,reject(domain),reject(domain),true,true,opening_domain,0.267187,analytical,O((a+boundary)*l),O((a+boundary)*l)
malicious_server_detection,malicious_server_detection-n10_d19000-n10-d19000-r1,10,19000,wrong_opening,VerifyMaskOpen,reject(pairOpening),reject(pairOpening),true,true,opening_relation,7940.062891,analytical,O((a+boundary)*l),O((a+boundary)*l)
malicious_server_detection,malicious_server_detection-n10_d19000-n10-d19000-r1,10,19000,wrong_tag_mask,VerifyMaskTag,reject(maskTag),reject(maskTag),true,true,tag_certificate,3970.862695,calibrated_estimate,O(a)+T_tag(l),O(a)+O(l) if S_A published
malicious_server_detection,malicious_server_detection-n10_d19000-n10-d19000-r1,10,19000,wrong_aggregate,VerifyAggregate,reject(aggregateSum),reject(aggregateSum),true,true,aggregate_certificate,3.792578,calibrated_estimate,O(a*l),O(l)
malicious_server_detection,malicious_server_detection-n10_d19000-n10-d19000-r1,10,19000,equivocation_aggregate,CompareAggregateCertificates,equivocation(aggregate),equivocation(aggregate),true,true,aggregate_certificate,0.016699,calibrated_estimate,O(n),O(n)
malicious_server_detection,malicious_server_detection-n10_d19000-n10-d19000-r2,10,19000,false_accept,VerifyAcceptedDecision,reject(validation),reject(validation),true,true,record,0.472681,calibrated_estimate,O(n),O(n)
malicious_server_detection,malicious_server_detection-n10_d19000-n10-d19000-r2,10,19000,false_reject,VerifyAppeal,serverFault(falseReject),serverFault(falseReject),true,true,appeal,0.472681,calibrated_estimate,"O(n), omission independent of l",O(n)
malicious_server_detection,malicious_server_detection-n10_d19000-n10-d19000-r2,10,19000,omission,VerifyAppeal,serverFault(omission),serverFault(omission),true,true,digest_log,0.016235,calibrated_estimate,"O(n), omission independent of l",O(n)
malicious_server_detection,malicious_server_detection-n10_d19000-n10-d19000-r2,10,19000,equivocation_root,CompareSignedRoots,equivocation(root),equivocation(root),true,true,digest_log,0.016699,calibrated_estimate,O(n),O(n)
malicious_server_detection,malicious_server_detection-n10_d19000-n10-d19000-r2,10,19000,equivocation_admitted_set,CompareAggregateCertificates,equivocation(admittedSet),equivocation(admittedSet),true,true,certificate,0.016699,calibrated_estimate,O(n),O(n)
malicious_server_detection,malicious_server_detection-n10_d19000-n10-d19000-r2,10,19000,unsupported_recovery,VerifyMaskOpen,reject(reason),reject(reason),true,true,opening_domain,0.267187,analytical,O((a+boundary)*l),O((a+boundary)*l)
malicious_server_detection,malicious_server_detection-n10_d19000-n10-d19000-r2,10,19000,missing_opening,VerifyMaskOpen,reject(domain),reject(domain),true,true,opening_domain,0.267187,analytical,O((a+boundary)*l),O((a+boundary)*l)
malicious_server_detection,malicious_server_detection-n10_d19000-n10-d19000-r2,10,19000,extra_opening,VerifyMaskOpen,reject(domain),reject(domain),true,true,opening_domain,0.267187,analytical,O((a+boundary)*l),O((a+boundary)*l)
malicious_server_detection,malicious_server_detection-n10_d19000-n10-d19000-r2,10,19000,wrong_opening,VerifyMaskOpen,reject(pairOpening),reject(pairOpening),true,true,opening_relation,7946.364062,analytical,O((a+boundary)*l),O((a+boundary)*l)
malicious_server_detection,malicious_server_detection-n10_d19000-n10-d19000-r2,10,19000,wrong_tag_mask,VerifyMaskTag,reject(maskTag),reject(maskTag),true,true,tag_certificate,3969.044336,calibrated_estimate,O(a)+T_tag(l),O(a)+O(l) if S_A published
malicious_server_detection,malicious_server_detection-n10_d19000-n10-d19000-r2,10,19000,wrong_aggregate,VerifyAggregate,reject(aggregateSum),reject(aggregateSum),true,true,aggregate_certificate,3.792578,calibrated_estimate,O(a*l),O(l)
malicious_server_detection,malicious_server_detection-n10_d19000-n10-d19000-r2,10,19000,equivocation_aggregate,CompareAggregateCertificates,equivocation(aggregate),equivocation(aggregate),true,true,aggregate_certificate,0.016699,calibrated_estimate,O(n),O(n)
malicious_server_detection,malicious_server_detection-n10_d19000-n10-d19000-r3,10,19000,false_accept,VerifyAcceptedDecision,reject(validation),reject(validation),true,true,record,0.472681,calibrated_estimate,O(n),O(n)
malicious_server_detection,malicious_server_detection-n10_d19000-n10-d19000-r3,10,19000,false_reject,VerifyAppeal,serverFault(falseReject),serverFault(falseReject),true,true,appeal,0.472681,calibrated_estimate,"O(n), omission independent of l",O(n)
malicious_server_detection,malicious_server_detection-n10_d19000-n10-d19000-r3,10,19000,omission,VerifyAppeal,serverFault(omission),serverFault(omission),true,true,digest_log,0.016699,calibrated_estimate,"O(n), omission independent of l",O(n)
malicious_server_detection,malicious_server_detection-n10_d19000-n10-d19000-r3,10,19000,equivocation_root,CompareSignedRoots,equivocation(root),equivocation(root),true,true,digest_log,0.016699,calibrated_estimate,O(n),O(n)
malicious_server_detection,malicious_server_detection-n10_d19000-n10-d19000-r3,10,19000,equivocation_admitted_set,CompareAggregateCertificates,equivocation(admittedSet),equivocation(admittedSet),true,true,certificate,0.016699,calibrated_estimate,O(n),O(n)
malicious_server_detection,malicious_server_detection-n10_d19000-n10-d19000-r3,10,19000,unsupported_recovery,VerifyMaskOpen,reject(reason),reject(reason),true,true,opening_domain,0.259766,analytical,O((a+boundary)*l),O((a+boundary)*l)
malicious_server_detection,malicious_server_detection-n10_d19000-n10-d19000-r3,10,19000,missing_opening,VerifyMaskOpen,reject(domain),reject(domain),true,true,opening_domain,0.267187,analytical,O((a+boundary)*l),O((a+boundary)*l)
malicious_server_detection,malicious_server_detection-n10_d19000-n10-d19000-r3,10,19000,extra_opening,VerifyMaskOpen,reject(domain),reject(domain),true,true,opening_domain,0.267187,analytical,O((a+boundary)*l),O((a+boundary)*l)
malicious_server_detection,malicious_server_detection-n10_d19000-n10-d19000-r3,10,19000,wrong_opening,VerifyMaskOpen,reject(pairOpening),reject(pairOpening),true,true,opening_relation,7943.165234,analytical,O((a+boundary)*l),O((a+boundary)*l)
malicious_server_detection,malicious_server_detection-n10_d19000-n10-d19000-r3,10,19000,wrong_tag_mask,VerifyMaskTag,reject(maskTag),reject(maskTag),true,true,tag_certificate,3960.383008,calibrated_estimate,O(a)+T_tag(l),O(a)+O(l) if S_A published
malicious_server_detection,malicious_server_detection-n10_d19000-n10-d19000-r3,10,19000,wrong_aggregate,VerifyAggregate,reject(aggregateSum),reject(aggregateSum),true,true,aggregate_certificate,3.792578,calibrated_estimate,O(a*l),O(l)
malicious_server_detection,malicious_server_detection-n10_d19000-n10-d19000-r3,10,19000,equivocation_aggregate,CompareAggregateCertificates,equivocation(aggregate),equivocation(aggregate),true,true,aggregate_certificate,0.016699,calibrated_estimate,O(n),O(n)
malicious_server_detection,malicious_server_detection-n10_d19000-n10-d19000-r4,10,19000,false_accept,VerifyAcceptedDecision,reject(validation),reject(validation),true,true,record,0.472681,calibrated_estimate,O(n),O(n)
malicious_server_detection,malicious_server_detection-n10_d19000-n10-d19000-r4,10,19000,false_reject,VerifyAppeal,serverFault(falseReject),serverFault(falseReject),true,true,appeal,0.472681,calibrated_estimate,"O(n), omission independent of l",O(n)
malicious_server_detection,malicious_server_detection-n10_d19000-n10-d19000-r4,10,19000,omission,VerifyAppeal,serverFault(omission),serverFault(omission),true,true,digest_log,0.016699,calibrated_estimate,"O(n), omission independent of l",O(n)
malicious_server_detection,malicious_server_detection-n10_d19000-n10-d19000-r4,10,19000,equivocation_root,CompareSignedRoots,equivocation(root),equivocation(root),true,true,digest_log,0.016699,calibrated_estimate,O(n),O(n)
malicious_server_detection,malicious_server_detection-n10_d19000-n10-d19000-r4,10,19000,equivocation_admitted_set,CompareAggregateCertificates,equivocation(admittedSet),equivocation(admittedSet),true,true,certificate,0.016699,calibrated_estimate,O(n),O(n)
malicious_server_detection,malicious_server_detection-n10_d19000-n10-d19000-r4,10,19000,unsupported_recovery,VerifyMaskOpen,reject(reason),reject(reason),true,true,opening_domain,0.267187,analytical,O((a+boundary)*l),O((a+boundary)*l)
malicious_server_detection,malicious_server_detection-n10_d19000-n10-d19000-r4,10,19000,missing_opening,VerifyMaskOpen,reject(domain),reject(domain),true,true,opening_domain,0.267187,analytical,O((a+boundary)*l),O((a+boundary)*l)
malicious_server_detection,malicious_server_detection-n10_d19000-n10-d19000-r4,10,19000,extra_opening,VerifyMaskOpen,reject(domain),reject(domain),true,true,opening_domain,0.267187,analytical,O((a+boundary)*l),O((a+boundary)*l)
malicious_server_detection,malicious_server_detection-n10_d19000-n10-d19000-r4,10,19000,wrong_opening,VerifyMaskOpen,reject(pairOpening),reject(pairOpening),true,true,opening_relation,7941.628906,analytical,O((a+boundary)*l),O((a+boundary)*l)
malicious_server_detection,malicious_server_detection-n10_d19000-n10-d19000-r4,10,19000,wrong_tag_mask,VerifyMaskTag,reject(maskTag),reject(maskTag),true,true,tag_certificate,4073.562891,calibrated_estimate,O(a)+T_tag(l),O(a)+O(l) if S_A published
malicious_server_detection,malicious_server_detection-n10_d19000-n10-d19000-r4,10,19000,wrong_aggregate,VerifyAggregate,reject(aggregateSum),reject(aggregateSum),true,true,aggregate_certificate,3.710938,calibrated_estimate,O(a*l),O(l)
malicious_server_detection,malicious_server_detection-n10_d19000-n10-d19000-r4,10,19000,equivocation_aggregate,CompareAggregateCertificates,equivocation(aggregate),equivocation(aggregate),true,true,aggregate_certificate,0.016699,calibrated_estimate,O(n),O(n)
malicious_server_detection,malicious_server_detection-n10_d62000-n10-d62000-r0,10,62000,false_accept,VerifyAcceptedDecision,reject(validation),reject(validation),true,true,record,1.509131,calibrated_estimate,O(n),O(n)
malicious_server_detection,malicious_server_detection-n10_d62000-n10-d62000-r0,10,62000,false_reject,VerifyAppeal,serverFault(falseReject),serverFault(falseReject),true,true,appeal,1.509131,calibrated_estimate,"O(n), omission independent of l",O(n)
malicious_server_detection,malicious_server_detection-n10_d62000-n10-d62000-r0,10,62000,omission,VerifyAppeal,serverFault(omission),serverFault(omission),true,true,digest_log,0.052979,calibrated_estimate,"O(n), omission independent of l",O(n)
malicious_server_detection,malicious_server_detection-n10_d62000-n10-d62000-r0,10,62000,equivocation_root,CompareSignedRoots,equivocation(root),equivocation(root),true,true,digest_log,0.052979,calibrated_estimate,O(n),O(n)
malicious_server_detection,malicious_server_detection-n10_d62000-n10-d62000-r0,10,62000,equivocation_admitted_set,CompareAggregateCertificates,equivocation(admittedSet),equivocation(admittedSet),true,true,certificate,0.052979,calibrated_estimate,O(n),O(n)
malicious_server_detection,malicious_server_detection-n10_d62000-n10-d62000-r0,10,62000,unsupported_recovery,VerifyMaskOpen,reject(reason),reject(reason),true,true,opening_domain,0.847656,analytical,O((a+boundary)*l),O((a+boundary)*l)
malicious_server_detection,malicious_server_detection-n10_d62000-n10-d62000-r0,10,62000,missing_opening,VerifyMaskOpen,reject(domain),reject(domain),true,true,opening_domain,0.847656,analytical,O((a+boundary)*l),O((a+boundary)*l)
malicious_server_detection,malicious_server_detection-n10_d62000-n10-d62000-r0,10,62000,extra_opening,VerifyMaskOpen,reject(domain),reject(domain),true,true,opening_domain,0.847656,analytical,O((a+boundary)*l),O((a+boundary)*l)
malicious_server_detection,malicious_server_detection-n10_d62000-n10-d62000-r0,10,62000,wrong_opening,VerifyMaskOpen,reject(pairOpening),reject(pairOpening),true,true,opening_relation,25882.335938,analytical,O((a+boundary)*l),O((a+boundary)*l)
malicious_server_detection,malicious_server_detection-n10_d62000-n10-d62000-r0,10,62000,wrong_tag_mask,VerifyMaskTag,reject(maskTag),reject(maskTag),true,true,tag_certificate,12934.980078,calibrated_estimate,O(a)+T_tag(l),O(a)+O(l) if S_A published
malicious_server_detection,malicious_server_detection-n10_d62000-n10-d62000-r0,10,62000,wrong_aggregate,VerifyAggregate,reject(aggregateSum),reject(aggregateSum),true,true,aggregate_certificate,12.375781,calibrated_estimate,O(a*l),O(l)
malicious_server_detection,malicious_server_detection-n10_d62000-n10-d62000-r0,10,62000,equivocation_aggregate,CompareAggregateCertificates,equivocation(aggregate),equivocation(aggregate),true,true,aggregate_certificate,0.054492,calibrated_estimate,O(n),O(n)
malicious_server_detection,malicious_server_detection-n10_d62000-n10-d62000-r1,10,62000,false_accept,VerifyAcceptedDecision,reject(validation),reject(validation),true,true,record,1.542432,calibrated_estimate,O(n),O(n)
malicious_server_detection,malicious_server_detection-n10_d62000-n10-d62000-r1,10,62000,false_reject,VerifyAppeal,serverFault(falseReject),serverFault(falseReject),true,true,appeal,1.542432,calibrated_estimate,"O(n), omission independent of l",O(n)
malicious_server_detection,malicious_server_detection-n10_d62000-n10-d62000-r1,10,62000,omission,VerifyAppeal,serverFault(omission),serverFault(omission),true,true,digest_log,0.054492,calibrated_estimate,"O(n), omission independent of l",O(n)
malicious_server_detection,malicious_server_detection-n10_d62000-n10-d62000-r1,10,62000,equivocation_root,CompareSignedRoots,equivocation(root),equivocation(root),true,true,digest_log,0.054492,calibrated_estimate,O(n),O(n)
malicious_server_detection,malicious_server_detection-n10_d62000-n10-d62000-r1,10,62000,equivocation_admitted_set,CompareAggregateCertificates,equivocation(admittedSet),equivocation(admittedSet),true,true,certificate,0.054492,calibrated_estimate,O(n),O(n)
malicious_server_detection,malicious_server_detection-n10_d62000-n10-d62000-r1,10,62000,unsupported_recovery,VerifyMaskOpen,reject(reason),reject(reason),true,true,opening_domain,0.871875,analytical,O((a+boundary)*l),O((a+boundary)*l)
malicious_server_detection,malicious_server_detection-n10_d62000-n10-d62000-r1,10,62000,missing_opening,VerifyMaskOpen,reject(domain),reject(domain),true,true,opening_domain,0.871875,analytical,O((a+boundary)*l),O((a+boundary)*l)
malicious_server_detection,malicious_server_detection-n10_d62000-n10-d62000-r1,10,62000,extra_opening,VerifyMaskOpen,reject(domain),reject(domain),true,true,opening_domain,0.871875,analytical,O((a+boundary)*l),O((a+boundary)*l)
malicious_server_detection,malicious_server_detection-n10_d62000-n10-d62000-r1,10,62000,wrong_opening,VerifyMaskOpen,reject(pairOpening),reject(pairOpening),true,true,opening_relation,25911.979687,analytical,O((a+boundary)*l),O((a+boundary)*l)
malicious_server_detection,malicious_server_detection-n10_d62000-n10-d62000-r1,10,62000,wrong_tag_mask,VerifyMaskTag,reject(maskTag),reject(maskTag),true,true,tag_certificate,12963.570312,calibrated_estimate,O(a)+T_tag(l),O(a)+O(l) if S_A published
malicious_server_detection,malicious_server_detection-n10_d62000-n10-d62000-r1,10,62000,wrong_aggregate,VerifyAggregate,reject(aggregateSum),reject(aggregateSum),true,true,aggregate_certificate,12.375781,calibrated_estimate,O(a*l),O(l)
malicious_server_detection,malicious_server_detection-n10_d62000-n10-d62000-r1,10,62000,equivocation_aggregate,CompareAggregateCertificates,equivocation(aggregate),equivocation(aggregate),true,true,aggregate_certificate,0.054492,calibrated_estimate,O(n),O(n)
malicious_server_detection,malicious_server_detection-n10_d62000-n10-d62000-r2,10,62000,false_accept,VerifyAcceptedDecision,reject(validation),reject(validation),true,true,record,1.542432,calibrated_estimate,O(n),O(n)
malicious_server_detection,malicious_server_detection-n10_d62000-n10-d62000-r2,10,62000,false_reject,VerifyAppeal,serverFault(falseReject),serverFault(falseReject),true,true,appeal,1.542432,calibrated_estimate,"O(n), omission independent of l",O(n)
malicious_server_detection,malicious_server_detection-n10_d62000-n10-d62000-r2,10,62000,omission,VerifyAppeal,serverFault(omission),serverFault(omission),true,true,digest_log,0.054492,calibrated_estimate,"O(n), omission independent of l",O(n)
malicious_server_detection,malicious_server_detection-n10_d62000-n10-d62000-r2,10,62000,equivocation_root,CompareSignedRoots,equivocation(root),equivocation(root),true,true,digest_log,0.054492,calibrated_estimate,O(n),O(n)
malicious_server_detection,malicious_server_detection-n10_d62000-n10-d62000-r2,10,62000,equivocation_admitted_set,CompareAggregateCertificates,equivocation(admittedSet),equivocation(admittedSet),true,true,certificate,0.054492,calibrated_estimate,O(n),O(n)
malicious_server_detection,malicious_server_detection-n10_d62000-n10-d62000-r2,10,62000,unsupported_recovery,VerifyMaskOpen,reject(reason),reject(reason),true,true,opening_domain,0.871875,analytical,O((a+boundary)*l),O((a+boundary)*l)
malicious_server_detection,malicious_server_detection-n10_d62000-n10-d62000-r2,10,62000,missing_opening,VerifyMaskOpen,reject(domain),reject(domain),true,true,opening_domain,0.871875,analytical,O((a+boundary)*l),O((a+boundary)*l)
malicious_server_detection,malicious_server_detection-n10_d62000-n10-d62000-r2,10,62000,extra_opening,VerifyMaskOpen,reject(domain),reject(domain),true,true,opening_domain,0.871875,analytical,O((a+boundary)*l),O((a+boundary)*l)
malicious_server_detection,malicious_server_detection-n10_d62000-n10-d62000-r2,10,62000,wrong_opening,VerifyMaskOpen,reject(pairOpening),reject(pairOpening),true,true,opening_relation,25925.663281,analytical,O((a+boundary)*l),O((a+boundary)*l)
malicious_server_detection,malicious_server_detection-n10_d62000-n10-d62000-r2,10,62000,wrong_tag_mask,VerifyMaskTag,reject(maskTag),reject(maskTag),true,true,tag_certificate,12956.437891,calibrated_estimate,O(a)+T_tag(l),O(a)+O(l) if S_A published
malicious_server_detection,malicious_server_detection-n10_d62000-n10-d62000-r2,10,62000,wrong_aggregate,VerifyAggregate,reject(aggregateSum),reject(aggregateSum),true,true,aggregate_certificate,12.363672,calibrated_estimate,O(a*l),O(l)
malicious_server_detection,malicious_server_detection-n10_d62000-n10-d62000-r2,10,62000,equivocation_aggregate,CompareAggregateCertificates,equivocation(aggregate),equivocation(aggregate),true,true,aggregate_certificate,0.054492,calibrated_estimate,O(n),O(n)
malicious_server_detection,malicious_server_detection-n10_d62000-n10-d62000-r3,10,62000,false_accept,VerifyAcceptedDecision,reject(validation),reject(validation),true,true,record,1.542432,calibrated_estimate,O(n),O(n)
malicious_server_detection,malicious_server_detection-n10_d62000-n10-d62000-r3,10,62000,false_reject,VerifyAppeal,serverFault(falseReject),serverFault(falseReject),true,true,appeal,1.542432,calibrated_estimate,"O(n), omission independent of l",O(n)
malicious_server_detection,malicious_server_detection-n10_d62000-n10-d62000-r3,10,62000,omission,VerifyAppeal,serverFault(omission),serverFault(omission),true,true,digest_log,0.054492,calibrated_estimate,"O(n), omission independent of l",O(n)
malicious_server_detection,malicious_server_detection-n10_d62000-n10-d62000-r3,10,62000,equivocation_root,CompareSignedRoots,equivocation(root),equivocation(root),true,true,digest_log,0.054492,calibrated_estimate,O(n),O(n)
malicious_server_detection,malicious_server_detection-n10_d62000-n10-d62000-r3,10,62000,equivocation_admitted_set,CompareAggregateCertificates,equivocation(admittedSet),equivocation(admittedSet),true,true,certificate,0.054492,calibrated_estimate,O(n),O(n)
malicious_server_detection,malicious_server_detection-n10_d62000-n10-d62000-r3,10,62000,unsupported_recovery,VerifyMaskOpen,reject(reason),reject(reason),true,true,opening_domain,0.871875,analytical,O((a+boundary)*l),O((a+boundary)*l)
malicious_server_detection,malicious_server_detection-n10_d62000-n10-d62000-r3,10,62000,missing_opening,VerifyMaskOpen,reject(domain),reject(domain),true,true,opening_domain,0.871875,analytical,O((a+boundary)*l),O((a+boundary)*l)
malicious_server_detection,malicious_server_detection-n10_d62000-n10-d62000-r3,10,62000,extra_opening,VerifyMaskOpen,reject(domain),reject(domain),true,true,opening_domain,0.871875,analytical,O((a+boundary)*l),O((a+boundary)*l)
malicious_server_detection,malicious_server_detection-n10_d62000-n10-d62000-r3,10,62000,wrong_opening,VerifyMaskOpen,reject(pairOpening),reject(pairOpening),true,true,opening_relation,25905.028906,analytical,O((a+boundary)*l),O((a+boundary)*l)
malicious_server_detection,malicious_server_detection-n10_d62000-n10-d62000-r3,10,62000,wrong_tag_mask,VerifyMaskTag,reject(maskTag),reject(maskTag),true,true,tag_certificate,12952.805078,calibrated_estimate,O(a)+T_tag(l),O(a)+O(l) if S_A published
malicious_server_detection,malicious_server_detection-n10_d62000-n10-d62000-r3,10,62000,wrong_aggregate,VerifyAggregate,reject(aggregateSum),reject(aggregateSum),true,true,aggregate_certificate,12.363672,calibrated_estimate,O(a*l),O(l)
malicious_server_detection,malicious_server_detection-n10_d62000-n10-d62000-r3,10,62000,equivocation_aggregate,CompareAggregateCertificates,equivocation(aggregate),equivocation(aggregate),true,true,aggregate_certificate,0.054492,calibrated_estimate,O(n),O(n)
malicious_server_detection,malicious_server_detection-n10_d62000-n10-d62000-r4,10,62000,false_accept,VerifyAcceptedDecision,reject(validation),reject(validation),true,true,record,1.542432,calibrated_estimate,O(n),O(n)
malicious_server_detection,malicious_server_detection-n10_d62000-n10-d62000-r4,10,62000,false_reject,VerifyAppeal,serverFault(falseReject),serverFault(falseReject),true,true,appeal,1.542432,calibrated_estimate,"O(n), omission independent of l",O(n)
malicious_server_detection,malicious_server_detection-n10_d62000-n10-d62000-r4,10,62000,omission,VerifyAppeal,serverFault(omission),serverFault(omission),true,true,digest_log,0.054492,calibrated_estimate,"O(n), omission independent of l",O(n)
malicious_server_detection,malicious_server_detection-n10_d62000-n10-d62000-r4,10,62000,equivocation_root,CompareSignedRoots,equivocation(root),equivocation(root),true,true,digest_log,0.054492,calibrated_estimate,O(n),O(n)
malicious_server_detection,malicious_server_detection-n10_d62000-n10-d62000-r4,10,62000,equivocation_admitted_set,CompareAggregateCertificates,equivocation(admittedSet),equivocation(admittedSet),true,true,certificate,0.054492,calibrated_estimate,O(n),O(n)
malicious_server_detection,malicious_server_detection-n10_d62000-n10-d62000-r4,10,62000,unsupported_recovery,VerifyMaskOpen,reject(reason),reject(reason),true,true,opening_domain,0.871875,analytical,O((a+boundary)*l),O((a+boundary)*l)
malicious_server_detection,malicious_server_detection-n10_d62000-n10-d62000-r4,10,62000,missing_opening,VerifyMaskOpen,reject(domain),reject(domain),true,true,opening_domain,0.871875,analytical,O((a+boundary)*l),O((a+boundary)*l)
malicious_server_detection,malicious_server_detection-n10_d62000-n10-d62000-r4,10,62000,extra_opening,VerifyMaskOpen,reject(domain),reject(domain),true,true,opening_domain,0.871875,analytical,O((a+boundary)*l),O((a+boundary)*l)
malicious_server_detection,malicious_server_detection-n10_d62000-n10-d62000-r4,10,62000,wrong_opening,VerifyMaskOpen,reject(pairOpening),reject(pairOpening),true,true,opening_relation,25916.992969,analytical,O((a+boundary)*l),O((a+boundary)*l)
malicious_server_detection,malicious_server_detection-n10_d62000-n10-d62000-r4,10,62000,wrong_tag_mask,VerifyMaskTag,reject(maskTag),reject(maskTag),true,true,tag_certificate,12933.369531,calibrated_estimate,O(a)+T_tag(l),O(a)+O(l) if S_A published
malicious_server_detection,malicious_server_detection-n10_d62000-n10-d62000-r4,10,62000,wrong_aggregate,VerifyAggregate,reject(aggregateSum),reject(aggregateSum),true,true,aggregate_certificate,12.351562,calibrated_estimate,O(a*l),O(l)
malicious_server_detection,malicious_server_detection-n10_d62000-n10-d62000-r4,10,62000,equivocation_aggregate,CompareAggregateCertificates,equivocation(aggregate),equivocation(aggregate),true,true,aggregate_certificate,0.054492,calibrated_estimate,O(n),O(n)
malicious_server_detection,malicious_server_detection-n10_d273000-n10-d273000-r0,10,273000,false_accept,VerifyAcceptedDecision,reject(validation),reject(validation),true,true,record,6.831665,calibrated_estimate,O(n),O(n)
malicious_server_detection,malicious_server_detection-n10_d273000-n10-d273000-r0,10,273000,false_reject,VerifyAppeal,serverFault(falseReject),serverFault(falseReject),true,true,appeal,6.791675,calibrated_estimate,"O(n), omission independent of l",O(n)
malicious_server_detection,malicious_server_detection-n10_d273000-n10-d273000-r0,10,273000,omission,VerifyAppeal,serverFault(omission),serverFault(omission),true,true,digest_log,0.239941,calibrated_estimate,"O(n), omission independent of l",O(n)
malicious_server_detection,malicious_server_detection-n10_d273000-n10-d273000-r0,10,273000,equivocation_root,CompareSignedRoots,equivocation(root),equivocation(root),true,true,digest_log,0.239941,calibrated_estimate,O(n),O(n)
malicious_server_detection,malicious_server_detection-n10_d273000-n10-d273000-r0,10,273000,equivocation_admitted_set,CompareAggregateCertificates,equivocation(admittedSet),equivocation(admittedSet),true,true,certificate,0.239941,calibrated_estimate,O(n),O(n)
malicious_server_detection,malicious_server_detection-n10_d273000-n10-d273000-r0,10,273000,unsupported_recovery,VerifyMaskOpen,reject(reason),reject(reason),true,true,opening_domain,3.839062,analytical,O((a+boundary)*l),O((a+boundary)*l)
malicious_server_detection,malicious_server_detection-n10_d273000-n10-d273000-r0,10,273000,missing_opening,VerifyMaskOpen,reject(domain),reject(domain),true,true,opening_domain,3.839062,analytical,O((a+boundary)*l),O((a+boundary)*l)
malicious_server_detection,malicious_server_detection-n10_d273000-n10-d273000-r0,10,273000,extra_opening,VerifyMaskOpen,reject(domain),reject(domain),true,true,opening_domain,3.839062,analytical,O((a+boundary)*l),O((a+boundary)*l)
malicious_server_detection,malicious_server_detection-n10_d273000-n10-d273000-r0,10,273000,wrong_opening,VerifyMaskOpen,reject(pairOpening),reject(pairOpening),true,true,opening_relation,113975.047266,analytical,O((a+boundary)*l),O((a+boundary)*l)
malicious_server_detection,malicious_server_detection-n10_d273000-n10-d273000-r0,10,273000,wrong_tag_mask,VerifyMaskTag,reject(maskTag),reject(maskTag),true,true,tag_certificate,57126.902930,calibrated_estimate,O(a)+T_tag(l),O(a)+O(l) if S_A published
malicious_server_detection,malicious_server_detection-n10_d273000-n10-d273000-r0,10,273000,wrong_aggregate,VerifyAggregate,reject(aggregateSum),reject(aggregateSum),true,true,aggregate_certificate,54.493359,calibrated_estimate,O(a*l),O(l)
malicious_server_detection,malicious_server_detection-n10_d273000-n10-d273000-r0,10,273000,equivocation_aggregate,CompareAggregateCertificates,equivocation(aggregate),equivocation(aggregate),true,true,aggregate_certificate,0.239941,calibrated_estimate,O(n),O(n)
malicious_server_detection,malicious_server_detection-n10_d273000-n10-d273000-r1,10,273000,false_accept,VerifyAcceptedDecision,reject(validation),reject(validation),true,true,record,6.791675,calibrated_estimate,O(n),O(n)
malicious_server_detection,malicious_server_detection-n10_d273000-n10-d273000-r1,10,273000,false_reject,VerifyAppeal,serverFault(falseReject),serverFault(falseReject),true,true,appeal,6.791675,calibrated_estimate,"O(n), omission independent of l",O(n)
malicious_server_detection,malicious_server_detection-n10_d273000-n10-d273000-r1,10,273000,omission,VerifyAppeal,serverFault(omission),serverFault(omission),true,true,digest_log,0.239941,calibrated_estimate,"O(n), omission independent of l",O(n)
malicious_server_detection,malicious_server_detection-n10_d273000-n10-d273000-r1,10,273000,equivocation_root,CompareSignedRoots,equivocation(root),equivocation(root),true,true,digest_log,0.239941,calibrated_estimate,O(n),O(n)
malicious_server_detection,malicious_server_detection-n10_d273000-n10-d273000-r1,10,273000,equivocation_admitted_set,CompareAggregateCertificates,equivocation(admittedSet),equivocation(admittedSet),true,true,certificate,0.239941,calibrated_estimate,O(n),O(n)
malicious_server_detection,malicious_server_detection-n10_d273000-n10-d273000-r1,10,273000,unsupported_recovery,VerifyMaskOpen,reject(reason),reject(reason),true,true,opening_domain,3.839062,analytical,O((a+boundary)*l),O((a+boundary)*l)
malicious_server_detection,malicious_server_detection-n10_d273000-n10-d273000-r1,10,273000,missing_opening,VerifyMaskOpen,reject(domain),reject(domain),true,true,opening_domain,3.839062,analytical,O((a+boundary)*l),O((a+boundary)*l)
malicious_server_detection,malicious_server_detection-n10_d273000-n10-d273000-r1,10,273000,extra_opening,VerifyMaskOpen,reject(domain),reject(domain),true,true,opening_domain,3.839062,analytical,O((a+boundary)*l),O((a+boundary)*l)
malicious_server_detection,malicious_server_detection-n10_d273000-n10-d273000-r1,10,273000,wrong_opening,VerifyMaskOpen,reject(pairOpening),reject(pairOpening),true,true,opening_relation,118308.389063,analytical,O((a+boundary)*l),O((a+boundary)*l)
malicious_server_detection,malicious_server_detection-n10_d273000-n10-d273000-r1,10,273000,wrong_tag_mask,VerifyMaskTag,reject(maskTag),reject(maskTag),true,true,tag_certificate,59836.054688,calibrated_estimate,O(a)+T_tag(l),O(a)+O(l) if S_A published
malicious_server_detection,malicious_server_detection-n10_d273000-n10-d273000-r1,10,273000,wrong_aggregate,VerifyAggregate,reject(aggregateSum),reject(aggregateSum),true,true,aggregate_certificate,54.546680,calibrated_estimate,O(a*l),O(l)
malicious_server_detection,malicious_server_detection-n10_d273000-n10-d273000-r1,10,273000,equivocation_aggregate,CompareAggregateCertificates,equivocation(aggregate),equivocation(aggregate),true,true,aggregate_certificate,0.239941,calibrated_estimate,O(n),O(n)
malicious_server_detection,malicious_server_detection-n10_d273000-n10-d273000-r2,10,273000,false_accept,VerifyAcceptedDecision,reject(validation),reject(validation),true,true,record,6.785010,calibrated_estimate,O(n),O(n)
malicious_server_detection,malicious_server_detection-n10_d273000-n10-d273000-r2,10,273000,false_reject,VerifyAppeal,serverFault(falseReject),serverFault(falseReject),true,true,appeal,6.785010,calibrated_estimate,"O(n), omission independent of l",O(n)
malicious_server_detection,malicious_server_detection-n10_d273000-n10-d273000-r2,10,273000,omission,VerifyAppeal,serverFault(omission),serverFault(omission),true,true,digest_log,0.239941,calibrated_estimate,"O(n), omission independent of l",O(n)
malicious_server_detection,malicious_server_detection-n10_d273000-n10-d273000-r2,10,273000,equivocation_root,CompareSignedRoots,equivocation(root),equivocation(root),true,true,digest_log,0.239941,calibrated_estimate,O(n),O(n)
malicious_server_detection,malicious_server_detection-n10_d273000-n10-d273000-r2,10,273000,equivocation_admitted_set,CompareAggregateCertificates,equivocation(admittedSet),equivocation(admittedSet),true,true,certificate,0.239941,calibrated_estimate,O(n),O(n)
malicious_server_detection,malicious_server_detection-n10_d273000-n10-d273000-r2,10,273000,unsupported_recovery,VerifyMaskOpen,reject(reason),reject(reason),true,true,opening_domain,3.732422,analytical,O((a+boundary)*l),O((a+boundary)*l)
malicious_server_detection,malicious_server_detection-n10_d273000-n10-d273000-r2,10,273000,missing_opening,VerifyMaskOpen,reject(domain),reject(domain),true,true,opening_domain,3.839062,analytical,O((a+boundary)*l),O((a+boundary)*l)
malicious_server_detection,malicious_server_detection-n10_d273000-n10-d273000-r2,10,273000,extra_opening,VerifyMaskOpen,reject(domain),reject(domain),true,true,opening_domain,3.839062,analytical,O((a+boundary)*l),O((a+boundary)*l)
malicious_server_detection,malicious_server_detection-n10_d273000-n10-d273000-r2,10,273000,wrong_opening,VerifyMaskOpen,reject(pairOpening),reject(pairOpening),true,true,opening_relation,114274.494141,analytical,O((a+boundary)*l),O((a+boundary)*l)
malicious_server_detection,malicious_server_detection-n10_d273000-n10-d273000-r2,10,273000,wrong_tag_mask,VerifyMaskTag,reject(maskTag),reject(maskTag),true,true,tag_certificate,57114.052734,calibrated_estimate,O(a)+T_tag(l),O(a)+O(l) if S_A published
malicious_server_detection,malicious_server_detection-n10_d273000-n10-d273000-r2,10,273000,wrong_aggregate,VerifyAggregate,reject(aggregateSum),reject(aggregateSum),true,true,aggregate_certificate,54.493359,calibrated_estimate,O(a*l),O(l)
malicious_server_detection,malicious_server_detection-n10_d273000-n10-d273000-r2,10,273000,equivocation_aggregate,CompareAggregateCertificates,equivocation(aggregate),equivocation(aggregate),true,true,aggregate_certificate,0.239941,calibrated_estimate,O(n),O(n)
malicious_server_detection,malicious_server_detection-n10_d273000-n10-d273000-r3,10,273000,false_accept,VerifyAcceptedDecision,reject(validation),reject(validation),true,true,record,6.931641,calibrated_estimate,O(n),O(n)
malicious_server_detection,malicious_server_detection-n10_d273000-n10-d273000-r3,10,273000,false_reject,VerifyAppeal,serverFault(falseReject),serverFault(falseReject),true,true,appeal,6.791675,calibrated_estimate,"O(n), omission independent of l",O(n)
malicious_server_detection,malicious_server_detection-n10_d273000-n10-d273000-r3,10,273000,omission,VerifyAppeal,serverFault(omission),serverFault(omission),true,true,digest_log,0.239941,calibrated_estimate,"O(n), omission independent of l",O(n)
malicious_server_detection,malicious_server_detection-n10_d273000-n10-d273000-r3,10,273000,equivocation_root,CompareSignedRoots,equivocation(root),equivocation(root),true,true,digest_log,0.233276,calibrated_estimate,O(n),O(n)
malicious_server_detection,malicious_server_detection-n10_d273000-n10-d273000-r3,10,273000,equivocation_admitted_set,CompareAggregateCertificates,equivocation(admittedSet),equivocation(admittedSet),true,true,certificate,0.239941,calibrated_estimate,O(n),O(n)
malicious_server_detection,malicious_server_detection-n10_d273000-n10-d273000-r3,10,273000,unsupported_recovery,VerifyMaskOpen,reject(reason),reject(reason),true,true,opening_domain,3.839062,analytical,O((a+boundary)*l),O((a+boundary)*l)
malicious_server_detection,malicious_server_detection-n10_d273000-n10-d273000-r3,10,273000,missing_opening,VerifyMaskOpen,reject(domain),reject(domain),true,true,opening_domain,3.839062,analytical,O((a+boundary)*l),O((a+boundary)*l)
malicious_server_detection,malicious_server_detection-n10_d273000-n10-d273000-r3,10,273000,extra_opening,VerifyMaskOpen,reject(domain),reject(domain),true,true,opening_domain,3.839062,analytical,O((a+boundary)*l),O((a+boundary)*l)
malicious_server_detection,malicious_server_detection-n10_d273000-n10-d273000-r3,10,273000,wrong_opening,VerifyMaskOpen,reject(pairOpening),reject(pairOpening),true,true,opening_relation,114239.835938,analytical,O((a+boundary)*l),O((a+boundary)*l)
malicious_server_detection,malicious_server_detection-n10_d273000-n10-d273000-r3,10,273000,wrong_tag_mask,VerifyMaskTag,reject(maskTag),reject(maskTag),true,true,tag_certificate,57059.186133,calibrated_estimate,O(a)+T_tag(l),O(a)+O(l) if S_A published
malicious_server_detection,malicious_server_detection-n10_d273000-n10-d273000-r3,10,273000,wrong_aggregate,VerifyAggregate,reject(aggregateSum),reject(aggregateSum),true,true,aggregate_certificate,54.493359,calibrated_estimate,O(a*l),O(l)
malicious_server_detection,malicious_server_detection-n10_d273000-n10-d273000-r3,10,273000,equivocation_aggregate,CompareAggregateCertificates,equivocation(aggregate),equivocation(aggregate),true,true,aggregate_certificate,0.239941,calibrated_estimate,O(n),O(n)
malicious_server_detection,malicious_server_detection-n10_d273000-n10-d273000-r4,10,273000,false_accept,VerifyAcceptedDecision,reject(validation),reject(validation),true,true,record,6.791675,calibrated_estimate,O(n),O(n)
malicious_server_detection,malicious_server_detection-n10_d273000-n10-d273000-r4,10,273000,false_reject,VerifyAppeal,serverFault(falseReject),serverFault(falseReject),true,true,appeal,6.785010,calibrated_estimate,"O(n), omission independent of l",O(n)
malicious_server_detection,malicious_server_detection-n10_d273000-n10-d273000-r4,10,273000,omission,VerifyAppeal,serverFault(omission),serverFault(omission),true,true,digest_log,0.239941,calibrated_estimate,"O(n), omission independent of l",O(n)
malicious_server_detection,malicious_server_detection-n10_d273000-n10-d273000-r4,10,273000,equivocation_root,CompareSignedRoots,equivocation(root),equivocation(root),true,true,digest_log,0.239941,calibrated_estimate,O(n),O(n)
malicious_server_detection,malicious_server_detection-n10_d273000-n10-d273000-r4,10,273000,equivocation_admitted_set,CompareAggregateCertificates,equivocation(admittedSet),equivocation(admittedSet),true,true,certificate,0.233276,calibrated_estimate,O(n),O(n)
malicious_server_detection,malicious_server_detection-n10_d273000-n10-d273000-r4,10,273000,unsupported_recovery,VerifyMaskOpen,reject(reason),reject(reason),true,true,opening_domain,3.839062,analytical,O((a+boundary)*l),O((a+boundary)*l)
malicious_server_detection,malicious_server_detection-n10_d273000-n10-d273000-r4,10,273000,missing_opening,VerifyMaskOpen,reject(domain),reject(domain),true,true,opening_domain,3.839062,analytical,O((a+boundary)*l),O((a+boundary)*l)
malicious_server_detection,malicious_server_detection-n10_d273000-n10-d273000-r4,10,273000,extra_opening,VerifyMaskOpen,reject(domain),reject(domain),true,true,opening_domain,3.839062,analytical,O((a+boundary)*l),O((a+boundary)*l)
malicious_server_detection,malicious_server_detection-n10_d273000-n10-d273000-r4,10,273000,wrong_opening,VerifyMaskOpen,reject(pairOpening),reject(pairOpening),true,true,opening_relation,114677.275781,analytical,O((a+boundary)*l),O((a+boundary)*l)
malicious_server_detection,malicious_server_detection-n10_d273000-n10-d273000-r4,10,273000,wrong_tag_mask,VerifyMaskTag,reject(maskTag),reject(maskTag),true,true,tag_certificate,56992.642383,calibrated_estimate,O(a)+T_tag(l),O(a)+O(l) if S_A published
malicious_server_detection,malicious_server_detection-n10_d273000-n10-d273000-r4,10,273000,wrong_aggregate,VerifyAggregate,reject(aggregateSum),reject(aggregateSum),true,true,aggregate_certificate,54.546680,calibrated_estimate,O(a*l),O(l)
malicious_server_detection,malicious_server_detection-n10_d273000-n10-d273000-r4,10,273000,equivocation_aggregate,CompareAggregateCertificates,equivocation(aggregate),equivocation(aggregate),true,true,aggregate_certificate,0.239941,calibrated_estimate,O(n),O(n)
malicious_server_detection,malicious_server_detection-n10_d818000-n10-d818000-r0,10,818000,false_accept,VerifyAcceptedDecision,reject(validation),reject(validation),true,true,record,20.350146,calibrated_estimate,O(n),O(n)
malicious_server_detection,malicious_server_detection-n10_d818000-n10-d818000-r0,10,818000,false_reject,VerifyAppeal,serverFault(falseReject),serverFault(falseReject),true,true,appeal,20.350146,calibrated_estimate,"O(n), omission independent of l",O(n)
malicious_server_detection,malicious_server_detection-n10_d818000-n10-d818000-r0,10,818000,omission,VerifyAppeal,serverFault(omission),serverFault(omission),true,true,digest_log,0.718945,calibrated_estimate,"O(n), omission independent of l",O(n)
malicious_server_detection,malicious_server_detection-n10_d818000-n10-d818000-r0,10,818000,equivocation_root,CompareSignedRoots,equivocation(root),equivocation(root),true,true,digest_log,0.718945,calibrated_estimate,O(n),O(n)
malicious_server_detection,malicious_server_detection-n10_d818000-n10-d818000-r0,10,818000,equivocation_admitted_set,CompareAggregateCertificates,equivocation(admittedSet),equivocation(admittedSet),true,true,certificate,0.718945,calibrated_estimate,O(n),O(n)
malicious_server_detection,malicious_server_detection-n10_d818000-n10-d818000-r0,10,818000,unsupported_recovery,VerifyMaskOpen,reject(reason),reject(reason),true,true,opening_domain,11.503125,analytical,O((a+boundary)*l),O((a+boundary)*l)
malicious_server_detection,malicious_server_detection-n10_d818000-n10-d818000-r0,10,818000,missing_opening,VerifyMaskOpen,reject(domain),reject(domain),true,true,opening_domain,11.503125,analytical,O((a+boundary)*l),O((a+boundary)*l)
malicious_server_detection,malicious_server_detection-n10_d818000-n10-d818000-r0,10,818000,extra_opening,VerifyMaskOpen,reject(domain),reject(domain),true,true,opening_domain,11.503125,analytical,O((a+boundary)*l),O((a+boundary)*l)
malicious_server_detection,malicious_server_detection-n10_d818000-n10-d818000-r0,10,818000,wrong_opening,VerifyMaskOpen,reject(pairOpening),reject(pairOpening),true,true,opening_relation,342088.878125,analytical,O((a+boundary)*l),O((a+boundary)*l)
malicious_server_detection,malicious_server_detection-n10_d818000-n10-d818000-r0,10,818000,wrong_tag_mask,VerifyMaskTag,reject(maskTag),reject(maskTag),true,true,tag_certificate,171059.616797,calibrated_estimate,O(a)+T_tag(l),O(a)+O(l) if S_A published
malicious_server_detection,malicious_server_detection-n10_d818000-n10-d818000-r0,10,818000,wrong_aggregate,VerifyAggregate,reject(aggregateSum),reject(aggregateSum),true,true,aggregate_certificate,165.357422,calibrated_estimate,O(a*l),O(l)
malicious_server_detection,malicious_server_detection-n10_d818000-n10-d818000-r0,10,818000,equivocation_aggregate,CompareAggregateCertificates,equivocation(aggregate),equivocation(aggregate),true,true,aggregate_certificate,0.718945,calibrated_estimate,O(n),O(n)
malicious_server_detection,malicious_server_detection-n10_d818000-n10-d818000-r1,10,818000,false_accept,VerifyAcceptedDecision,reject(validation),reject(validation),true,true,record,20.370117,calibrated_estimate,O(n),O(n)
malicious_server_detection,malicious_server_detection-n10_d818000-n10-d818000-r1,10,818000,false_reject,VerifyAppeal,serverFault(falseReject),serverFault(falseReject),true,true,appeal,20.350146,calibrated_estimate,"O(n), omission independent of l",O(n)
malicious_server_detection,malicious_server_detection-n10_d818000-n10-d818000-r1,10,818000,omission,VerifyAppeal,serverFault(omission),serverFault(omission),true,true,digest_log,0.718945,calibrated_estimate,"O(n), omission independent of l",O(n)
malicious_server_detection,malicious_server_detection-n10_d818000-n10-d818000-r1,10,818000,equivocation_root,CompareSignedRoots,equivocation(root),equivocation(root),true,true,digest_log,0.718945,calibrated_estimate,O(n),O(n)
malicious_server_detection,malicious_server_detection-n10_d818000-n10-d818000-r1,10,818000,equivocation_admitted_set,CompareAggregateCertificates,equivocation(admittedSet),equivocation(admittedSet),true,true,certificate,0.718945,calibrated_estimate,O(n),O(n)
malicious_server_detection,malicious_server_detection-n10_d818000-n10-d818000-r1,10,818000,unsupported_recovery,VerifyMaskOpen,reject(reason),reject(reason),true,true,opening_domain,11.503125,analytical,O((a+boundary)*l),O((a+boundary)*l)
malicious_server_detection,malicious_server_detection-n10_d818000-n10-d818000-r1,10,818000,missing_opening,VerifyMaskOpen,reject(domain),reject(domain),true,true,opening_domain,11.503125,analytical,O((a+boundary)*l),O((a+boundary)*l)
malicious_server_detection,malicious_server_detection-n10_d818000-n10-d818000-r1,10,818000,extra_opening,VerifyMaskOpen,reject(domain),reject(domain),true,true,opening_domain,11.503125,analytical,O((a+boundary)*l),O((a+boundary)*l)
malicious_server_detection,malicious_server_detection-n10_d818000-n10-d818000-r1,10,818000,wrong_opening,VerifyMaskOpen,reject(pairOpening),reject(pairOpening),true,true,opening_relation,342685.123437,analytical,O((a+boundary)*l),O((a+boundary)*l)
malicious_server_detection,malicious_server_detection-n10_d818000-n10-d818000-r1,10,818000,wrong_tag_mask,VerifyMaskTag,reject(maskTag),reject(maskTag),true,true,tag_certificate,171123.363281,calibrated_estimate,O(a)+T_tag(l),O(a)+O(l) if S_A published
malicious_server_detection,malicious_server_detection-n10_d818000-n10-d818000-r1,10,818000,wrong_aggregate,VerifyAggregate,reject(aggregateSum),reject(aggregateSum),true,true,aggregate_certificate,163.280469,calibrated_estimate,O(a*l),O(l)
malicious_server_detection,malicious_server_detection-n10_d818000-n10-d818000-r1,10,818000,equivocation_aggregate,CompareAggregateCertificates,equivocation(aggregate),equivocation(aggregate),true,true,aggregate_certificate,0.718945,calibrated_estimate,O(n),O(n)
malicious_server_detection,malicious_server_detection-n10_d818000-n10-d818000-r2,10,818000,false_accept,VerifyAcceptedDecision,reject(validation),reject(validation),true,true,record,20.689648,calibrated_estimate,O(n),O(n)
malicious_server_detection,malicious_server_detection-n10_d818000-n10-d818000-r2,10,818000,false_reject,VerifyAppeal,serverFault(falseReject),serverFault(falseReject),true,true,appeal,20.330176,calibrated_estimate,"O(n), omission independent of l",O(n)
malicious_server_detection,malicious_server_detection-n10_d818000-n10-d818000-r2,10,818000,omission,VerifyAppeal,serverFault(omission),serverFault(omission),true,true,digest_log,0.718945,calibrated_estimate,"O(n), omission independent of l",O(n)
malicious_server_detection,malicious_server_detection-n10_d818000-n10-d818000-r2,10,818000,equivocation_root,CompareSignedRoots,equivocation(root),equivocation(root),true,true,digest_log,0.718945,calibrated_estimate,O(n),O(n)
malicious_server_detection,malicious_server_detection-n10_d818000-n10-d818000-r2,10,818000,equivocation_admitted_set,CompareAggregateCertificates,equivocation(admittedSet),equivocation(admittedSet),true,true,certificate,0.718945,calibrated_estimate,O(n),O(n)
malicious_server_detection,malicious_server_detection-n10_d818000-n10-d818000-r2,10,818000,unsupported_recovery,VerifyMaskOpen,reject(reason),reject(reason),true,true,opening_domain,11.503125,analytical,O((a+boundary)*l),O((a+boundary)*l)
malicious_server_detection,malicious_server_detection-n10_d818000-n10-d818000-r2,10,818000,missing_opening,VerifyMaskOpen,reject(domain),reject(domain),true,true,opening_domain,11.503125,analytical,O((a+boundary)*l),O((a+boundary)*l)
malicious_server_detection,malicious_server_detection-n10_d818000-n10-d818000-r2,10,818000,extra_opening,VerifyMaskOpen,reject(domain),reject(domain),true,true,opening_domain,11.503125,analytical,O((a+boundary)*l),O((a+boundary)*l)
malicious_server_detection,malicious_server_detection-n10_d818000-n10-d818000-r2,10,818000,wrong_opening,VerifyMaskOpen,reject(pairOpening),reject(pairOpening),true,true,opening_relation,342022.415625,analytical,O((a+boundary)*l),O((a+boundary)*l)
malicious_server_detection,malicious_server_detection-n10_d818000-n10-d818000-r2,10,818000,wrong_tag_mask,VerifyMaskTag,reject(maskTag),reject(maskTag),true,true,tag_certificate,171278.335937,calibrated_estimate,O(a)+T_tag(l),O(a)+O(l) if S_A published
malicious_server_detection,malicious_server_detection-n10_d818000-n10-d818000-r2,10,818000,wrong_aggregate,VerifyAggregate,reject(aggregateSum),reject(aggregateSum),true,true,aggregate_certificate,162.960938,calibrated_estimate,O(a*l),O(l)
malicious_server_detection,malicious_server_detection-n10_d818000-n10-d818000-r2,10,818000,equivocation_aggregate,CompareAggregateCertificates,equivocation(aggregate),equivocation(aggregate),true,true,aggregate_certificate,0.718945,calibrated_estimate,O(n),O(n)
malicious_server_detection,malicious_server_detection-n10_d818000-n10-d818000-r3,10,818000,false_accept,VerifyAcceptedDecision,reject(validation),reject(validation),true,true,record,20.350146,calibrated_estimate,O(n),O(n)
malicious_server_detection,malicious_server_detection-n10_d818000-n10-d818000-r3,10,818000,false_reject,VerifyAppeal,serverFault(falseReject),serverFault(falseReject),true,true,appeal,20.330176,calibrated_estimate,"O(n), omission independent of l",O(n)
malicious_server_detection,malicious_server_detection-n10_d818000-n10-d818000-r3,10,818000,omission,VerifyAppeal,serverFault(omission),serverFault(omission),true,true,digest_log,0.718945,calibrated_estimate,"O(n), omission independent of l",O(n)
malicious_server_detection,malicious_server_detection-n10_d818000-n10-d818000-r3,10,818000,equivocation_root,CompareSignedRoots,equivocation(root),equivocation(root),true,true,digest_log,0.698975,calibrated_estimate,O(n),O(n)
malicious_server_detection,malicious_server_detection-n10_d818000-n10-d818000-r3,10,818000,equivocation_admitted_set,CompareAggregateCertificates,equivocation(admittedSet),equivocation(admittedSet),true,true,certificate,0.718945,calibrated_estimate,O(n),O(n)
malicious_server_detection,malicious_server_detection-n10_d818000-n10-d818000-r3,10,818000,unsupported_recovery,VerifyMaskOpen,reject(reason),reject(reason),true,true,opening_domain,11.503125,analytical,O((a+boundary)*l),O((a+boundary)*l)
malicious_server_detection,malicious_server_detection-n10_d818000-n10-d818000-r3,10,818000,missing_opening,VerifyMaskOpen,reject(domain),reject(domain),true,true,opening_domain,11.503125,analytical,O((a+boundary)*l),O((a+boundary)*l)
malicious_server_detection,malicious_server_detection-n10_d818000-n10-d818000-r3,10,818000,extra_opening,VerifyMaskOpen,reject(domain),reject(domain),true,true,opening_domain,11.503125,analytical,O((a+boundary)*l),O((a+boundary)*l)
malicious_server_detection,malicious_server_detection-n10_d818000-n10-d818000-r3,10,818000,wrong_opening,VerifyMaskOpen,reject(pairOpening),reject(pairOpening),true,true,opening_relation,341460.999219,analytical,O((a+boundary)*l),O((a+boundary)*l)
malicious_server_detection,malicious_server_detection-n10_d818000-n10-d818000-r3,10,818000,wrong_tag_mask,VerifyMaskTag,reject(maskTag),reject(maskTag),true,true,tag_certificate,171078.469141,calibrated_estimate,O(a)+T_tag(l),O(a)+O(l) if S_A published
malicious_server_detection,malicious_server_detection-n10_d818000-n10-d818000-r3,10,818000,wrong_aggregate,VerifyAggregate,reject(aggregateSum),reject(aggregateSum),true,true,aggregate_certificate,162.960938,calibrated_estimate,O(a*l),O(l)
malicious_server_detection,malicious_server_detection-n10_d818000-n10-d818000-r3,10,818000,equivocation_aggregate,CompareAggregateCertificates,equivocation(aggregate),equivocation(aggregate),true,true,aggregate_certificate,0.718945,calibrated_estimate,O(n),O(n)
malicious_server_detection,malicious_server_detection-n10_d818000-n10-d818000-r4,10,818000,false_accept,VerifyAcceptedDecision,reject(validation),reject(validation),true,true,record,20.330176,calibrated_estimate,O(n),O(n)
malicious_server_detection,malicious_server_detection-n10_d818000-n10-d818000-r4,10,818000,false_reject,VerifyAppeal,serverFault(falseReject),serverFault(falseReject),true,true,appeal,20.330176,calibrated_estimate,"O(n), omission independent of l",O(n)
malicious_server_detection,malicious_server_detection-n10_d818000-n10-d818000-r4,10,818000,omission,VerifyAppeal,serverFault(omission),serverFault(omission),true,true,digest_log,0.718945,calibrated_estimate,"O(n), omission independent of l",O(n)
malicious_server_detection,malicious_server_detection-n10_d818000-n10-d818000-r4,10,818000,equivocation_root,CompareSignedRoots,equivocation(root),equivocation(root),true,true,digest_log,0.698975,calibrated_estimate,O(n),O(n)
malicious_server_detection,malicious_server_detection-n10_d818000-n10-d818000-r4,10,818000,equivocation_admitted_set,CompareAggregateCertificates,equivocation(admittedSet),equivocation(admittedSet),true,true,certificate,0.698975,calibrated_estimate,O(n),O(n)
malicious_server_detection,malicious_server_detection-n10_d818000-n10-d818000-r4,10,818000,unsupported_recovery,VerifyMaskOpen,reject(reason),reject(reason),true,true,opening_domain,11.503125,analytical,O((a+boundary)*l),O((a+boundary)*l)
malicious_server_detection,malicious_server_detection-n10_d818000-n10-d818000-r4,10,818000,missing_opening,VerifyMaskOpen,reject(domain),reject(domain),true,true,opening_domain,11.503125,analytical,O((a+boundary)*l),O((a+boundary)*l)
malicious_server_detection,malicious_server_detection-n10_d818000-n10-d818000-r4,10,818000,extra_opening,VerifyMaskOpen,reject(domain),reject(domain),true,true,opening_domain,11.503125,analytical,O((a+boundary)*l),O((a+boundary)*l)
malicious_server_detection,malicious_server_detection-n10_d818000-n10-d818000-r4,10,818000,wrong_opening,VerifyMaskOpen,reject(pairOpening),reject(pairOpening),true,true,opening_relation,342252.158594,analytical,O((a+boundary)*l),O((a+boundary)*l)
malicious_server_detection,malicious_server_detection-n10_d818000-n10-d818000-r4,10,818000,wrong_tag_mask,VerifyMaskTag,reject(maskTag),reject(maskTag),true,true,tag_certificate,171085.498828,calibrated_estimate,O(a)+T_tag(l),O(a)+O(l) if S_A published
malicious_server_detection,malicious_server_detection-n10_d818000-n10-d818000-r4,10,818000,wrong_aggregate,VerifyAggregate,reject(aggregateSum),reject(aggregateSum),true,true,aggregate_certificate,162.960938,calibrated_estimate,O(a*l),O(l)
malicious_server_detection,malicious_server_detection-n10_d818000-n10-d818000-r4,10,818000,equivocation_aggregate,CompareAggregateCertificates,equivocation(aggregate),equivocation(aggregate),true,true,aggregate_certificate,0.718945,calibrated_estimate,O(n),O(n)
malicious_server_detection,malicious_server_detection-n20_d19000-n20-d19000-r0,20,19000,false_accept,VerifyAcceptedDecision,reject(validation),reject(validation),true,true,record,0.472681,calibrated_estimate,O(n),O(n)
malicious_server_detection,malicious_server_detection-n20_d19000-n20-d19000-r0,20,19000,false_reject,VerifyAppeal,serverFault(falseReject),serverFault(falseReject),true,true,appeal,0.472681,calibrated_estimate,"O(n), omission independent of l",O(n)
malicious_server_detection,malicious_server_detection-n20_d19000-n20-d19000-r0,20,19000,omission,VerifyAppeal,serverFault(omission),serverFault(omission),true,true,digest_log,0.016699,calibrated_estimate,"O(n), omission independent of l",O(n)
malicious_server_detection,malicious_server_detection-n20_d19000-n20-d19000-r0,20,19000,equivocation_root,CompareSignedRoots,equivocation(root),equivocation(root),true,true,digest_log,0.016699,calibrated_estimate,O(n),O(n)
malicious_server_detection,malicious_server_detection-n20_d19000-n20-d19000-r0,20,19000,equivocation_admitted_set,CompareAggregateCertificates,equivocation(admittedSet),equivocation(admittedSet),true,true,certificate,0.016699,calibrated_estimate,O(n),O(n)
malicious_server_detection,malicious_server_detection-n20_d19000-n20-d19000-r0,20,19000,unsupported_recovery,VerifyMaskOpen,reject(reason),reject(reason),true,true,opening_domain,1.068750,analytical,O((a+boundary)*l),O((a+boundary)*l)
malicious_server_detection,malicious_server_detection-n20_d19000-n20-d19000-r0,20,19000,missing_opening,VerifyMaskOpen,reject(domain),reject(domain),true,true,opening_domain,1.068750,analytical,O((a+boundary)*l),O((a+boundary)*l)
malicious_server_detection,malicious_server_detection-n20_d19000-n20-d19000-r0,20,19000,extra_opening,VerifyMaskOpen,reject(domain),reject(domain),true,true,opening_domain,1.068750,analytical,O((a+boundary)*l),O((a+boundary)*l)
malicious_server_detection,malicious_server_detection-n20_d19000-n20-d19000-r0,20,19000,wrong_opening,VerifyMaskOpen,reject(pairOpening),reject(pairOpening),true,true,opening_relation,31736.828125,analytical,O((a+boundary)*l),O((a+boundary)*l)
malicious_server_detection,malicious_server_detection-n20_d19000-n20-d19000-r0,20,19000,wrong_tag_mask,VerifyMaskTag,reject(maskTag),reject(maskTag),true,true,tag_certificate,7955.107031,calibrated_estimate,O(a)+T_tag(l),O(a)+O(l) if S_A published
malicious_server_detection,malicious_server_detection-n20_d19000-n20-d19000-r0,20,19000,wrong_aggregate,VerifyAggregate,reject(aggregateSum),reject(aggregateSum),true,true,aggregate_certificate,7.585156,calibrated_estimate,O(a*l),O(l)
malicious_server_detection,malicious_server_detection-n20_d19000-n20-d19000-r0,20,19000,equivocation_aggregate,CompareAggregateCertificates,equivocation(aggregate),equivocation(aggregate),true,true,aggregate_certificate,0.016699,calibrated_estimate,O(n),O(n)
malicious_server_detection,malicious_server_detection-n20_d19000-n20-d19000-r1,20,19000,false_accept,VerifyAcceptedDecision,reject(validation),reject(validation),true,true,record,0.472681,calibrated_estimate,O(n),O(n)
malicious_server_detection,malicious_server_detection-n20_d19000-n20-d19000-r1,20,19000,false_reject,VerifyAppeal,serverFault(falseReject),serverFault(falseReject),true,true,appeal,0.472681,calibrated_estimate,"O(n), omission independent of l",O(n)
malicious_server_detection,malicious_server_detection-n20_d19000-n20-d19000-r1,20,19000,omission,VerifyAppeal,serverFault(omission),serverFault(omission),true,true,digest_log,0.016699,calibrated_estimate,"O(n), omission independent of l",O(n)
malicious_server_detection,malicious_server_detection-n20_d19000-n20-d19000-r1,20,19000,equivocation_root,CompareSignedRoots,equivocation(root),equivocation(root),true,true,digest_log,0.016699,calibrated_estimate,O(n),O(n)
malicious_server_detection,malicious_server_detection-n20_d19000-n20-d19000-r1,20,19000,equivocation_admitted_set,CompareAggregateCertificates,equivocation(admittedSet),equivocation(admittedSet),true,true,certificate,0.016699,calibrated_estimate,O(n),O(n)
malicious_server_detection,malicious_server_detection-n20_d19000-n20-d19000-r1,20,19000,unsupported_recovery,VerifyMaskOpen,reject(reason),reject(reason),true,true,opening_domain,1.068750,analytical,O((a+boundary)*l),O((a+boundary)*l)
malicious_server_detection,malicious_server_detection-n20_d19000-n20-d19000-r1,20,19000,missing_opening,VerifyMaskOpen,reject(domain),reject(domain),true,true,opening_domain,1.068750,analytical,O((a+boundary)*l),O((a+boundary)*l)
malicious_server_detection,malicious_server_detection-n20_d19000-n20-d19000-r1,20,19000,extra_opening,VerifyMaskOpen,reject(domain),reject(domain),true,true,opening_domain,1.068750,analytical,O((a+boundary)*l),O((a+boundary)*l)
malicious_server_detection,malicious_server_detection-n20_d19000-n20-d19000-r1,20,19000,wrong_opening,VerifyMaskOpen,reject(pairOpening),reject(pairOpening),true,true,opening_relation,31769.662500,analytical,O((a+boundary)*l),O((a+boundary)*l)
malicious_server_detection,malicious_server_detection-n20_d19000-n20-d19000-r1,20,19000,wrong_tag_mask,VerifyMaskTag,reject(maskTag),reject(maskTag),true,true,tag_certificate,7941.228125,calibrated_estimate,O(a)+T_tag(l),O(a)+O(l) if S_A published
malicious_server_detection,malicious_server_detection-n20_d19000-n20-d19000-r1,20,19000,wrong_aggregate,VerifyAggregate,reject(aggregateSum),reject(aggregateSum),true,true,aggregate_certificate,7.577734,calibrated_estimate,O(a*l),O(l)
malicious_server_detection,malicious_server_detection-n20_d19000-n20-d19000-r1,20,19000,equivocation_aggregate,CompareAggregateCertificates,equivocation(aggregate),equivocation(aggregate),true,true,aggregate_certificate,0.016699,calibrated_estimate,O(n),O(n)
malicious_server_detection,malicious_server_detection-n20_d19000-n20-d19000-r2,20,19000,false_accept,VerifyAcceptedDecision,reject(validation),reject(validation),true,true,record,0.472217,calibrated_estimate,O(n),O(n)
malicious_server_detection,malicious_server_detection-n20_d19000-n20-d19000-r2,20,19000,false_reject,VerifyAppeal,serverFault(falseReject),serverFault(falseReject),true,true,appeal,0.472217,calibrated_estimate,"O(n), omission independent of l",O(n)
malicious_server_detection,malicious_server_detection-n20_d19000-n20-d19000-r2,20,19000,omission,VerifyAppeal,serverFault(omission),serverFault(omission),true,true,digest_log,0.016699,calibrated_estimate,"O(n), omission independent of l",O(n)
malicious_server_detection,malicious_server_detection-n20_d19000-n20-d19000-r2,20,19000,equivocation_root,CompareSignedRoots,equivocation(root),equivocation(root),true,true,digest_log,0.016699,calibrated_estimate,O(n),O(n)
malicious_server_detection,malicious_server_detection-n20_d19000-n20-d19000-r2,20,19000,equivocation_admitted_set,CompareAggregateCertificates,equivocation(admittedSet),equivocation(admittedSet),true,true,certificate,0.016699,calibrated_estimate,O(n),O(n)
malicious_server_detection,malicious_server_detection-n20_d19000-n20-d19000-r2,20,19000,unsupported_recovery,VerifyMaskOpen,reject(reason),reject(reason),true,true,opening_domain,1.068750,analytical,O((a+boundary)*l),O((a+boundary)*l)
malicious_server_detection,malicious_server_detection-n20_d19000-n20-d19000-r2,20,19000,missing_opening,VerifyMaskOpen,reject(domain),reject(domain),true,true,opening_domain,1.068750,analytical,O((a+boundary)*l),O((a+boundary)*l)
malicious_server_detection,malicious_server_detection-n20_d19000-n20-d19000-r2,20,19000,extra_opening,VerifyMaskOpen,reject(domain),reject(domain),true,true,opening_domain,1.068750,analytical,O((a+boundary)*l),O((a+boundary)*l)
malicious_server_detection,malicious_server_detection-n20_d19000-n20-d19000-r2,20,19000,wrong_opening,VerifyMaskOpen,reject(pairOpening),reject(pairOpening),true,true,opening_relation,31742.171875,analytical,O((a+boundary)*l),O((a+boundary)*l)
malicious_server_detection,malicious_server_detection-n20_d19000-n20-d19000-r2,20,19000,wrong_tag_mask,VerifyMaskTag,reject(maskTag),reject(maskTag),true,true,tag_certificate,7933.360937,calibrated_estimate,O(a)+T_tag(l),O(a)+O(l) if S_A published
malicious_server_detection,malicious_server_detection-n20_d19000-n20-d19000-r2,20,19000,wrong_aggregate,VerifyAggregate,reject(aggregateSum),reject(aggregateSum),true,true,aggregate_certificate,7.414453,calibrated_estimate,O(a*l),O(l)
malicious_server_detection,malicious_server_detection-n20_d19000-n20-d19000-r2,20,19000,equivocation_aggregate,CompareAggregateCertificates,equivocation(aggregate),equivocation(aggregate),true,true,aggregate_certificate,0.016235,calibrated_estimate,O(n),O(n)
malicious_server_detection,malicious_server_detection-n20_d19000-n20-d19000-r3,20,19000,false_accept,VerifyAcceptedDecision,reject(validation),reject(validation),true,true,record,0.462476,calibrated_estimate,O(n),O(n)
malicious_server_detection,malicious_server_detection-n20_d19000-n20-d19000-r3,20,19000,false_reject,VerifyAppeal,serverFault(falseReject),serverFault(falseReject),true,true,appeal,0.462476,calibrated_estimate,"O(n), omission independent of l",O(n)
malicious_server_detection,malicious_server_detection-n20_d19000-n20-d19000-r3,20,19000,omission,VerifyAppeal,serverFault(omission),serverFault(omission),true,true,digest_log,0.016235,calibrated_estimate,"O(n), omission independent of l",O(n)
malicious_server_detection,malicious_server_detection-n20_d19000-n20-d19000-r3,20,19000,equivocation_root,CompareSignedRoots,equivocation(root),equivocation(root),true,true,digest_log,0.016235,calibrated_estimate,O(n),O(n)
malicious_server_detection,malicious_server_detection-n20_d19000-n20-d19000-r3,20,19000,equivocation_admitted_set,CompareAggregateCertificates,equivocation(admittedSet),equivocation(admittedSet),true,true,certificate,0.016235,calibrated_estimate,O(n),O(n)
malicious_server_detection,malicious_server_detection-n20_d19000-n20-d19000-r3,20,19000,unsupported_recovery,VerifyMaskOpen,reject(reason),reject(reason),true,true,opening_domain,1.039062,analytical,O((a+boundary)*l),O((a+boundary)*l)
malicious_server_detection,malicious_server_detection-n20_d19000-n20-d19000-r3,20,19000,missing_opening,VerifyMaskOpen,reject(domain),reject(domain),true,true,opening_domain,1.039062,analytical,O((a+boundary)*l),O((a+boundary)*l)
malicious_server_detection,malicious_server_detection-n20_d19000-n20-d19000-r3,20,19000,extra_opening,VerifyMaskOpen,reject(domain),reject(domain),true,true,opening_domain,1.039062,analytical,O((a+boundary)*l),O((a+boundary)*l)
malicious_server_detection,malicious_server_detection-n20_d19000-n20-d19000-r3,20,19000,wrong_opening,VerifyMaskOpen,reject(pairOpening),reject(pairOpening),true,true,opening_relation,31618.464062,analytical,O((a+boundary)*l),O((a+boundary)*l)
malicious_server_detection,malicious_server_detection-n20_d19000-n20-d19000-r3,20,19000,wrong_tag_mask,VerifyMaskTag,reject(maskTag),reject(maskTag),true,true,tag_certificate,7934.273828,calibrated_estimate,O(a)+T_tag(l),O(a)+O(l) if S_A published
malicious_server_detection,malicious_server_detection-n20_d19000-n20-d19000-r3,20,19000,wrong_aggregate,VerifyAggregate,reject(aggregateSum),reject(aggregateSum),true,true,aggregate_certificate,7.592578,calibrated_estimate,O(a*l),O(l)
malicious_server_detection,malicious_server_detection-n20_d19000-n20-d19000-r3,20,19000,equivocation_aggregate,CompareAggregateCertificates,equivocation(aggregate),equivocation(aggregate),true,true,aggregate_certificate,0.016699,calibrated_estimate,O(n),O(n)
malicious_server_detection,malicious_server_detection-n20_d19000-n20-d19000-r4,20,19000,false_accept,VerifyAcceptedDecision,reject(validation),reject(validation),true,true,record,0.472217,calibrated_estimate,O(n),O(n)
malicious_server_detection,malicious_server_detection-n20_d19000-n20-d19000-r4,20,19000,false_reject,VerifyAppeal,serverFault(falseReject),serverFault(falseReject),true,true,appeal,0.472681,calibrated_estimate,"O(n), omission independent of l",O(n)
malicious_server_detection,malicious_server_detection-n20_d19000-n20-d19000-r4,20,19000,omission,VerifyAppeal,serverFault(omission),serverFault(omission),true,true,digest_log,0.016699,calibrated_estimate,"O(n), omission independent of l",O(n)
malicious_server_detection,malicious_server_detection-n20_d19000-n20-d19000-r4,20,19000,equivocation_root,CompareSignedRoots,equivocation(root),equivocation(root),true,true,digest_log,0.016699,calibrated_estimate,O(n),O(n)
malicious_server_detection,malicious_server_detection-n20_d19000-n20-d19000-r4,20,19000,equivocation_admitted_set,CompareAggregateCertificates,equivocation(admittedSet),equivocation(admittedSet),true,true,certificate,0.016699,calibrated_estimate,O(n),O(n)
malicious_server_detection,malicious_server_detection-n20_d19000-n20-d19000-r4,20,19000,unsupported_recovery,VerifyMaskOpen,reject(reason),reject(reason),true,true,opening_domain,1.068750,analytical,O((a+boundary)*l),O((a+boundary)*l)
malicious_server_detection,malicious_server_detection-n20_d19000-n20-d19000-r4,20,19000,missing_opening,VerifyMaskOpen,reject(domain),reject(domain),true,true,opening_domain,1.068750,analytical,O((a+boundary)*l),O((a+boundary)*l)
malicious_server_detection,malicious_server_detection-n20_d19000-n20-d19000-r4,20,19000,extra_opening,VerifyMaskOpen,reject(domain),reject(domain),true,true,opening_domain,1.068750,analytical,O((a+boundary)*l),O((a+boundary)*l)
malicious_server_detection,malicious_server_detection-n20_d19000-n20-d19000-r4,20,19000,wrong_opening,VerifyMaskOpen,reject(pairOpening),reject(pairOpening),true,true,opening_relation,31670.298437,analytical,O((a+boundary)*l),O((a+boundary)*l)
malicious_server_detection,malicious_server_detection-n20_d19000-n20-d19000-r4,20,19000,wrong_tag_mask,VerifyMaskTag,reject(maskTag),reject(maskTag),true,true,tag_certificate,7939.639844,calibrated_estimate,O(a)+T_tag(l),O(a)+O(l) if S_A published
malicious_server_detection,malicious_server_detection-n20_d19000-n20-d19000-r4,20,19000,wrong_aggregate,VerifyAggregate,reject(aggregateSum),reject(aggregateSum),true,true,aggregate_certificate,7.637109,calibrated_estimate,O(a*l),O(l)
malicious_server_detection,malicious_server_detection-n20_d19000-n20-d19000-r4,20,19000,equivocation_aggregate,CompareAggregateCertificates,equivocation(aggregate),equivocation(aggregate),true,true,aggregate_certificate,0.016699,calibrated_estimate,O(n),O(n)
malicious_server_detection,malicious_server_detection-n20_d62000-n20-d62000-r0,20,62000,false_accept,VerifyAcceptedDecision,reject(validation),reject(validation),true,true,record,1.542432,calibrated_estimate,O(n),O(n)
malicious_server_detection,malicious_server_detection-n20_d62000-n20-d62000-r0,20,62000,false_reject,VerifyAppeal,serverFault(falseReject),serverFault(falseReject),true,true,appeal,1.542432,calibrated_estimate,"O(n), omission independent of l",O(n)
malicious_server_detection,malicious_server_detection-n20_d62000-n20-d62000-r0,20,62000,omission,VerifyAppeal,serverFault(omission),serverFault(omission),true,true,digest_log,0.056006,calibrated_estimate,"O(n), omission independent of l",O(n)
malicious_server_detection,malicious_server_detection-n20_d62000-n20-d62000-r0,20,62000,equivocation_root,CompareSignedRoots,equivocation(root),equivocation(root),true,true,digest_log,0.054492,calibrated_estimate,O(n),O(n)
malicious_server_detection,malicious_server_detection-n20_d62000-n20-d62000-r0,20,62000,equivocation_admitted_set,CompareAggregateCertificates,equivocation(admittedSet),equivocation(admittedSet),true,true,certificate,0.052979,calibrated_estimate,O(n),O(n)
malicious_server_detection,malicious_server_detection-n20_d62000-n20-d62000-r0,20,62000,unsupported_recovery,VerifyMaskOpen,reject(reason),reject(reason),true,true,opening_domain,3.390625,analytical,O((a+boundary)*l),O((a+boundary)*l)
malicious_server_detection,malicious_server_detection-n20_d62000-n20-d62000-r0,20,62000,missing_opening,VerifyMaskOpen,reject(domain),reject(domain),true,true,opening_domain,3.487500,analytical,O((a+boundary)*l),O((a+boundary)*l)
malicious_server_detection,malicious_server_detection-n20_d62000-n20-d62000-r0,20,62000,extra_opening,VerifyMaskOpen,reject(domain),reject(domain),true,true,opening_domain,3.487500,analytical,O((a+boundary)*l),O((a+boundary)*l)
malicious_server_detection,malicious_server_detection-n20_d62000-n20-d62000-r0,20,62000,wrong_opening,VerifyMaskOpen,reject(pairOpening),reject(pairOpening),true,true,opening_relation,103294.518750,analytical,O((a+boundary)*l),O((a+boundary)*l)
malicious_server_detection,malicious_server_detection-n20_d62000-n20-d62000-r0,20,62000,wrong_tag_mask,VerifyMaskTag,reject(maskTag),reject(maskTag),true,true,tag_certificate,25990.739062,calibrated_estimate,O(a)+T_tag(l),O(a)+O(l) if S_A published
malicious_server_detection,malicious_server_detection-n20_d62000-n20-d62000-r0,20,62000,wrong_aggregate,VerifyAggregate,reject(aggregateSum),reject(aggregateSum),true,true,aggregate_certificate,24.727344,calibrated_estimate,O(a*l),O(l)
malicious_server_detection,malicious_server_detection-n20_d62000-n20-d62000-r0,20,62000,equivocation_aggregate,CompareAggregateCertificates,equivocation(aggregate),equivocation(aggregate),true,true,aggregate_certificate,0.054492,calibrated_estimate,O(n),O(n)
malicious_server_detection,malicious_server_detection-n20_d62000-n20-d62000-r1,20,62000,false_accept,VerifyAcceptedDecision,reject(validation),reject(validation),true,true,record,1.542432,calibrated_estimate,O(n),O(n)
malicious_server_detection,malicious_server_detection-n20_d62000-n20-d62000-r1,20,62000,false_reject,VerifyAppeal,serverFault(falseReject),serverFault(falseReject),true,true,appeal,1.542432,calibrated_estimate,"O(n), omission independent of l",O(n)
malicious_server_detection,malicious_server_detection-n20_d62000-n20-d62000-r1,20,62000,omission,VerifyAppeal,serverFault(omission),serverFault(omission),true,true,digest_log,0.054492,calibrated_estimate,"O(n), omission independent of l",O(n)
malicious_server_detection,malicious_server_detection-n20_d62000-n20-d62000-r1,20,62000,equivocation_root,CompareSignedRoots,equivocation(root),equivocation(root),true,true,digest_log,0.054492,calibrated_estimate,O(n),O(n)
malicious_server_detection,malicious_server_detection-n20_d62000-n20-d62000-r1,20,62000,equivocation_admitted_set,CompareAggregateCertificates,equivocation(admittedSet),equivocation(admittedSet),true,true,certificate,0.054492,calibrated_estimate,O(n),O(n)
malicious_server_detection,malicious_server_detection-n20_d62000-n20-d62000-r1,20,62000,unsupported_recovery,VerifyMaskOpen,reject(reason),reject(reason),true,true,opening_domain,3.487500,analytical,O((a+boundary)*l),O((a+boundary)*l)
malicious_server_detection,malicious_server_detection-n20_d62000-n20-d62000-r1,20,62000,missing_opening,VerifyMaskOpen,reject(domain),reject(domain),true,true,opening_domain,3.487500,analytical,O((a+boundary)*l),O((a+boundary)*l)
malicious_server_detection,malicious_server_detection-n20_d62000-n20-d62000-r1,20,62000,extra_opening,VerifyMaskOpen,reject(domain),reject(domain),true,true,opening_domain,3.487500,analytical,O((a+boundary)*l),O((a+boundary)*l)
malicious_server_detection,malicious_server_detection-n20_d62000-n20-d62000-r1,20,62000,wrong_opening,VerifyMaskOpen,reject(pairOpening),reject(pairOpening),true,true,opening_relation,103548.040625,analytical,O((a+boundary)*l),O((a+boundary)*l)
malicious_server_detection,malicious_server_detection-n20_d62000-n20-d62000-r1,20,62000,wrong_tag_mask,VerifyMaskTag,reject(maskTag),reject(maskTag),true,true,tag_certificate,25851.529687,calibrated_estimate,O(a)+T_tag(l),O(a)+O(l) if S_A published
malicious_server_detection,malicious_server_detection-n20_d62000-n20-d62000-r1,20,62000,wrong_aggregate,VerifyAggregate,reject(aggregateSum),reject(aggregateSum),true,true,aggregate_certificate,24.703125,calibrated_estimate,O(a*l),O(l)
malicious_server_detection,malicious_server_detection-n20_d62000-n20-d62000-r1,20,62000,equivocation_aggregate,CompareAggregateCertificates,equivocation(aggregate),equivocation(aggregate),true,true,aggregate_certificate,0.054492,calibrated_estimate,O(n),O(n)
malicious_server_detection,malicious_server_detection-n20_d62000-n20-d62000-r2,20,62000,false_accept,VerifyAcceptedDecision,reject(validation),reject(validation),true,true,record,1.542432,calibrated_estimate,O(n),O(n)
malicious_server_detection,malicious_server_detection-n20_d62000-n20-d62000-r2,20,62000,false_reject,VerifyAppeal,serverFault(falseReject),serverFault(falseReject),true,true,appeal,1.540918,calibrated_estimate,"O(n), omission independent of l",O(n)
malicious_server_detection,malicious_server_detection-n20_d62000-n20-d62000-r2,20,62000,omission,VerifyAppeal,serverFault(omission),serverFault(omission),true,true,digest_log,0.054492,calibrated_estimate,"O(n), omission independent of l",O(n)
malicious_server_detection,malicious_server_detection-n20_d62000-n20-d62000-r2,20,62000,equivocation_root,CompareSignedRoots,equivocation(root),equivocation(root),true,true,digest_log,0.052979,calibrated_estimate,O(n),O(n)
malicious_server_detection,malicious_server_detection-n20_d62000-n20-d62000-r2,20,62000,equivocation_admitted_set,CompareAggregateCertificates,equivocation(admittedSet),equivocation(admittedSet),true,true,certificate,0.054492,calibrated_estimate,O(n),O(n)
malicious_server_detection,malicious_server_detection-n20_d62000-n20-d62000-r2,20,62000,unsupported_recovery,VerifyMaskOpen,reject(reason),reject(reason),true,true,opening_domain,3.487500,analytical,O((a+boundary)*l),O((a+boundary)*l)
malicious_server_detection,malicious_server_detection-n20_d62000-n20-d62000-r2,20,62000,missing_opening,VerifyMaskOpen,reject(domain),reject(domain),true,true,opening_domain,3.487500,analytical,O((a+boundary)*l),O((a+boundary)*l)
malicious_server_detection,malicious_server_detection-n20_d62000-n20-d62000-r2,20,62000,extra_opening,VerifyMaskOpen,reject(domain),reject(domain),true,true,opening_domain,3.487500,analytical,O((a+boundary)*l),O((a+boundary)*l)
malicious_server_detection,malicious_server_detection-n20_d62000-n20-d62000-r2,20,62000,wrong_opening,VerifyMaskOpen,reject(pairOpening),reject(pairOpening),true,true,opening_relation,103972.062500,analytical,O((a+boundary)*l),O((a+boundary)*l)
malicious_server_detection,malicious_server_detection-n20_d62000-n20-d62000-r2,20,62000,wrong_tag_mask,VerifyMaskTag,reject(maskTag),reject(maskTag),true,true,tag_certificate,25889.189844,calibrated_estimate,O(a)+T_tag(l),O(a)+O(l) if S_A published
malicious_server_detection,malicious_server_detection-n20_d62000-n20-d62000-r2,20,62000,wrong_aggregate,VerifyAggregate,reject(aggregateSum),reject(aggregateSum),true,true,aggregate_certificate,24.872656,calibrated_estimate,O(a*l),O(l)
malicious_server_detection,malicious_server_detection-n20_d62000-n20-d62000-r2,20,62000,equivocation_aggregate,CompareAggregateCertificates,equivocation(aggregate),equivocation(aggregate),true,true,aggregate_certificate,0.054492,calibrated_estimate,O(n),O(n)
malicious_server_detection,malicious_server_detection-n20_d62000-n20-d62000-r3,20,62000,false_accept,VerifyAcceptedDecision,reject(validation),reject(validation),true,true,record,1.542432,calibrated_estimate,O(n),O(n)
malicious_server_detection,malicious_server_detection-n20_d62000-n20-d62000-r3,20,62000,false_reject,VerifyAppeal,serverFault(falseReject),serverFault(falseReject),true,true,appeal,1.542432,calibrated_estimate,"O(n), omission independent of l",O(n)
malicious_server_detection,malicious_server_detection-n20_d62000-n20-d62000-r3,20,62000,omission,VerifyAppeal,serverFault(omission),serverFault(omission),true,true,digest_log,0.054492,calibrated_estimate,"O(n), omission independent of l",O(n)
malicious_server_detection,malicious_server_detection-n20_d62000-n20-d62000-r3,20,62000,equivocation_root,CompareSignedRoots,equivocation(root),equivocation(root),true,true,digest_log,0.054492,calibrated_estimate,O(n),O(n)
malicious_server_detection,malicious_server_detection-n20_d62000-n20-d62000-r3,20,62000,equivocation_admitted_set,CompareAggregateCertificates,equivocation(admittedSet),equivocation(admittedSet),true,true,certificate,0.054492,calibrated_estimate,O(n),O(n)
malicious_server_detection,malicious_server_detection-n20_d62000-n20-d62000-r3,20,62000,unsupported_recovery,VerifyMaskOpen,reject(reason),reject(reason),true,true,opening_domain,3.487500,analytical,O((a+boundary)*l),O((a+boundary)*l)
malicious_server_detection,malicious_server_detection-n20_d62000-n20-d62000-r3,20,62000,missing_opening,VerifyMaskOpen,reject(domain),reject(domain),true,true,opening_domain,3.390625,analytical,O((a+boundary)*l),O((a+boundary)*l)
malicious_server_detection,malicious_server_detection-n20_d62000-n20-d62000-r3,20,62000,extra_opening,VerifyMaskOpen,reject(domain),reject(domain),true,true,opening_domain,3.390625,analytical,O((a+boundary)*l),O((a+boundary)*l)
malicious_server_detection,malicious_server_detection-n20_d62000-n20-d62000-r3,20,62000,wrong_opening,VerifyMaskOpen,reject(pairOpening),reject(pairOpening),true,true,opening_relation,103631.256250,analytical,O((a+boundary)*l),O((a+boundary)*l)
malicious_server_detection,malicious_server_detection-n20_d62000-n20-d62000-r3,20,62000,wrong_tag_mask,VerifyMaskTag,reject(maskTag),reject(maskTag),true,true,tag_certificate,25937.651562,calibrated_estimate,O(a)+T_tag(l),O(a)+O(l) if S_A published
malicious_server_detection,malicious_server_detection-n20_d62000-n20-d62000-r3,20,62000,wrong_aggregate,VerifyAggregate,reject(aggregateSum),reject(aggregateSum),true,true,aggregate_certificate,24.775781,calibrated_estimate,O(a*l),O(l)
malicious_server_detection,malicious_server_detection-n20_d62000-n20-d62000-r3,20,62000,equivocation_aggregate,CompareAggregateCertificates,equivocation(aggregate),equivocation(aggregate),true,true,aggregate_certificate,0.054492,calibrated_estimate,O(n),O(n)
malicious_server_detection,malicious_server_detection-n20_d62000-n20-d62000-r4,20,62000,false_accept,VerifyAcceptedDecision,reject(validation),reject(validation),true,true,record,1.542432,calibrated_estimate,O(n),O(n)
malicious_server_detection,malicious_server_detection-n20_d62000-n20-d62000-r4,20,62000,false_reject,VerifyAppeal,serverFault(falseReject),serverFault(falseReject),true,true,appeal,1.540918,calibrated_estimate,"O(n), omission independent of l",O(n)
malicious_server_detection,malicious_server_detection-n20_d62000-n20-d62000-r4,20,62000,omission,VerifyAppeal,serverFault(omission),serverFault(omission),true,true,digest_log,0.054492,calibrated_estimate,"O(n), omission independent of l",O(n)
malicious_server_detection,malicious_server_detection-n20_d62000-n20-d62000-r4,20,62000,equivocation_root,CompareSignedRoots,equivocation(root),equivocation(root),true,true,digest_log,0.054492,calibrated_estimate,O(n),O(n)
malicious_server_detection,malicious_server_detection-n20_d62000-n20-d62000-r4,20,62000,equivocation_admitted_set,CompareAggregateCertificates,equivocation(admittedSet),equivocation(admittedSet),true,true,certificate,0.054492,calibrated_estimate,O(n),O(n)
malicious_server_detection,malicious_server_detection-n20_d62000-n20-d62000-r4,20,62000,unsupported_recovery,VerifyMaskOpen,reject(reason),reject(reason),true,true,opening_domain,3.487500,analytical,O((a+boundary)*l),O((a+boundary)*l)
malicious_server_detection,malicious_server_detection-n20_d62000-n20-d62000-r4,20,62000,missing_opening,VerifyMaskOpen,reject(domain),reject(domain),true,true,opening_domain,3.487500,analytical,O((a+boundary)*l),O((a+boundary)*l)
malicious_server_detection,malicious_server_detection-n20_d62000-n20-d62000-r4,20,62000,extra_opening,VerifyMaskOpen,reject(domain),reject(domain),true,true,opening_domain,3.390625,analytical,O((a+boundary)*l),O((a+boundary)*l)
malicious_server_detection,malicious_server_detection-n20_d62000-n20-d62000-r4,20,62000,wrong_opening,VerifyMaskOpen,reject(pairOpening),reject(pairOpening),true,true,opening_relation,103592.796875,analytical,O((a+boundary)*l),O((a+boundary)*l)
malicious_server_detection,malicious_server_detection-n20_d62000-n20-d62000-r4,20,62000,wrong_tag_mask,VerifyMaskTag,reject(maskTag),reject(maskTag),true,true,tag_certificate,25914.280469,calibrated_estimate,O(a)+T_tag(l),O(a)+O(l) if S_A published
malicious_server_detection,malicious_server_detection-n20_d62000-n20-d62000-r4,20,62000,wrong_aggregate,VerifyAggregate,reject(aggregateSum),reject(aggregateSum),true,true,aggregate_certificate,24.703125,calibrated_estimate,O(a*l),O(l)
malicious_server_detection,malicious_server_detection-n20_d62000-n20-d62000-r4,20,62000,equivocation_aggregate,CompareAggregateCertificates,equivocation(aggregate),equivocation(aggregate),true,true,aggregate_certificate,0.056006,calibrated_estimate,O(n),O(n)
malicious_server_detection,malicious_server_detection-n20_d273000-n20-d273000-r0,20,273000,false_accept,VerifyAcceptedDecision,reject(validation),reject(validation),true,true,record,6.791675,calibrated_estimate,O(n),O(n)
malicious_server_detection,malicious_server_detection-n20_d273000-n20-d273000-r0,20,273000,false_reject,VerifyAppeal,serverFault(falseReject),serverFault(falseReject),true,true,appeal,11.130615,calibrated_estimate,"O(n), omission independent of l",O(n)
malicious_server_detection,malicious_server_detection-n20_d273000-n20-d273000-r0,20,273000,omission,VerifyAppeal,serverFault(omission),serverFault(omission),true,true,digest_log,0.239941,calibrated_estimate,"O(n), omission independent of l",O(n)
malicious_server_detection,malicious_server_detection-n20_d273000-n20-d273000-r0,20,273000,equivocation_root,CompareSignedRoots,equivocation(root),equivocation(root),true,true,digest_log,0.239941,calibrated_estimate,O(n),O(n)
malicious_server_detection,malicious_server_detection-n20_d273000-n20-d273000-r0,20,273000,equivocation_admitted_set,CompareAggregateCertificates,equivocation(admittedSet),equivocation(admittedSet),true,true,certificate,0.239941,calibrated_estimate,O(n),O(n)
malicious_server_detection,malicious_server_detection-n20_d273000-n20-d273000-r0,20,273000,unsupported_recovery,VerifyMaskOpen,reject(reason),reject(reason),true,true,opening_domain,15.356250,analytical,O((a+boundary)*l),O((a+boundary)*l)
malicious_server_detection,malicious_server_detection-n20_d273000-n20-d273000-r0,20,273000,missing_opening,VerifyMaskOpen,reject(domain),reject(domain),true,true,opening_domain,15.356250,analytical,O((a+boundary)*l),O((a+boundary)*l)
malicious_server_detection,malicious_server_detection-n20_d273000-n20-d273000-r0,20,273000,extra_opening,VerifyMaskOpen,reject(domain),reject(domain),true,true,opening_domain,15.356250,analytical,O((a+boundary)*l),O((a+boundary)*l)
malicious_server_detection,malicious_server_detection-n20_d273000-n20-d273000-r0,20,273000,wrong_opening,VerifyMaskOpen,reject(pairOpening),reject(pairOpening),true,true,opening_relation,456680.798437,analytical,O((a+boundary)*l),O((a+boundary)*l)
malicious_server_detection,malicious_server_detection-n20_d273000-n20-d273000-r0,20,273000,wrong_tag_mask,VerifyMaskTag,reject(maskTag),reject(maskTag),true,true,tag_certificate,114156.442969,calibrated_estimate,O(a)+T_tag(l),O(a)+O(l) if S_A published
malicious_server_detection,malicious_server_detection-n20_d273000-n20-d273000-r0,20,273000,wrong_aggregate,VerifyAggregate,reject(aggregateSum),reject(aggregateSum),true,true,aggregate_certificate,108.986719,calibrated_estimate,O(a*l),O(l)
malicious_server_detection,malicious_server_detection-n20_d273000-n20-d273000-r0,20,273000,equivocation_aggregate,CompareAggregateCertificates,equivocation(aggregate),equivocation(aggregate),true,true,aggregate_certificate,0.239941,calibrated_estimate,O(n),O(n)
malicious_server_detection,malicious_server_detection-n20_d273000-n20-d273000-r1,20,273000,false_accept,VerifyAcceptedDecision,reject(validation),reject(validation),true,true,record,6.791675,calibrated_estimate,O(n),O(n)
malicious_server_detection,malicious_server_detection-n20_d273000-n20-d273000-r1,20,273000,false_reject,VerifyAppeal,serverFault(falseReject),serverFault(falseReject),true,true,appeal,6.791675,calibrated_estimate,"O(n), omission independent of l",O(n)
malicious_server_detection,malicious_server_detection-n20_d273000-n20-d273000-r1,20,273000,omission,VerifyAppeal,serverFault(omission),serverFault(omission),true,true,digest_log,0.239941,calibrated_estimate,"O(n), omission independent of l",O(n)
malicious_server_detection,malicious_server_detection-n20_d273000-n20-d273000-r1,20,273000,equivocation_root,CompareSignedRoots,equivocation(root),equivocation(root),true,true,digest_log,0.239941,calibrated_estimate,O(n),O(n)
malicious_server_detection,malicious_server_detection-n20_d273000-n20-d273000-r1,20,273000,equivocation_admitted_set,CompareAggregateCertificates,equivocation(admittedSet),equivocation(admittedSet),true,true,certificate,0.239941,calibrated_estimate,O(n),O(n)
malicious_server_detection,malicious_server_detection-n20_d273000-n20-d273000-r1,20,273000,unsupported_recovery,VerifyMaskOpen,reject(reason),reject(reason),true,true,opening_domain,15.356250,analytical,O((a+boundary)*l),O((a+boundary)*l)
malicious_server_detection,malicious_server_detection-n20_d273000-n20-d273000-r1,20,273000,missing_opening,VerifyMaskOpen,reject(domain),reject(domain),true,true,opening_domain,15.356250,analytical,O((a+boundary)*l),O((a+boundary)*l)
malicious_server_detection,malicious_server_detection-n20_d273000-n20-d273000-r1,20,273000,extra_opening,VerifyMaskOpen,reject(domain),reject(domain),true,true,opening_domain,14.929688,analytical,O((a+boundary)*l),O((a+boundary)*l)
malicious_server_detection,malicious_server_detection-n20_d273000-n20-d273000-r1,20,273000,wrong_opening,VerifyMaskOpen,reject(pairOpening),reject(pairOpening),true,true,opening_relation,456773.362500,analytical,O((a+boundary)*l),O((a+boundary)*l)
malicious_server_detection,malicious_server_detection-n20_d273000-n20-d273000-r1,20,273000,wrong_tag_mask,VerifyMaskTag,reject(maskTag),reject(maskTag),true,true,tag_certificate,114176.171484,calibrated_estimate,O(a)+T_tag(l),O(a)+O(l) if S_A published
malicious_server_detection,malicious_server_detection-n20_d273000-n20-d273000-r1,20,273000,wrong_aggregate,VerifyAggregate,reject(aggregateSum),reject(aggregateSum),true,true,aggregate_certificate,109.093359,calibrated_estimate,O(a*l),O(l)
malicious_server_detection,malicious_server_detection-n20_d273000-n20-d273000-r1,20,273000,equivocation_aggregate,CompareAggregateCertificates,equivocation(aggregate),equivocation(aggregate),true,true,aggregate_certificate,0.239941,calibrated_estimate,O(n),O(n)
malicious_server_detection,malicious_server_detection-n20_d273000-n20-d273000-r2,20,273000,false_accept,VerifyAcceptedDecision,reject(validation),reject(validation),true,true,record,6.785010,calibrated_estimate,O(n),O(n)
malicious_server_detection,malicious_server_detection-n20_d273000-n20-d273000-r2,20,273000,false_reject,VerifyAppeal,serverFault(falseReject),serverFault(falseReject),true,true,appeal,6.791675,calibrated_estimate,"O(n), omission independent of l",O(n)
malicious_server_detection,malicious_server_detection-n20_d273000-n20-d273000-r2,20,273000,omission,VerifyAppeal,serverFault(omission),serverFault(omission),true,true,digest_log,0.239941,calibrated_estimate,"O(n), omission independent of l",O(n)
malicious_server_detection,malicious_server_detection-n20_d273000-n20-d273000-r2,20,273000,equivocation_root,CompareSignedRoots,equivocation(root),equivocation(root),true,true,digest_log,0.239941,calibrated_estimate,O(n),O(n)
malicious_server_detection,malicious_server_detection-n20_d273000-n20-d273000-r2,20,273000,equivocation_admitted_set,CompareAggregateCertificates,equivocation(admittedSet),equivocation(admittedSet),true,true,certificate,0.239941,calibrated_estimate,O(n),O(n)
malicious_server_detection,malicious_server_detection-n20_d273000-n20-d273000-r2,20,273000,unsupported_recovery,VerifyMaskOpen,reject(reason),reject(reason),true,true,opening_domain,15.356250,analytical,O((a+boundary)*l),O((a+boundary)*l)
malicious_server_detection,malicious_server_detection-n20_d273000-n20-d273000-r2,20,273000,missing_opening,VerifyMaskOpen,reject(domain),reject(domain),true,true,opening_domain,14.929688,analytical,O((a+boundary)*l),O((a+boundary)*l)
malicious_server_detection,malicious_server_detection-n20_d273000-n20-d273000-r2,20,273000,extra_opening,VerifyMaskOpen,reject(domain),reject(domain),true,true,opening_domain,15.356250,analytical,O((a+boundary)*l),O((a+boundary)*l)
malicious_server_detection,malicious_server_detection-n20_d273000-n20-d273000-r2,20,273000,wrong_opening,VerifyMaskOpen,reject(pairOpening),reject(pairOpening),true,true,opening_relation,456926.498438,analytical,O((a+boundary)*l),O((a+boundary)*l)
malicious_server_detection,malicious_server_detection-n20_d273000-n20-d273000-r2,20,273000,wrong_tag_mask,VerifyMaskTag,reject(maskTag),reject(maskTag),true,true,tag_certificate,113967.475781,calibrated_estimate,O(a)+T_tag(l),O(a)+O(l) if S_A published
malicious_server_detection,malicious_server_detection-n20_d273000-n20-d273000-r2,20,273000,wrong_aggregate,VerifyAggregate,reject(aggregateSum),reject(aggregateSum),true,true,aggregate_certificate,108.880078,calibrated_estimate,O(a*l),O(l)
malicious_server_detection,malicious_server_detection-n20_d273000-n20-d273000-r2,20,273000,equivocation_aggregate,CompareAggregateCertificates,equivocation(aggregate),equivocation(aggregate),true,true,aggregate_certificate,0.239941,calibrated_estimate,O(n),O(n)
malicious_server_detection,malicious_server_detection-n20_d273000-n20-d273000-r3,20,273000,false_accept,VerifyAcceptedDecision,reject(validation),reject(validation),true,true,record,6.791675,calibrated_estimate,O(n),O(n)
malicious_server_detection,malicious_server_detection-n20_d273000-n20-d273000-r3,20,273000,false_reject,VerifyAppeal,serverFault(falseReject),serverFault(falseReject),true,true,appeal,6.791675,calibrated_estimate,"O(n), omission independent of l",O(n)
malicious_server_detection,malicious_server_detection-n20_d273000-n20-d273000-r3,20,273000,omission,VerifyAppeal,serverFault(omission),serverFault(omission),true,true,digest_log,0.239941,calibrated_estimate,"O(n), omission independent of l",O(n)
malicious_server_detection,malicious_server_detection-n20_d273000-n20-d273000-r3,20,273000,equivocation_root,CompareSignedRoots,equivocation(root),equivocation(root),true,true,digest_log,0.239941,calibrated_estimate,O(n),O(n)
malicious_server_detection,malicious_server_detection-n20_d273000-n20-d273000-r3,20,273000,equivocation_admitted_set,CompareAggregateCertificates,equivocation(admittedSet),equivocation(admittedSet),true,true,certificate,0.239941,calibrated_estimate,O(n),O(n)
malicious_server_detection,malicious_server_detection-n20_d273000-n20-d273000-r3,20,273000,unsupported_recovery,VerifyMaskOpen,reject(reason),reject(reason),true,true,opening_domain,15.356250,analytical,O((a+boundary)*l),O((a+boundary)*l)
malicious_server_detection,malicious_server_detection-n20_d273000-n20-d273000-r3,20,273000,missing_opening,VerifyMaskOpen,reject(domain),reject(domain),true,true,opening_domain,15.356250,analytical,O((a+boundary)*l),O((a+boundary)*l)
malicious_server_detection,malicious_server_detection-n20_d273000-n20-d273000-r3,20,273000,extra_opening,VerifyMaskOpen,reject(domain),reject(domain),true,true,opening_domain,15.356250,analytical,O((a+boundary)*l),O((a+boundary)*l)
malicious_server_detection,malicious_server_detection-n20_d273000-n20-d273000-r3,20,273000,wrong_opening,VerifyMaskOpen,reject(pairOpening),reject(pairOpening),true,true,opening_relation,456887.681250,analytical,O((a+boundary)*l),O((a+boundary)*l)
malicious_server_detection,malicious_server_detection-n20_d273000-n20-d273000-r3,20,273000,wrong_tag_mask,VerifyMaskTag,reject(maskTag),reject(maskTag),true,true,tag_certificate,114227.039062,calibrated_estimate,O(a)+T_tag(l),O(a)+O(l) if S_A published
malicious_server_detection,malicious_server_detection-n20_d273000-n20-d273000-r3,20,273000,wrong_aggregate,VerifyAggregate,reject(aggregateSum),reject(aggregateSum),true,true,aggregate_certificate,109.093359,calibrated_estimate,O(a*l),O(l)
malicious_server_detection,malicious_server_detection-n20_d273000-n20-d273000-r3,20,273000,equivocation_aggregate,CompareAggregateCertificates,equivocation(aggregate),equivocation(aggregate),true,true,aggregate_certificate,0.239941,calibrated_estimate,O(n),O(n)
malicious_server_detection,malicious_server_detection-n20_d273000-n20-d273000-r4,20,273000,false_accept,VerifyAcceptedDecision,reject(validation),reject(validation),true,true,record,6.791675,calibrated_estimate,O(n),O(n)
malicious_server_detection,malicious_server_detection-n20_d273000-n20-d273000-r4,20,273000,false_reject,VerifyAppeal,serverFault(falseReject),serverFault(falseReject),true,true,appeal,6.785010,calibrated_estimate,"O(n), omission independent of l",O(n)
malicious_server_detection,malicious_server_detection-n20_d273000-n20-d273000-r4,20,273000,omission,VerifyAppeal,serverFault(omission),serverFault(omission),true,true,digest_log,0.239941,calibrated_estimate,"O(n), omission independent of l",O(n)
malicious_server_detection,malicious_server_detection-n20_d273000-n20-d273000-r4,20,273000,equivocation_root,CompareSignedRoots,equivocation(root),equivocation(root),true,true,digest_log,0.239941,calibrated_estimate,O(n),O(n)
malicious_server_detection,malicious_server_detection-n20_d273000-n20-d273000-r4,20,273000,equivocation_admitted_set,CompareAggregateCertificates,equivocation(admittedSet),equivocation(admittedSet),true,true,certificate,0.239941,calibrated_estimate,O(n),O(n)
malicious_server_detection,malicious_server_detection-n20_d273000-n20-d273000-r4,20,273000,unsupported_recovery,VerifyMaskOpen,reject(reason),reject(reason),true,true,opening_domain,15.356250,analytical,O((a+boundary)*l),O((a+boundary)*l)
malicious_server_detection,malicious_server_detection-n20_d273000-n20-d273000-r4,20,273000,missing_opening,VerifyMaskOpen,reject(domain),reject(domain),true,true,opening_domain,15.356250,analytical,O((a+boundary)*l),O((a+boundary)*l)
malicious_server_detection,malicious_server_detection-n20_d273000-n20-d273000-r4,20,273000,extra_opening,VerifyMaskOpen,reject(domain),reject(domain),true,true,opening_domain,15.356250,analytical,O((a+boundary)*l),O((a+boundary)*l)
malicious_server_detection,malicious_server_detection-n20_d273000-n20-d273000-r4,20,273000,wrong_opening,VerifyMaskOpen,reject(pairOpening),reject(pairOpening),true,true,opening_relation,456393.295313,analytical,O((a+boundary)*l),O((a+boundary)*l)
malicious_server_detection,malicious_server_detection-n20_d273000-n20-d273000-r4,20,273000,wrong_tag_mask,VerifyMaskTag,reject(maskTag),reject(maskTag),true,true,tag_certificate,114107.175000,calibrated_estimate,O(a)+T_tag(l),O(a)+O(l) if S_A published
malicious_server_detection,malicious_server_detection-n20_d273000-n20-d273000-r4,20,273000,wrong_aggregate,VerifyAggregate,reject(aggregateSum),reject(aggregateSum),true,true,aggregate_certificate,106.640625,calibrated_estimate,O(a*l),O(l)
malicious_server_detection,malicious_server_detection-n20_d273000-n20-d273000-r4,20,273000,equivocation_aggregate,CompareAggregateCertificates,equivocation(aggregate),equivocation(aggregate),true,true,aggregate_certificate,0.233276,calibrated_estimate,O(n),O(n)
malicious_server_detection,malicious_server_detection-n20_d818000-n20-d818000-r0,20,818000,false_accept,VerifyAcceptedDecision,reject(validation),reject(validation),true,true,record,19.910791,calibrated_estimate,O(n),O(n)
malicious_server_detection,malicious_server_detection-n20_d818000-n20-d818000-r0,20,818000,false_reject,VerifyAppeal,serverFault(falseReject),serverFault(falseReject),true,true,appeal,19.910791,calibrated_estimate,"O(n), omission independent of l",O(n)
malicious_server_detection,malicious_server_detection-n20_d818000-n20-d818000-r0,20,818000,omission,VerifyAppeal,serverFault(omission),serverFault(omission),true,true,digest_log,0.698975,calibrated_estimate,"O(n), omission independent of l",O(n)
malicious_server_detection,malicious_server_detection-n20_d818000-n20-d818000-r0,20,818000,equivocation_root,CompareSignedRoots,equivocation(root),equivocation(root),true,true,digest_log,0.718945,calibrated_estimate,O(n),O(n)
malicious_server_detection,malicious_server_detection-n20_d818000-n20-d818000-r0,20,818000,equivocation_admitted_set,CompareAggregateCertificates,equivocation(admittedSet),equivocation(admittedSet),true,true,certificate,0.698975,calibrated_estimate,O(n),O(n)
malicious_server_detection,malicious_server_detection-n20_d818000-n20-d818000-r0,20,818000,unsupported_recovery,VerifyMaskOpen,reject(reason),reject(reason),true,true,opening_domain,44.734375,analytical,O((a+boundary)*l),O((a+boundary)*l)
malicious_server_detection,malicious_server_detection-n20_d818000-n20-d818000-r0,20,818000,missing_opening,VerifyMaskOpen,reject(domain),reject(domain),true,true,opening_domain,46.012500,analytical,O((a+boundary)*l),O((a+boundary)*l)
malicious_server_detection,malicious_server_detection-n20_d818000-n20-d818000-r0,20,818000,extra_opening,VerifyMaskOpen,reject(domain),reject(domain),true,true,opening_domain,46.012500,analytical,O((a+boundary)*l),O((a+boundary)*l)
malicious_server_detection,malicious_server_detection-n20_d818000-n20-d818000-r0,20,818000,wrong_opening,VerifyMaskOpen,reject(pairOpening),reject(pairOpening),true,true,opening_relation,1366056.165625,analytical,O((a+boundary)*l),O((a+boundary)*l)
malicious_server_detection,malicious_server_detection-n20_d818000-n20-d818000-r0,20,818000,wrong_tag_mask,VerifyMaskTag,reject(maskTag),reject(maskTag),true,true,tag_certificate,341649.522656,calibrated_estimate,O(a)+T_tag(l),O(a)+O(l) if S_A published
malicious_server_detection,malicious_server_detection-n20_d818000-n20-d818000-r0,20,818000,wrong_aggregate,VerifyAggregate,reject(aggregateSum),reject(aggregateSum),true,true,aggregate_certificate,326.560938,calibrated_estimate,O(a*l),O(l)
malicious_server_detection,malicious_server_detection-n20_d818000-n20-d818000-r0,20,818000,equivocation_aggregate,CompareAggregateCertificates,equivocation(aggregate),equivocation(aggregate),true,true,aggregate_certificate,0.718945,calibrated_estimate,O(n),O(n)
malicious_server_detection,malicious_server_detection-n20_d818000-n20-d818000-r1,20,818000,false_accept,VerifyAcceptedDecision,reject(validation),reject(validation),true,true,record,20.330176,calibrated_estimate,O(n),O(n)
malicious_server_detection,malicious_server_detection-n20_d818000-n20-d818000-r1,20,818000,false_reject,VerifyAppeal,serverFault(falseReject),serverFault(falseReject),true,true,appeal,20.350146,calibrated_estimate,"O(n), omission independent of l",O(n)
malicious_server_detection,malicious_server_detection-n20_d818000-n20-d818000-r1,20,818000,omission,VerifyAppeal,serverFault(omission),serverFault(omission),true,true,digest_log,0.718945,calibrated_estimate,"O(n), omission independent of l",O(n)
malicious_server_detection,malicious_server_detection-n20_d818000-n20-d818000-r1,20,818000,equivocation_root,CompareSignedRoots,equivocation(root),equivocation(root),true,true,digest_log,0.718945,calibrated_estimate,O(n),O(n)
malicious_server_detection,malicious_server_detection-n20_d818000-n20-d818000-r1,20,818000,equivocation_admitted_set,CompareAggregateCertificates,equivocation(admittedSet),equivocation(admittedSet),true,true,certificate,0.718945,calibrated_estimate,O(n),O(n)
malicious_server_detection,malicious_server_detection-n20_d818000-n20-d818000-r1,20,818000,unsupported_recovery,VerifyMaskOpen,reject(reason),reject(reason),true,true,opening_domain,46.012500,analytical,O((a+boundary)*l),O((a+boundary)*l)
malicious_server_detection,malicious_server_detection-n20_d818000-n20-d818000-r1,20,818000,missing_opening,VerifyMaskOpen,reject(domain),reject(domain),true,true,opening_domain,46.012500,analytical,O((a+boundary)*l),O((a+boundary)*l)
malicious_server_detection,malicious_server_detection-n20_d818000-n20-d818000-r1,20,818000,extra_opening,VerifyMaskOpen,reject(domain),reject(domain),true,true,opening_domain,46.012500,analytical,O((a+boundary)*l),O((a+boundary)*l)
malicious_server_detection,malicious_server_detection-n20_d818000-n20-d818000-r1,20,818000,wrong_opening,VerifyMaskOpen,reject(pairOpening),reject(pairOpening),true,true,opening_relation,1366823.040625,analytical,O((a+boundary)*l),O((a+boundary)*l)
malicious_server_detection,malicious_server_detection-n20_d818000-n20-d818000-r1,20,818000,wrong_tag_mask,VerifyMaskTag,reject(maskTag),reject(maskTag),true,true,tag_certificate,341428.726562,calibrated_estimate,O(a)+T_tag(l),O(a)+O(l) if S_A published
malicious_server_detection,malicious_server_detection-n20_d818000-n20-d818000-r1,20,818000,wrong_aggregate,VerifyAggregate,reject(aggregateSum),reject(aggregateSum),true,true,aggregate_certificate,326.241406,calibrated_estimate,O(a*l),O(l)
malicious_server_detection,malicious_server_detection-n20_d818000-n20-d818000-r1,20,818000,equivocation_aggregate,CompareAggregateCertificates,equivocation(aggregate),equivocation(aggregate),true,true,aggregate_certificate,0.718945,calibrated_estimate,O(n),O(n)
malicious_server_detection,malicious_server_detection-n20_d818000-n20-d818000-r2,20,818000,false_accept,VerifyAcceptedDecision,reject(validation),reject(validation),true,true,record,20.350146,calibrated_estimate,O(n),O(n)
malicious_server_detection,malicious_server_detection-n20_d818000-n20-d818000-r2,20,818000,false_reject,VerifyAppeal,serverFault(falseReject),serverFault(falseReject),true,true,appeal,20.350146,calibrated_estimate,"O(n), omission independent of l",O(n)
malicious_server_detection,malicious_server_detection-n20_d818000-n20-d818000-r2,20,818000,omission,VerifyAppeal,serverFault(omission),serverFault(omission),true,true,digest_log,0.718945,calibrated_estimate,"O(n), omission independent of l",O(n)
malicious_server_detection,malicious_server_detection-n20_d818000-n20-d818000-r2,20,818000,equivocation_root,CompareSignedRoots,equivocation(root),equivocation(root),true,true,digest_log,0.718945,calibrated_estimate,O(n),O(n)
malicious_server_detection,malicious_server_detection-n20_d818000-n20-d818000-r2,20,818000,equivocation_admitted_set,CompareAggregateCertificates,equivocation(admittedSet),equivocation(admittedSet),true,true,certificate,0.718945,calibrated_estimate,O(n),O(n)
malicious_server_detection,malicious_server_detection-n20_d818000-n20-d818000-r2,20,818000,unsupported_recovery,VerifyMaskOpen,reject(reason),reject(reason),true,true,opening_domain,46.012500,analytical,O((a+boundary)*l),O((a+boundary)*l)
malicious_server_detection,malicious_server_detection-n20_d818000-n20-d818000-r2,20,818000,missing_opening,VerifyMaskOpen,reject(domain),reject(domain),true,true,opening_domain,46.012500,analytical,O((a+boundary)*l),O((a+boundary)*l)
malicious_server_detection,malicious_server_detection-n20_d818000-n20-d818000-r2,20,818000,extra_opening,VerifyMaskOpen,reject(domain),reject(domain),true,true,opening_domain,46.012500,analytical,O((a+boundary)*l),O((a+boundary)*l)
malicious_server_detection,malicious_server_detection-n20_d818000-n20-d818000-r2,20,818000,wrong_opening,VerifyMaskOpen,reject(pairOpening),reject(pairOpening),true,true,opening_relation,1367566.909375,analytical,O((a+boundary)*l),O((a+boundary)*l)
malicious_server_detection,malicious_server_detection-n20_d818000-n20-d818000-r2,20,818000,wrong_tag_mask,VerifyMaskTag,reject(maskTag),reject(maskTag),true,true,tag_certificate,341204.096094,calibrated_estimate,O(a)+T_tag(l),O(a)+O(l) if S_A published
malicious_server_detection,malicious_server_detection-n20_d818000-n20-d818000-r2,20,818000,wrong_aggregate,VerifyAggregate,reject(aggregateSum),reject(aggregateSum),true,true,aggregate_certificate,326.880469,calibrated_estimate,O(a*l),O(l)
malicious_server_detection,malicious_server_detection-n20_d818000-n20-d818000-r2,20,818000,equivocation_aggregate,CompareAggregateCertificates,equivocation(aggregate),equivocation(aggregate),true,true,aggregate_certificate,0.718945,calibrated_estimate,O(n),O(n)
malicious_server_detection,malicious_server_detection-n20_d818000-n20-d818000-r3,20,818000,false_accept,VerifyAcceptedDecision,reject(validation),reject(validation),true,true,record,20.350146,calibrated_estimate,O(n),O(n)
malicious_server_detection,malicious_server_detection-n20_d818000-n20-d818000-r3,20,818000,false_reject,VerifyAppeal,serverFault(falseReject),serverFault(falseReject),true,true,appeal,20.350146,calibrated_estimate,"O(n), omission independent of l",O(n)
malicious_server_detection,malicious_server_detection-n20_d818000-n20-d818000-r3,20,818000,omission,VerifyAppeal,serverFault(omission),serverFault(omission),true,true,digest_log,0.718945,calibrated_estimate,"O(n), omission independent of l",O(n)
malicious_server_detection,malicious_server_detection-n20_d818000-n20-d818000-r3,20,818000,equivocation_root,CompareSignedRoots,equivocation(root),equivocation(root),true,true,digest_log,0.718945,calibrated_estimate,O(n),O(n)
malicious_server_detection,malicious_server_detection-n20_d818000-n20-d818000-r3,20,818000,equivocation_admitted_set,CompareAggregateCertificates,equivocation(admittedSet),equivocation(admittedSet),true,true,certificate,0.718945,calibrated_estimate,O(n),O(n)
malicious_server_detection,malicious_server_detection-n20_d818000-n20-d818000-r3,20,818000,unsupported_recovery,VerifyMaskOpen,reject(reason),reject(reason),true,true,opening_domain,46.012500,analytical,O((a+boundary)*l),O((a+boundary)*l)
malicious_server_detection,malicious_server_detection-n20_d818000-n20-d818000-r3,20,818000,missing_opening,VerifyMaskOpen,reject(domain),reject(domain),true,true,opening_domain,46.012500,analytical,O((a+boundary)*l),O((a+boundary)*l)
malicious_server_detection,malicious_server_detection-n20_d818000-n20-d818000-r3,20,818000,extra_opening,VerifyMaskOpen,reject(domain),reject(domain),true,true,opening_domain,46.012500,analytical,O((a+boundary)*l),O((a+boundary)*l)
malicious_server_detection,malicious_server_detection-n20_d818000-n20-d818000-r3,20,818000,wrong_opening,VerifyMaskOpen,reject(pairOpening),reject(pairOpening),true,true,opening_relation,1364887.959375,analytical,O((a+boundary)*l),O((a+boundary)*l)
malicious_server_detection,malicious_server_detection-n20_d818000-n20-d818000-r3,20,818000,wrong_tag_mask,VerifyMaskTag,reject(maskTag),reject(maskTag),true,true,tag_certificate,342434.610938,calibrated_estimate,O(a)+T_tag(l),O(a)+O(l) if S_A published
malicious_server_detection,malicious_server_detection-n20_d818000-n20-d818000-r3,20,818000,wrong_aggregate,VerifyAggregate,reject(aggregateSum),reject(aggregateSum),true,true,aggregate_certificate,326.560938,calibrated_estimate,O(a*l),O(l)
malicious_server_detection,malicious_server_detection-n20_d818000-n20-d818000-r3,20,818000,equivocation_aggregate,CompareAggregateCertificates,equivocation(aggregate),equivocation(aggregate),true,true,aggregate_certificate,0.718945,calibrated_estimate,O(n),O(n)
malicious_server_detection,malicious_server_detection-n20_d818000-n20-d818000-r4,20,818000,false_accept,VerifyAcceptedDecision,reject(validation),reject(validation),true,true,record,20.350146,calibrated_estimate,O(n),O(n)
malicious_server_detection,malicious_server_detection-n20_d818000-n20-d818000-r4,20,818000,false_reject,VerifyAppeal,serverFault(falseReject),serverFault(falseReject),true,true,appeal,20.350146,calibrated_estimate,"O(n), omission independent of l",O(n)
malicious_server_detection,malicious_server_detection-n20_d818000-n20-d818000-r4,20,818000,omission,VerifyAppeal,serverFault(omission),serverFault(omission),true,true,digest_log,0.698975,calibrated_estimate,"O(n), omission independent of l",O(n)
malicious_server_detection,malicious_server_detection-n20_d818000-n20-d818000-r4,20,818000,equivocation_root,CompareSignedRoots,equivocation(root),equivocation(root),true,true,digest_log,0.718945,calibrated_estimate,O(n),O(n)
malicious_server_detection,malicious_server_detection-n20_d818000-n20-d818000-r4,20,818000,equivocation_admitted_set,CompareAggregateCertificates,equivocation(admittedSet),equivocation(admittedSet),true,true,certificate,0.718945,calibrated_estimate,O(n),O(n)
malicious_server_detection,malicious_server_detection-n20_d818000-n20-d818000-r4,20,818000,unsupported_recovery,VerifyMaskOpen,reject(reason),reject(reason),true,true,opening_domain,46.012500,analytical,O((a+boundary)*l),O((a+boundary)*l)
malicious_server_detection,malicious_server_detection-n20_d818000-n20-d818000-r4,20,818000,missing_opening,VerifyMaskOpen,reject(domain),reject(domain),true,true,opening_domain,44.734375,analytical,O((a+boundary)*l),O((a+boundary)*l)
malicious_server_detection,malicious_server_detection-n20_d818000-n20-d818000-r4,20,818000,extra_opening,VerifyMaskOpen,reject(domain),reject(domain),true,true,opening_domain,46.012500,analytical,O((a+boundary)*l),O((a+boundary)*l)
malicious_server_detection,malicious_server_detection-n20_d818000-n20-d818000-r4,20,818000,wrong_opening,VerifyMaskOpen,reject(pairOpening),reject(pairOpening),true,true,opening_relation,1366949.575000,analytical,O((a+boundary)*l),O((a+boundary)*l)
malicious_server_detection,malicious_server_detection-n20_d818000-n20-d818000-r4,20,818000,wrong_tag_mask,VerifyMaskTag,reject(maskTag),reject(maskTag),true,true,tag_certificate,341086.828125,calibrated_estimate,O(a)+T_tag(l),O(a)+O(l) if S_A published
malicious_server_detection,malicious_server_detection-n20_d818000-n20-d818000-r4,20,818000,wrong_aggregate,VerifyAggregate,reject(aggregateSum),reject(aggregateSum),true,true,aggregate_certificate,326.880469,calibrated_estimate,O(a*l),O(l)
malicious_server_detection,malicious_server_detection-n20_d818000-n20-d818000-r4,20,818000,equivocation_aggregate,CompareAggregateCertificates,equivocation(aggregate),equivocation(aggregate),true,true,aggregate_certificate,0.718945,calibrated_estimate,O(n),O(n)
malicious_server_detection,malicious_server_detection-n50_d19000-n50-d19000-r0,50,19000,false_accept,VerifyAcceptedDecision,reject(validation),reject(validation),true,true,record,0.472681,calibrated_estimate,O(n),O(n)
malicious_server_detection,malicious_server_detection-n50_d19000-n50-d19000-r0,50,19000,false_reject,VerifyAppeal,serverFault(falseReject),serverFault(falseReject),true,true,appeal,0.472217,calibrated_estimate,"O(n), omission independent of l",O(n)
malicious_server_detection,malicious_server_detection-n50_d19000-n50-d19000-r0,50,19000,omission,VerifyAppeal,serverFault(omission),serverFault(omission),true,true,digest_log,0.016699,calibrated_estimate,"O(n), omission independent of l",O(n)
malicious_server_detection,malicious_server_detection-n50_d19000-n50-d19000-r0,50,19000,equivocation_root,CompareSignedRoots,equivocation(root),equivocation(root),true,true,digest_log,0.016699,calibrated_estimate,O(n),O(n)
malicious_server_detection,malicious_server_detection-n50_d19000-n50-d19000-r0,50,19000,equivocation_admitted_set,CompareAggregateCertificates,equivocation(admittedSet),equivocation(admittedSet),true,true,certificate,0.016699,calibrated_estimate,O(n),O(n)
malicious_server_detection,malicious_server_detection-n50_d19000-n50-d19000-r0,50,19000,unsupported_recovery,VerifyMaskOpen,reject(reason),reject(reason),true,true,opening_domain,6.679688,analytical,O((a+boundary)*l),O((a+boundary)*l)
malicious_server_detection,malicious_server_detection-n50_d19000-n50-d19000-r0,50,19000,missing_opening,VerifyMaskOpen,reject(domain),reject(domain),true,true,opening_domain,6.679688,analytical,O((a+boundary)*l),O((a+boundary)*l)
malicious_server_detection,malicious_server_detection-n50_d19000-n50-d19000-r0,50,19000,extra_opening,VerifyMaskOpen,reject(domain),reject(domain),true,true,opening_domain,6.679688,analytical,O((a+boundary)*l),O((a+boundary)*l)
malicious_server_detection,malicious_server_detection-n50_d19000-n50-d19000-r0,50,19000,wrong_opening,VerifyMaskOpen,reject(pairOpening),reject(pairOpening),true,true,opening_relation,198281.328125,analytical,O((a+boundary)*l),O((a+boundary)*l)
malicious_server_detection,malicious_server_detection-n50_d19000-n50-d19000-r0,50,19000,wrong_tag_mask,VerifyMaskTag,reject(maskTag),reject(maskTag),true,true,tag_certificate,19816.090820,calibrated_estimate,O(a)+T_tag(l),O(a)+O(l) if S_A published
malicious_server_detection,malicious_server_detection-n50_d19000-n50-d19000-r0,50,19000,wrong_aggregate,VerifyAggregate,reject(aggregateSum),reject(aggregateSum),true,true,aggregate_certificate,18.962891,calibrated_estimate,O(a*l),O(l)
malicious_server_detection,malicious_server_detection-n50_d19000-n50-d19000-r0,50,19000,equivocation_aggregate,CompareAggregateCertificates,equivocation(aggregate),equivocation(aggregate),true,true,aggregate_certificate,0.016699,calibrated_estimate,O(n),O(n)
malicious_server_detection,malicious_server_detection-n50_d19000-n50-d19000-r1,50,19000,false_accept,VerifyAcceptedDecision,reject(validation),reject(validation),true,true,record,0.472681,calibrated_estimate,O(n),O(n)
malicious_server_detection,malicious_server_detection-n50_d19000-n50-d19000-r1,50,19000,false_reject,VerifyAppeal,serverFault(falseReject),serverFault(falseReject),true,true,appeal,0.472681,calibrated_estimate,"O(n), omission independent of l",O(n)
malicious_server_detection,malicious_server_detection-n50_d19000-n50-d19000-r1,50,19000,omission,VerifyAppeal,serverFault(omission),serverFault(omission),true,true,digest_log,0.016235,calibrated_estimate,"O(n), omission independent of l",O(n)
malicious_server_detection,malicious_server_detection-n50_d19000-n50-d19000-r1,50,19000,equivocation_root,CompareSignedRoots,equivocation(root),equivocation(root),true,true,digest_log,0.016699,calibrated_estimate,O(n),O(n)
malicious_server_detection,malicious_server_detection-n50_d19000-n50-d19000-r1,50,19000,equivocation_admitted_set,CompareAggregateCertificates,equivocation(admittedSet),equivocation(admittedSet),true,true,certificate,0.016699,calibrated_estimate,O(n),O(n)
malicious_server_detection,malicious_server_detection-n50_d19000-n50-d19000-r1,50,19000,unsupported_recovery,VerifyMaskOpen,reject(reason),reject(reason),true,true,opening_domain,6.679688,analytical,O((a+boundary)*l),O((a+boundary)*l)
malicious_server_detection,malicious_server_detection-n50_d19000-n50-d19000-r1,50,19000,missing_opening,VerifyMaskOpen,reject(domain),reject(domain),true,true,opening_domain,6.679688,analytical,O((a+boundary)*l),O((a+boundary)*l)
malicious_server_detection,malicious_server_detection-n50_d19000-n50-d19000-r1,50,19000,extra_opening,VerifyMaskOpen,reject(domain),reject(domain),true,true,opening_domain,6.679688,analytical,O((a+boundary)*l),O((a+boundary)*l)
malicious_server_detection,malicious_server_detection-n50_d19000-n50-d19000-r1,50,19000,wrong_opening,VerifyMaskOpen,reject(pairOpening),reject(pairOpening),true,true,opening_relation,198521.982422,analytical,O((a+boundary)*l),O((a+boundary)*l)
malicious_server_detection,malicious_server_detection-n50_d19000-n50-d19000-r1,50,19000,wrong_tag_mask,VerifyMaskTag,reject(maskTag),reject(maskTag),true,true,tag_certificate,19832.437500,calibrated_estimate,O(a)+T_tag(l),O(a)+O(l) if S_A published
malicious_server_detection,malicious_server_detection-n50_d19000-n50-d19000-r1,50,19000,wrong_aggregate,VerifyAggregate,reject(aggregateSum),reject(aggregateSum),true,true,aggregate_certificate,18.962891,calibrated_estimate,O(a*l),O(l)
malicious_server_detection,malicious_server_detection-n50_d19000-n50-d19000-r1,50,19000,equivocation_aggregate,CompareAggregateCertificates,equivocation(aggregate),equivocation(aggregate),true,true,aggregate_certificate,0.016699,calibrated_estimate,O(n),O(n)
malicious_server_detection,malicious_server_detection-n50_d19000-n50-d19000-r2,50,19000,false_accept,VerifyAcceptedDecision,reject(validation),reject(validation),true,true,record,0.472681,calibrated_estimate,O(n),O(n)
malicious_server_detection,malicious_server_detection-n50_d19000-n50-d19000-r2,50,19000,false_reject,VerifyAppeal,serverFault(falseReject),serverFault(falseReject),true,true,appeal,0.472681,calibrated_estimate,"O(n), omission independent of l",O(n)
malicious_server_detection,malicious_server_detection-n50_d19000-n50-d19000-r2,50,19000,omission,VerifyAppeal,serverFault(omission),serverFault(omission),true,true,digest_log,0.016699,calibrated_estimate,"O(n), omission independent of l",O(n)
malicious_server_detection,malicious_server_detection-n50_d19000-n50-d19000-r2,50,19000,equivocation_root,CompareSignedRoots,equivocation(root),equivocation(root),true,true,digest_log,0.016699,calibrated_estimate,O(n),O(n)
malicious_server_detection,malicious_server_detection-n50_d19000-n50-d19000-r2,50,19000,equivocation_admitted_set,CompareAggregateCertificates,equivocation(admittedSet),equivocation(admittedSet),true,true,certificate,0.016699,calibrated_estimate,O(n),O(n)
malicious_server_detection,malicious_server_detection-n50_d19000-n50-d19000-r2,50,19000,unsupported_recovery,VerifyMaskOpen,reject(reason),reject(reason),true,true,opening_domain,6.679688,analytical,O((a+boundary)*l),O((a+boundary)*l)
malicious_server_detection,malicious_server_detection-n50_d19000-n50-d19000-r2,50,19000,missing_opening,VerifyMaskOpen,reject(domain),reject(domain),true,true,opening_domain,6.679688,analytical,O((a+boundary)*l),O((a+boundary)*l)
malicious_server_detection,malicious_server_detection-n50_d19000-n50-d19000-r2,50,19000,extra_opening,VerifyMaskOpen,reject(domain),reject(domain),true,true,opening_domain,6.679688,analytical,O((a+boundary)*l),O((a+boundary)*l)
malicious_server_detection,malicious_server_detection-n50_d19000-n50-d19000-r2,50,19000,wrong_opening,VerifyMaskOpen,reject(pairOpening),reject(pairOpening),true,true,opening_relation,198473.925781,analytical,O((a+boundary)*l),O((a+boundary)*l)
malicious_server_detection,malicious_server_detection-n50_d19000-n50-d19000-r2,50,19000,wrong_tag_mask,VerifyMaskTag,reject(maskTag),reject(maskTag),true,true,tag_certificate,19912.946289,calibrated_estimate,O(a)+T_tag(l),O(a)+O(l) if S_A published
malicious_server_detection,malicious_server_detection-n50_d19000-n50-d19000-r2,50,19000,wrong_aggregate,VerifyAggregate,reject(aggregateSum),reject(aggregateSum),true,true,aggregate_certificate,19.000000,calibrated_estimate,O(a*l),O(l)
malicious_server_detection,malicious_server_detection-n50_d19000-n50-d19000-r2,50,19000,equivocation_aggregate,CompareAggregateCertificates,equivocation(aggregate),equivocation(aggregate),true,true,aggregate_certificate,0.016699,calibrated_estimate,O(n),O(n)
malicious_server_detection,malicious_server_detection-n50_d19000-n50-d19000-r3,50,19000,false_accept,VerifyAcceptedDecision,reject(validation),reject(validation),true,true,record,0.472681,calibrated_estimate,O(n),O(n)
malicious_server_detection,malicious_server_detection-n50_d19000-n50-d19000-r3,50,19000,false_reject,VerifyAppeal,serverFault(falseReject),serverFault(falseReject),true,true,appeal,0.472681,calibrated_estimate,"O(n), omission independent of l",O(n)
malicious_server_detection,malicious_server_detection-n50_d19000-n50-d19000-r3,50,19000,omission,VerifyAppeal,serverFault(omission),serverFault(omission),true,true,digest_log,0.016699,calibrated_estimate,"O(n), omission independent of l",O(n)
malicious_server_detection,malicious_server_detection-n50_d19000-n50-d19000-r3,50,19000,equivocation_root,CompareSignedRoots,equivocation(root),equivocation(root),true,true,digest_log,0.016699,calibrated_estimate,O(n),O(n)
malicious_server_detection,malicious_server_detection-n50_d19000-n50-d19000-r3,50,19000,equivocation_admitted_set,CompareAggregateCertificates,equivocation(admittedSet),equivocation(admittedSet),true,true,certificate,0.016699,calibrated_estimate,O(n),O(n)
malicious_server_detection,malicious_server_detection-n50_d19000-n50-d19000-r3,50,19000,unsupported_recovery,VerifyMaskOpen,reject(reason),reject(reason),true,true,opening_domain,6.679688,analytical,O((a+boundary)*l),O((a+boundary)*l)
malicious_server_detection,malicious_server_detection-n50_d19000-n50-d19000-r3,50,19000,missing_opening,VerifyMaskOpen,reject(domain),reject(domain),true,true,opening_domain,6.679688,analytical,O((a+boundary)*l),O((a+boundary)*l)
malicious_server_detection,malicious_server_detection-n50_d19000-n50-d19000-r3,50,19000,extra_opening,VerifyMaskOpen,reject(domain),reject(domain),true,true,opening_domain,6.865234,analytical,O((a+boundary)*l),O((a+boundary)*l)
malicious_server_detection,malicious_server_detection-n50_d19000-n50-d19000-r3,50,19000,wrong_opening,VerifyMaskOpen,reject(pairOpening),reject(pairOpening),true,true,opening_relation,198774.882812,analytical,O((a+boundary)*l),O((a+boundary)*l)
malicious_server_detection,malicious_server_detection-n50_d19000-n50-d19000-r3,50,19000,wrong_tag_mask,VerifyMaskTag,reject(maskTag),reject(maskTag),true,true,tag_certificate,19944.377930,calibrated_estimate,O(a)+T_tag(l),O(a)+O(l) if S_A published
malicious_server_detection,malicious_server_detection-n50_d19000-n50-d19000-r3,50,19000,wrong_aggregate,VerifyAggregate,reject(aggregateSum),reject(aggregateSum),true,true,aggregate_certificate,19.000000,calibrated_estimate,O(a*l),O(l)
malicious_server_detection,malicious_server_detection-n50_d19000-n50-d19000-r3,50,19000,equivocation_aggregate,CompareAggregateCertificates,equivocation(aggregate),equivocation(aggregate),true,true,aggregate_certificate,0.016699,calibrated_estimate,O(n),O(n)
malicious_server_detection,malicious_server_detection-n50_d19000-n50-d19000-r4,50,19000,false_accept,VerifyAcceptedDecision,reject(validation),reject(validation),true,true,record,0.472217,calibrated_estimate,O(n),O(n)
malicious_server_detection,malicious_server_detection-n50_d19000-n50-d19000-r4,50,19000,false_reject,VerifyAppeal,serverFault(falseReject),serverFault(falseReject),true,true,appeal,0.472681,calibrated_estimate,"O(n), omission independent of l",O(n)
malicious_server_detection,malicious_server_detection-n50_d19000-n50-d19000-r4,50,19000,omission,VerifyAppeal,serverFault(omission),serverFault(omission),true,true,digest_log,0.016699,calibrated_estimate,"O(n), omission independent of l",O(n)
malicious_server_detection,malicious_server_detection-n50_d19000-n50-d19000-r4,50,19000,equivocation_root,CompareSignedRoots,equivocation(root),equivocation(root),true,true,digest_log,0.016699,calibrated_estimate,O(n),O(n)
malicious_server_detection,malicious_server_detection-n50_d19000-n50-d19000-r4,50,19000,equivocation_admitted_set,CompareAggregateCertificates,equivocation(admittedSet),equivocation(admittedSet),true,true,certificate,0.016699,calibrated_estimate,O(n),O(n)
malicious_server_detection,malicious_server_detection-n50_d19000-n50-d19000-r4,50,19000,unsupported_recovery,VerifyMaskOpen,reject(reason),reject(reason),true,true,opening_domain,6.679688,analytical,O((a+boundary)*l),O((a+boundary)*l)
malicious_server_detection,malicious_server_detection-n50_d19000-n50-d19000-r4,50,19000,missing_opening,VerifyMaskOpen,reject(domain),reject(domain),true,true,opening_domain,6.679688,analytical,O((a+boundary)*l),O((a+boundary)*l)
malicious_server_detection,malicious_server_detection-n50_d19000-n50-d19000-r4,50,19000,extra_opening,VerifyMaskOpen,reject(domain),reject(domain),true,true,opening_domain,6.679688,analytical,O((a+boundary)*l),O((a+boundary)*l)
malicious_server_detection,malicious_server_detection-n50_d19000-n50-d19000-r4,50,19000,wrong_opening,VerifyMaskOpen,reject(pairOpening),reject(pairOpening),true,true,opening_relation,199060.810547,analytical,O((a+boundary)*l),O((a+boundary)*l)
malicious_server_detection,malicious_server_detection-n50_d19000-n50-d19000-r4,50,19000,wrong_tag_mask,VerifyMaskTag,reject(maskTag),reject(maskTag),true,true,tag_certificate,19846.242188,calibrated_estimate,O(a)+T_tag(l),O(a)+O(l) if S_A published
malicious_server_detection,malicious_server_detection-n50_d19000-n50-d19000-r4,50,19000,wrong_aggregate,VerifyAggregate,reject(aggregateSum),reject(aggregateSum),true,true,aggregate_certificate,18.962891,calibrated_estimate,O(a*l),O(l)
malicious_server_detection,malicious_server_detection-n50_d19000-n50-d19000-r4,50,19000,equivocation_aggregate,CompareAggregateCertificates,equivocation(aggregate),equivocation(aggregate),true,true,aggregate_certificate,0.016699,calibrated_estimate,O(n),O(n)
malicious_server_detection,malicious_server_detection-n50_d62000-n50-d62000-r0,50,62000,false_accept,VerifyAcceptedDecision,reject(validation),reject(validation),true,true,record,1.542432,calibrated_estimate,O(n),O(n)
malicious_server_detection,malicious_server_detection-n50_d62000-n50-d62000-r0,50,62000,false_reject,VerifyAppeal,serverFault(falseReject),serverFault(falseReject),true,true,appeal,1.542432,calibrated_estimate,"O(n), omission independent of l",O(n)
malicious_server_detection,malicious_server_detection-n50_d62000-n50-d62000-r0,50,62000,omission,VerifyAppeal,serverFault(omission),serverFault(omission),true,true,digest_log,0.054492,calibrated_estimate,"O(n), omission independent of l",O(n)
malicious_server_detection,malicious_server_detection-n50_d62000-n50-d62000-r0,50,62000,equivocation_root,CompareSignedRoots,equivocation(root),equivocation(root),true,true,digest_log,0.054492,calibrated_estimate,O(n),O(n)
malicious_server_detection,malicious_server_detection-n50_d62000-n50-d62000-r0,50,62000,equivocation_admitted_set,CompareAggregateCertificates,equivocation(admittedSet),equivocation(admittedSet),true,true,certificate,0.054492,calibrated_estimate,O(n),O(n)
malicious_server_detection,malicious_server_detection-n50_d62000-n50-d62000-r0,50,62000,unsupported_recovery,VerifyMaskOpen,reject(reason),reject(reason),true,true,opening_domain,21.796875,analytical,O((a+boundary)*l),O((a+boundary)*l)
malicious_server_detection,malicious_server_detection-n50_d62000-n50-d62000-r0,50,62000,missing_opening,VerifyMaskOpen,reject(domain),reject(domain),true,true,opening_domain,21.796875,analytical,O((a+boundary)*l),O((a+boundary)*l)
malicious_server_detection,malicious_server_detection-n50_d62000-n50-d62000-r0,50,62000,extra_opening,VerifyMaskOpen,reject(domain),reject(domain),true,true,opening_domain,21.796875,analytical,O((a+boundary)*l),O((a+boundary)*l)
malicious_server_detection,malicious_server_detection-n50_d62000-n50-d62000-r0,50,62000,wrong_opening,VerifyMaskOpen,reject(pairOpening),reject(pairOpening),true,true,opening_relation,647837.031250,analytical,O((a+boundary)*l),O((a+boundary)*l)
malicious_server_detection,malicious_server_detection-n50_d62000-n50-d62000-r0,50,62000,wrong_tag_mask,VerifyMaskTag,reject(maskTag),reject(maskTag),true,true,tag_certificate,64865.925781,calibrated_estimate,O(a)+T_tag(l),O(a)+O(l) if S_A published
malicious_server_detection,malicious_server_detection-n50_d62000-n50-d62000-r0,50,62000,wrong_aggregate,VerifyAggregate,reject(aggregateSum),reject(aggregateSum),true,true,aggregate_certificate,61.818359,calibrated_estimate,O(a*l),O(l)
malicious_server_detection,malicious_server_detection-n50_d62000-n50-d62000-r0,50,62000,equivocation_aggregate,CompareAggregateCertificates,equivocation(aggregate),equivocation(aggregate),true,true,aggregate_certificate,0.056006,calibrated_estimate,O(n),O(n)
malicious_server_detection,malicious_server_detection-n50_d62000-n50-d62000-r1,50,62000,false_accept,VerifyAcceptedDecision,reject(validation),reject(validation),true,true,record,1.542432,calibrated_estimate,O(n),O(n)
malicious_server_detection,malicious_server_detection-n50_d62000-n50-d62000-r1,50,62000,false_reject,VerifyAppeal,serverFault(falseReject),serverFault(falseReject),true,true,appeal,1.542432,calibrated_estimate,"O(n), omission independent of l",O(n)
malicious_server_detection,malicious_server_detection-n50_d62000-n50-d62000-r1,50,62000,omission,VerifyAppeal,serverFault(omission),serverFault(omission),true,true,digest_log,0.054492,calibrated_estimate,"O(n), omission independent of l",O(n)
malicious_server_detection,malicious_server_detection-n50_d62000-n50-d62000-r1,50,62000,equivocation_root,CompareSignedRoots,equivocation(root),equivocation(root),true,true,digest_log,0.054492,calibrated_estimate,O(n),O(n)
malicious_server_detection,malicious_server_detection-n50_d62000-n50-d62000-r1,50,62000,equivocation_admitted_set,CompareAggregateCertificates,equivocation(admittedSet),equivocation(admittedSet),true,true,certificate,0.054492,calibrated_estimate,O(n),O(n)
malicious_server_detection,malicious_server_detection-n50_d62000-n50-d62000-r1,50,62000,unsupported_recovery,VerifyMaskOpen,reject(reason),reject(reason),true,true,opening_domain,21.796875,analytical,O((a+boundary)*l),O((a+boundary)*l)
malicious_server_detection,malicious_server_detection-n50_d62000-n50-d62000-r1,50,62000,missing_opening,VerifyMaskOpen,reject(domain),reject(domain),true,true,opening_domain,21.796875,analytical,O((a+boundary)*l),O((a+boundary)*l)
malicious_server_detection,malicious_server_detection-n50_d62000-n50-d62000-r1,50,62000,extra_opening,VerifyMaskOpen,reject(domain),reject(domain),true,true,opening_domain,21.796875,analytical,O((a+boundary)*l),O((a+boundary)*l)
malicious_server_detection,malicious_server_detection-n50_d62000-n50-d62000-r1,50,62000,wrong_opening,VerifyMaskOpen,reject(pairOpening),reject(pairOpening),true,true,opening_relation,647840.664062,analytical,O((a+boundary)*l),O((a+boundary)*l)
malicious_server_detection,malicious_server_detection-n50_d62000-n50-d62000-r1,50,62000,wrong_tag_mask,VerifyMaskTag,reject(maskTag),reject(maskTag),true,true,tag_certificate,64609.873047,calibrated_estimate,O(a)+T_tag(l),O(a)+O(l) if S_A published
malicious_server_detection,malicious_server_detection-n50_d62000-n50-d62000-r1,50,62000,wrong_aggregate,VerifyAggregate,reject(aggregateSum),reject(aggregateSum),true,true,aggregate_certificate,61.757812,calibrated_estimate,O(a*l),O(l)
malicious_server_detection,malicious_server_detection-n50_d62000-n50-d62000-r1,50,62000,equivocation_aggregate,CompareAggregateCertificates,equivocation(aggregate),equivocation(aggregate),true,true,aggregate_certificate,0.054492,calibrated_estimate,O(n),O(n)
malicious_server_detection,malicious_server_detection-n50_d62000-n50-d62000-r2,50,62000,false_accept,VerifyAcceptedDecision,reject(validation),reject(validation),true,true,record,1.540918,calibrated_estimate,O(n),O(n)
malicious_server_detection,malicious_server_detection-n50_d62000-n50-d62000-r2,50,62000,false_reject,VerifyAppeal,serverFault(falseReject),serverFault(falseReject),true,true,appeal,1.542432,calibrated_estimate,"O(n), omission independent of l",O(n)
malicious_server_detection,malicious_server_detection-n50_d62000-n50-d62000-r2,50,62000,omission,VerifyAppeal,serverFault(omission),serverFault(omission),true,true,digest_log,0.054492,calibrated_estimate,"O(n), omission independent of l",O(n)
malicious_server_detection,malicious_server_detection-n50_d62000-n50-d62000-r2,50,62000,equivocation_root,CompareSignedRoots,equivocation(root),equivocation(root),true,true,digest_log,0.052979,calibrated_estimate,O(n),O(n)
malicious_server_detection,malicious_server_detection-n50_d62000-n50-d62000-r2,50,62000,equivocation_admitted_set,CompareAggregateCertificates,equivocation(admittedSet),equivocation(admittedSet),true,true,certificate,0.054492,calibrated_estimate,O(n),O(n)
malicious_server_detection,malicious_server_detection-n50_d62000-n50-d62000-r2,50,62000,unsupported_recovery,VerifyMaskOpen,reject(reason),reject(reason),true,true,opening_domain,21.796875,analytical,O((a+boundary)*l),O((a+boundary)*l)
malicious_server_detection,malicious_server_detection-n50_d62000-n50-d62000-r2,50,62000,missing_opening,VerifyMaskOpen,reject(domain),reject(domain),true,true,opening_domain,21.796875,analytical,O((a+boundary)*l),O((a+boundary)*l)
malicious_server_detection,malicious_server_detection-n50_d62000-n50-d62000-r2,50,62000,extra_opening,VerifyMaskOpen,reject(domain),reject(domain),true,true,opening_domain,21.796875,analytical,O((a+boundary)*l),O((a+boundary)*l)
malicious_server_detection,malicious_server_detection-n50_d62000-n50-d62000-r2,50,62000,wrong_opening,VerifyMaskOpen,reject(pairOpening),reject(pairOpening),true,true,opening_relation,645505.371094,analytical,O((a+boundary)*l),O((a+boundary)*l)
malicious_server_detection,malicious_server_detection-n50_d62000-n50-d62000-r2,50,62000,wrong_tag_mask,VerifyMaskTag,reject(maskTag),reject(maskTag),true,true,tag_certificate,64625.251953,calibrated_estimate,O(a)+T_tag(l),O(a)+O(l) if S_A published
malicious_server_detection,malicious_server_detection-n50_d62000-n50-d62000-r2,50,62000,wrong_aggregate,VerifyAggregate,reject(aggregateSum),reject(aggregateSum),true,true,aggregate_certificate,61.757812,calibrated_estimate,O(a*l),O(l)
malicious_server_detection,malicious_server_detection-n50_d62000-n50-d62000-r2,50,62000,equivocation_aggregate,CompareAggregateCertificates,equivocation(aggregate),equivocation(aggregate),true,true,aggregate_certificate,0.054492,calibrated_estimate,O(n),O(n)
malicious_server_detection,malicious_server_detection-n50_d62000-n50-d62000-r3,50,62000,false_accept,VerifyAcceptedDecision,reject(validation),reject(validation),true,true,record,1.542432,calibrated_estimate,O(n),O(n)
malicious_server_detection,malicious_server_detection-n50_d62000-n50-d62000-r3,50,62000,false_reject,VerifyAppeal,serverFault(falseReject),serverFault(falseReject),true,true,appeal,1.542432,calibrated_estimate,"O(n), omission independent of l",O(n)
malicious_server_detection,malicious_server_detection-n50_d62000-n50-d62000-r3,50,62000,omission,VerifyAppeal,serverFault(omission),serverFault(omission),true,true,digest_log,0.054492,calibrated_estimate,"O(n), omission independent of l",O(n)
malicious_server_detection,malicious_server_detection-n50_d62000-n50-d62000-r3,50,62000,equivocation_root,CompareSignedRoots,equivocation(root),equivocation(root),true,true,digest_log,0.054492,calibrated_estimate,O(n),O(n)
malicious_server_detection,malicious_server_detection-n50_d62000-n50-d62000-r3,50,62000,equivocation_admitted_set,CompareAggregateCertificates,equivocation(admittedSet),equivocation(admittedSet),true,true,certificate,0.054492,calibrated_estimate,O(n),O(n)
malicious_server_detection,malicious_server_detection-n50_d62000-n50-d62000-r3,50,62000,unsupported_recovery,VerifyMaskOpen,reject(reason),reject(reason),true,true,opening_domain,21.796875,analytical,O((a+boundary)*l),O((a+boundary)*l)
malicious_server_detection,malicious_server_detection-n50_d62000-n50-d62000-r3,50,62000,missing_opening,VerifyMaskOpen,reject(domain),reject(domain),true,true,opening_domain,21.796875,analytical,O((a+boundary)*l),O((a+boundary)*l)
malicious_server_detection,malicious_server_detection-n50_d62000-n50-d62000-r3,50,62000,extra_opening,VerifyMaskOpen,reject(domain),reject(domain),true,true,opening_domain,21.796875,analytical,O((a+boundary)*l),O((a+boundary)*l)
malicious_server_detection,malicious_server_detection-n50_d62000-n50-d62000-r3,50,62000,wrong_opening,VerifyMaskOpen,reject(pairOpening),reject(pairOpening),true,true,opening_relation,648242.089844,analytical,O((a+boundary)*l),O((a+boundary)*l)
malicious_server_detection,malicious_server_detection-n50_d62000-n50-d62000-r3,50,62000,wrong_tag_mask,VerifyMaskTag,reject(maskTag),reject(maskTag),true,true,tag_certificate,64727.576172,calibrated_estimate,O(a)+T_tag(l),O(a)+O(l) if S_A published
malicious_server_detection,malicious_server_detection-n50_d62000-n50-d62000-r3,50,62000,wrong_aggregate,VerifyAggregate,reject(aggregateSum),reject(aggregateSum),true,true,aggregate_certificate,61.939453,calibrated_estimate,O(a*l),O(l)
malicious_server_detection,malicious_server_detection-n50_d62000-n50-d62000-r3,50,62000,equivocation_aggregate,CompareAggregateCertificates,equivocation(aggregate),equivocation(aggregate),true,true,aggregate_certificate,0.054492,calibrated_estimate,O(n),O(n)
malicious_server_detection,malicious_server_detection-n50_d62000-n50-d62000-r4,50,62000,false_accept,VerifyAcceptedDecision,reject(validation),reject(validation),true,true,record,1.542432,calibrated_estimate,O(n),O(n)
malicious_server_detection,malicious_server_detection-n50_d62000-n50-d62000-r4,50,62000,false_reject,VerifyAppeal,serverFault(falseReject),serverFault(falseReject),true,true,appeal,1.542432,calibrated_estimate,"O(n), omission independent of l",O(n)
malicious_server_detection,malicious_server_detection-n50_d62000-n50-d62000-r4,50,62000,omission,VerifyAppeal,serverFault(omission),serverFault(omission),true,true,digest_log,0.054492,calibrated_estimate,"O(n), omission independent of l",O(n)
malicious_server_detection,malicious_server_detection-n50_d62000-n50-d62000-r4,50,62000,equivocation_root,CompareSignedRoots,equivocation(root),equivocation(root),true,true,digest_log,0.052979,calibrated_estimate,O(n),O(n)
malicious_server_detection,malicious_server_detection-n50_d62000-n50-d62000-r4,50,62000,equivocation_admitted_set,CompareAggregateCertificates,equivocation(admittedSet),equivocation(admittedSet),true,true,certificate,0.054492,calibrated_estimate,O(n),O(n)
malicious_server_detection,malicious_server_detection-n50_d62000-n50-d62000-r4,50,62000,unsupported_recovery,VerifyMaskOpen,reject(reason),reject(reason),true,true,opening_domain,21.796875,analytical,O((a+boundary)*l),O((a+boundary)*l)
malicious_server_detection,malicious_server_detection-n50_d62000-n50-d62000-r4,50,62000,missing_opening,VerifyMaskOpen,reject(domain),reject(domain),true,true,opening_domain,21.796875,analytical,O((a+boundary)*l),O((a+boundary)*l)
malicious_server_detection,malicious_server_detection-n50_d62000-n50-d62000-r4,50,62000,extra_opening,VerifyMaskOpen,reject(domain),reject(domain),true,true,opening_domain,21.796875,analytical,O((a+boundary)*l),O((a+boundary)*l)
malicious_server_detection,malicious_server_detection-n50_d62000-n50-d62000-r4,50,62000,wrong_opening,VerifyMaskOpen,reject(pairOpening),reject(pairOpening),true,true,opening_relation,647867.304688,analytical,O((a+boundary)*l),O((a+boundary)*l)
malicious_server_detection,malicious_server_detection-n50_d62000-n50-d62000-r4,50,62000,wrong_tag_mask,VerifyMaskTag,reject(maskTag),reject(maskTag),true,true,tag_certificate,64633.789062,calibrated_estimate,O(a)+T_tag(l),O(a)+O(l) if S_A published
malicious_server_detection,malicious_server_detection-n50_d62000-n50-d62000-r4,50,62000,wrong_aggregate,VerifyAggregate,reject(aggregateSum),reject(aggregateSum),true,true,aggregate_certificate,61.878906,calibrated_estimate,O(a*l),O(l)
malicious_server_detection,malicious_server_detection-n50_d62000-n50-d62000-r4,50,62000,equivocation_aggregate,CompareAggregateCertificates,equivocation(aggregate),equivocation(aggregate),true,true,aggregate_certificate,0.054492,calibrated_estimate,O(n),O(n)
malicious_server_detection,malicious_server_detection-n50_d273000-n50-d273000-r0,50,273000,false_accept,VerifyAcceptedDecision,reject(validation),reject(validation),true,true,record,6.785010,calibrated_estimate,O(n),O(n)
malicious_server_detection,malicious_server_detection-n50_d273000-n50-d273000-r0,50,273000,false_reject,VerifyAppeal,serverFault(falseReject),serverFault(falseReject),true,true,appeal,6.785010,calibrated_estimate,"O(n), omission independent of l",O(n)
malicious_server_detection,malicious_server_detection-n50_d273000-n50-d273000-r0,50,273000,omission,VerifyAppeal,serverFault(omission),serverFault(omission),true,true,digest_log,0.239941,calibrated_estimate,"O(n), omission independent of l",O(n)
malicious_server_detection,malicious_server_detection-n50_d273000-n50-d273000-r0,50,273000,equivocation_root,CompareSignedRoots,equivocation(root),equivocation(root),true,true,digest_log,0.239941,calibrated_estimate,O(n),O(n)
malicious_server_detection,malicious_server_detection-n50_d273000-n50-d273000-r0,50,273000,equivocation_admitted_set,CompareAggregateCertificates,equivocation(admittedSet),equivocation(admittedSet),true,true,certificate,0.239941,calibrated_estimate,O(n),O(n)
malicious_server_detection,malicious_server_detection-n50_d273000-n50-d273000-r0,50,273000,unsupported_recovery,VerifyMaskOpen,reject(reason),reject(reason),true,true,opening_domain,95.976562,analytical,O((a+boundary)*l),O((a+boundary)*l)
malicious_server_detection,malicious_server_detection-n50_d273000-n50-d273000-r0,50,273000,missing_opening,VerifyMaskOpen,reject(domain),reject(domain),true,true,opening_domain,93.310547,analytical,O((a+boundary)*l),O((a+boundary)*l)
malicious_server_detection,malicious_server_detection-n50_d273000-n50-d273000-r0,50,273000,extra_opening,VerifyMaskOpen,reject(domain),reject(domain),true,true,opening_domain,95.976562,analytical,O((a+boundary)*l),O((a+boundary)*l)
malicious_server_detection,malicious_server_detection-n50_d273000-n50-d273000-r0,50,273000,wrong_opening,VerifyMaskOpen,reject(pairOpening),reject(pairOpening),true,true,opening_relation,2849792.080078,analytical,O((a+boundary)*l),O((a+boundary)*l)
malicious_server_detection,malicious_server_detection-n50_d273000-n50-d273000-r0,50,273000,wrong_tag_mask,VerifyMaskTag,reject(maskTag),reject(maskTag),true,true,tag_certificate,285511.611328,calibrated_estimate,O(a)+T_tag(l),O(a)+O(l) if S_A published
malicious_server_detection,malicious_server_detection-n50_d273000-n50-d273000-r0,50,273000,wrong_aggregate,VerifyAggregate,reject(aggregateSum),reject(aggregateSum),true,true,aggregate_certificate,272.200195,calibrated_estimate,O(a*l),O(l)
malicious_server_detection,malicious_server_detection-n50_d273000-n50-d273000-r0,50,273000,equivocation_aggregate,CompareAggregateCertificates,equivocation(aggregate),equivocation(aggregate),true,true,aggregate_certificate,0.239941,calibrated_estimate,O(n),O(n)
malicious_server_detection,malicious_server_detection-n50_d273000-n50-d273000-r1,50,273000,false_accept,VerifyAcceptedDecision,reject(validation),reject(validation),true,true,record,6.785010,calibrated_estimate,O(n),O(n)
malicious_server_detection,malicious_server_detection-n50_d273000-n50-d273000-r1,50,273000,false_reject,VerifyAppeal,serverFault(falseReject),serverFault(falseReject),true,true,appeal,6.791675,calibrated_estimate,"O(n), omission independent of l",O(n)
malicious_server_detection,malicious_server_detection-n50_d273000-n50-d273000-r1,50,273000,omission,VerifyAppeal,serverFault(omission),serverFault(omission),true,true,digest_log,0.239941,calibrated_estimate,"O(n), omission independent of l",O(n)
malicious_server_detection,malicious_server_detection-n50_d273000-n50-d273000-r1,50,273000,equivocation_root,CompareSignedRoots,equivocation(root),equivocation(root),true,true,digest_log,0.239941,calibrated_estimate,O(n),O(n)
malicious_server_detection,malicious_server_detection-n50_d273000-n50-d273000-r1,50,273000,equivocation_admitted_set,CompareAggregateCertificates,equivocation(admittedSet),equivocation(admittedSet),true,true,certificate,0.239941,calibrated_estimate,O(n),O(n)
malicious_server_detection,malicious_server_detection-n50_d273000-n50-d273000-r1,50,273000,unsupported_recovery,VerifyMaskOpen,reject(reason),reject(reason),true,true,opening_domain,95.976562,analytical,O((a+boundary)*l),O((a+boundary)*l)
malicious_server_detection,malicious_server_detection-n50_d273000-n50-d273000-r1,50,273000,missing_opening,VerifyMaskOpen,reject(domain),reject(domain),true,true,opening_domain,95.976562,analytical,O((a+boundary)*l),O((a+boundary)*l)
malicious_server_detection,malicious_server_detection-n50_d273000-n50-d273000-r1,50,273000,extra_opening,VerifyMaskOpen,reject(domain),reject(domain),true,true,opening_domain,95.976562,analytical,O((a+boundary)*l),O((a+boundary)*l)
malicious_server_detection,malicious_server_detection-n50_d273000-n50-d273000-r1,50,273000,wrong_opening,VerifyMaskOpen,reject(pairOpening),reject(pairOpening),true,true,opening_relation,2852351.455078,analytical,O((a+boundary)*l),O((a+boundary)*l)
malicious_server_detection,malicious_server_detection-n50_d273000-n50-d273000-r1,50,273000,wrong_tag_mask,VerifyMaskTag,reject(maskTag),reject(maskTag),true,true,tag_certificate,284517.720703,calibrated_estimate,O(a)+T_tag(l),O(a)+O(l) if S_A published
malicious_server_detection,malicious_server_detection-n50_d273000-n50-d273000-r1,50,273000,wrong_aggregate,VerifyAggregate,reject(aggregateSum),reject(aggregateSum),true,true,aggregate_certificate,272.733398,calibrated_estimate,O(a*l),O(l)
malicious_server_detection,malicious_server_detection-n50_d273000-n50-d273000-r1,50,273000,equivocation_aggregate,CompareAggregateCertificates,equivocation(aggregate),equivocation(aggregate),true,true,aggregate_certificate,0.239941,calibrated_estimate,O(n),O(n)
malicious_server_detection,malicious_server_detection-n50_d273000-n50-d273000-r2,50,273000,false_accept,VerifyAcceptedDecision,reject(validation),reject(validation),true,true,record,6.785010,calibrated_estimate,O(n),O(n)
malicious_server_detection,malicious_server_detection-n50_d273000-n50-d273000-r2,50,273000,false_reject,VerifyAppeal,serverFault(falseReject),serverFault(falseReject),true,true,appeal,6.791675,calibrated_estimate,"O(n), omission independent of l",O(n)
malicious_server_detection,malicious_server_detection-n50_d273000-n50-d273000-r2,50,273000,omission,VerifyAppeal,serverFault(omission),serverFault(omission),true,true,digest_log,0.239941,calibrated_estimate,"O(n), omission independent of l",O(n)
malicious_server_detection,malicious_server_detection-n50_d273000-n50-d273000-r2,50,273000,equivocation_root,CompareSignedRoots,equivocation(root),equivocation(root),true,true,digest_log,0.239941,calibrated_estimate,O(n),O(n)
malicious_server_detection,malicious_server_detection-n50_d273000-n50-d273000-r2,50,273000,equivocation_admitted_set,CompareAggregateCertificates,equivocation(admittedSet),equivocation(admittedSet),true,true,certificate,0.239941,calibrated_estimate,O(n),O(n)
malicious_server_detection,malicious_server_detection-n50_d273000-n50-d273000-r2,50,273000,unsupported_recovery,VerifyMaskOpen,reject(reason),reject(reason),true,true,opening_domain,95.976562,analytical,O((a+boundary)*l),O((a+boundary)*l)
malicious_server_detection,malicious_server_detection-n50_d273000-n50-d273000-r2,50,273000,missing_opening,VerifyMaskOpen,reject(domain),reject(domain),true,true,opening_domain,95.976562,analytical,O((a+boundary)*l),O((a+boundary)*l)
malicious_server_detection,malicious_server_detection-n50_d273000-n50-d273000-r2,50,273000,extra_opening,VerifyMaskOpen,reject(domain),reject(domain),true,true,opening_domain,95.976562,analytical,O((a+boundary)*l),O((a+boundary)*l)
malicious_server_detection,malicious_server_detection-n50_d273000-n50-d273000-r2,50,273000,wrong_opening,VerifyMaskOpen,reject(pairOpening),reject(pairOpening),true,true,opening_relation,2836925.888672,analytical,O((a+boundary)*l),O((a+boundary)*l)
malicious_server_detection,malicious_server_detection-n50_d273000-n50-d273000-r2,50,273000,wrong_tag_mask,VerifyMaskTag,reject(maskTag),reject(maskTag),true,true,tag_certificate,284429.742188,calibrated_estimate,O(a)+T_tag(l),O(a)+O(l) if S_A published
malicious_server_detection,malicious_server_detection-n50_d273000-n50-d273000-r2,50,273000,wrong_aggregate,VerifyAggregate,reject(aggregateSum),reject(aggregateSum),true,true,aggregate_certificate,272.200195,calibrated_estimate,O(a*l),O(l)
malicious_server_detection,malicious_server_detection-n50_d273000-n50-d273000-r2,50,273000,equivocation_aggregate,CompareAggregateCertificates,equivocation(aggregate),equivocation(aggregate),true,true,aggregate_certificate,0.239941,calibrated_estimate,O(n),O(n)
malicious_server_detection,malicious_server_detection-n50_d273000-n50-d273000-r3,50,273000,false_accept,VerifyAcceptedDecision,reject(validation),reject(validation),true,true,record,6.791675,calibrated_estimate,O(n),O(n)
malicious_server_detection,malicious_server_detection-n50_d273000-n50-d273000-r3,50,273000,false_reject,VerifyAppeal,serverFault(falseReject),serverFault(falseReject),true,true,appeal,6.911646,calibrated_estimate,"O(n), omission independent of l",O(n)
malicious_server_detection,malicious_server_detection-n50_d273000-n50-d273000-r3,50,273000,omission,VerifyAppeal,serverFault(omission),serverFault(omission),true,true,digest_log,0.239941,calibrated_estimate,"O(n), omission independent of l",O(n)
malicious_server_detection,malicious_server_detection-n50_d273000-n50-d273000-r3,50,273000,equivocation_root,CompareSignedRoots,equivocation(root),equivocation(root),true,true,digest_log,0.239941,calibrated_estimate,O(n),O(n)
malicious_server_detection,malicious_server_detection-n50_d273000-n50-d273000-r3,50,273000,equivocation_admitted_set,CompareAggregateCertificates,equivocation(admittedSet),equivocation(admittedSet),true,true,certificate,0.239941,calibrated_estimate,O(n),O(n)
malicious_server_detection,malicious_server_detection-n50_d273000-n50-d273000-r3,50,273000,unsupported_recovery,VerifyMaskOpen,reject(reason),reject(reason),true,true,opening_domain,95.976562,analytical,O((a+boundary)*l),O((a+boundary)*l)
malicious_server_detection,malicious_server_detection-n50_d273000-n50-d273000-r3,50,273000,missing_opening,VerifyMaskOpen,reject(domain),reject(domain),true,true,opening_domain,93.310547,analytical,O((a+boundary)*l),O((a+boundary)*l)
malicious_server_detection,malicious_server_detection-n50_d273000-n50-d273000-r3,50,273000,extra_opening,VerifyMaskOpen,reject(domain),reject(domain),true,true,opening_domain,95.976562,analytical,O((a+boundary)*l),O((a+boundary)*l)
malicious_server_detection,malicious_server_detection-n50_d273000-n50-d273000-r3,50,273000,wrong_opening,VerifyMaskOpen,reject(pairOpening),reject(pairOpening),true,true,opening_relation,2854996.142578,analytical,O((a+boundary)*l),O((a+boundary)*l)
malicious_server_detection,malicious_server_detection-n50_d273000-n50-d273000-r3,50,273000,wrong_tag_mask,VerifyMaskTag,reject(maskTag),reject(maskTag),true,true,tag_certificate,285235.145508,calibrated_estimate,O(a)+T_tag(l),O(a)+O(l) if S_A published
malicious_server_detection,malicious_server_detection-n50_d273000-n50-d273000-r3,50,273000,wrong_aggregate,VerifyAggregate,reject(aggregateSum),reject(aggregateSum),true,true,aggregate_certificate,272.200195,calibrated_estimate,O(a*l),O(l)
malicious_server_detection,malicious_server_detection-n50_d273000-n50-d273000-r3,50,273000,equivocation_aggregate,CompareAggregateCertificates,equivocation(aggregate),equivocation(aggregate),true,true,aggregate_certificate,0.239941,calibrated_estimate,O(n),O(n)
malicious_server_detection,malicious_server_detection-n50_d273000-n50-d273000-r4,50,273000,false_accept,VerifyAcceptedDecision,reject(validation),reject(validation),true,true,record,6.791675,calibrated_estimate,O(n),O(n)
malicious_server_detection,malicious_server_detection-n50_d273000-n50-d273000-r4,50,273000,false_reject,VerifyAppeal,serverFault(falseReject),serverFault(falseReject),true,true,appeal,6.791675,calibrated_estimate,"O(n), omission independent of l",O(n)
malicious_server_detection,malicious_server_detection-n50_d273000-n50-d273000-r4,50,273000,omission,VerifyAppeal,serverFault(omission),serverFault(omission),true,true,digest_log,0.233276,calibrated_estimate,"O(n), omission independent of l",O(n)
malicious_server_detection,malicious_server_detection-n50_d273000-n50-d273000-r4,50,273000,equivocation_root,CompareSignedRoots,equivocation(root),equivocation(root),true,true,digest_log,0.239941,calibrated_estimate,O(n),O(n)
malicious_server_detection,malicious_server_detection-n50_d273000-n50-d273000-r4,50,273000,equivocation_admitted_set,CompareAggregateCertificates,equivocation(admittedSet),equivocation(admittedSet),true,true,certificate,0.239941,calibrated_estimate,O(n),O(n)
malicious_server_detection,malicious_server_detection-n50_d273000-n50-d273000-r4,50,273000,unsupported_recovery,VerifyMaskOpen,reject(reason),reject(reason),true,true,opening_domain,95.976562,analytical,O((a+boundary)*l),O((a+boundary)*l)
malicious_server_detection,malicious_server_detection-n50_d273000-n50-d273000-r4,50,273000,missing_opening,VerifyMaskOpen,reject(domain),reject(domain),true,true,opening_domain,95.976562,analytical,O((a+boundary)*l),O((a+boundary)*l)
malicious_server_detection,malicious_server_detection-n50_d273000-n50-d273000-r4,50,273000,extra_opening,VerifyMaskOpen,reject(domain),reject(domain),true,true,opening_domain,95.976562,analytical,O((a+boundary)*l),O((a+boundary)*l)
malicious_server_detection,malicious_server_detection-n50_d273000-n50-d273000-r4,50,273000,wrong_opening,VerifyMaskOpen,reject(pairOpening),reject(pairOpening),true,true,opening_relation,2862540.966797,analytical,O((a+boundary)*l),O((a+boundary)*l)
malicious_server_detection,malicious_server_detection-n50_d273000-n50-d273000-r4,50,273000,wrong_tag_mask,VerifyMaskTag,reject(maskTag),reject(maskTag),true,true,tag_certificate,285077.583984,calibrated_estimate,O(a)+T_tag(l),O(a)+O(l) if S_A published
malicious_server_detection,malicious_server_detection-n50_d273000-n50-d273000-r4,50,273000,wrong_aggregate,VerifyAggregate,reject(aggregateSum),reject(aggregateSum),true,true,aggregate_certificate,272.466797,calibrated_estimate,O(a*l),O(l)
malicious_server_detection,malicious_server_detection-n50_d273000-n50-d273000-r4,50,273000,equivocation_aggregate,CompareAggregateCertificates,equivocation(aggregate),equivocation(aggregate),true,true,aggregate_certificate,0.239941,calibrated_estimate,O(n),O(n)
malicious_server_detection,malicious_server_detection-n50_d818000-n50-d818000-r0,50,818000,false_accept,VerifyAcceptedDecision,reject(validation),reject(validation),true,true,record,20.350146,calibrated_estimate,O(n),O(n)
malicious_server_detection,malicious_server_detection-n50_d818000-n50-d818000-r0,50,818000,false_reject,VerifyAppeal,serverFault(falseReject),serverFault(falseReject),true,true,appeal,20.330176,calibrated_estimate,"O(n), omission independent of l",O(n)
malicious_server_detection,malicious_server_detection-n50_d818000-n50-d818000-r0,50,818000,omission,VerifyAppeal,serverFault(omission),serverFault(omission),true,true,digest_log,0.718945,calibrated_estimate,"O(n), omission independent of l",O(n)
malicious_server_detection,malicious_server_detection-n50_d818000-n50-d818000-r0,50,818000,equivocation_root,CompareSignedRoots,equivocation(root),equivocation(root),true,true,digest_log,0.718945,calibrated_estimate,O(n),O(n)
malicious_server_detection,malicious_server_detection-n50_d818000-n50-d818000-r0,50,818000,equivocation_admitted_set,CompareAggregateCertificates,equivocation(admittedSet),equivocation(admittedSet),true,true,certificate,0.718945,calibrated_estimate,O(n),O(n)
malicious_server_detection,malicious_server_detection-n50_d818000-n50-d818000-r0,50,818000,unsupported_recovery,VerifyMaskOpen,reject(reason),reject(reason),true,true,opening_domain,287.578125,analytical,O((a+boundary)*l),O((a+boundary)*l)
malicious_server_detection,malicious_server_detection-n50_d818000-n50-d818000-r0,50,818000,missing_opening,VerifyMaskOpen,reject(domain),reject(domain),true,true,opening_domain,287.578125,analytical,O((a+boundary)*l),O((a+boundary)*l)
malicious_server_detection,malicious_server_detection-n50_d818000-n50-d818000-r0,50,818000,extra_opening,VerifyMaskOpen,reject(domain),reject(domain),true,true,opening_domain,287.578125,analytical,O((a+boundary)*l),O((a+boundary)*l)
malicious_server_detection,malicious_server_detection-n50_d818000-n50-d818000-r0,50,818000,wrong_opening,VerifyMaskOpen,reject(pairOpening),reject(pairOpening),true,true,opening_relation,8547436.972656,analytical,O((a+boundary)*l),O((a+boundary)*l)
malicious_server_detection,malicious_server_detection-n50_d818000-n50-d818000-r0,50,818000,wrong_tag_mask,VerifyMaskTag,reject(maskTag),reject(maskTag),true,true,tag_certificate,854385.023438,calibrated_estimate,O(a)+T_tag(l),O(a)+O(l) if S_A published
malicious_server_detection,malicious_server_detection-n50_d818000-n50-d818000-r0,50,818000,wrong_aggregate,VerifyAggregate,reject(aggregateSum),reject(aggregateSum),true,true,aggregate_certificate,814.804688,calibrated_estimate,O(a*l),O(l)
malicious_server_detection,malicious_server_detection-n50_d818000-n50-d818000-r0,50,818000,equivocation_aggregate,CompareAggregateCertificates,equivocation(aggregate),equivocation(aggregate),true,true,aggregate_certificate,0.718945,calibrated_estimate,O(n),O(n)
malicious_server_detection,malicious_server_detection-n50_d818000-n50-d818000-r1,50,818000,false_accept,VerifyAcceptedDecision,reject(validation),reject(validation),true,true,record,20.350146,calibrated_estimate,O(n),O(n)
malicious_server_detection,malicious_server_detection-n50_d818000-n50-d818000-r1,50,818000,false_reject,VerifyAppeal,serverFault(falseReject),serverFault(falseReject),true,true,appeal,20.350146,calibrated_estimate,"O(n), omission independent of l",O(n)
malicious_server_detection,malicious_server_detection-n50_d818000-n50-d818000-r1,50,818000,omission,VerifyAppeal,serverFault(omission),serverFault(omission),true,true,digest_log,0.698975,calibrated_estimate,"O(n), omission independent of l",O(n)
malicious_server_detection,malicious_server_detection-n50_d818000-n50-d818000-r1,50,818000,equivocation_root,CompareSignedRoots,equivocation(root),equivocation(root),true,true,digest_log,0.718945,calibrated_estimate,O(n),O(n)
malicious_server_detection,malicious_server_detection-n50_d818000-n50-d818000-r1,50,818000,equivocation_admitted_set,CompareAggregateCertificates,equivocation(admittedSet),equivocation(admittedSet),true,true,certificate,0.718945,calibrated_estimate,O(n),O(n)
malicious_server_detection,malicious_server_detection-n50_d818000-n50-d818000-r1,50,818000,unsupported_recovery,VerifyMaskOpen,reject(reason),reject(reason),true,true,opening_domain,287.578125,analytical,O((a+boundary)*l),O((a+boundary)*l)
malicious_server_detection,malicious_server_detection-n50_d818000-n50-d818000-r1,50,818000,missing_opening,VerifyMaskOpen,reject(domain),reject(domain),true,true,opening_domain,287.578125,analytical,O((a+boundary)*l),O((a+boundary)*l)
malicious_server_detection,malicious_server_detection-n50_d818000-n50-d818000-r1,50,818000,extra_opening,VerifyMaskOpen,reject(domain),reject(domain),true,true,opening_domain,287.578125,analytical,O((a+boundary)*l),O((a+boundary)*l)
malicious_server_detection,malicious_server_detection-n50_d818000-n50-d818000-r1,50,818000,wrong_opening,VerifyMaskOpen,reject(pairOpening),reject(pairOpening),true,true,opening_relation,8547748.515625,analytical,O((a+boundary)*l),O((a+boundary)*l)
malicious_server_detection,malicious_server_detection-n50_d818000-n50-d818000-r1,50,818000,wrong_tag_mask,VerifyMaskTag,reject(maskTag),reject(maskTag),true,true,tag_certificate,850556.240234,calibrated_estimate,O(a)+T_tag(l),O(a)+O(l) if S_A published
malicious_server_detection,malicious_server_detection-n50_d818000-n50-d818000-r1,50,818000,wrong_aggregate,VerifyAggregate,reject(aggregateSum),reject(aggregateSum),true,true,aggregate_certificate,815.603516,calibrated_estimate,O(a*l),O(l)
malicious_server_detection,malicious_server_detection-n50_d818000-n50-d818000-r1,50,818000,equivocation_aggregate,CompareAggregateCertificates,equivocation(aggregate),equivocation(aggregate),true,true,aggregate_certificate,0.718945,calibrated_estimate,O(n),O(n)
malicious_server_detection,malicious_server_detection-n50_d818000-n50-d818000-r2,50,818000,false_accept,VerifyAcceptedDecision,reject(validation),reject(validation),true,true,record,22.187451,calibrated_estimate,O(n),O(n)
malicious_server_detection,malicious_server_detection-n50_d818000-n50-d818000-r2,50,818000,false_reject,VerifyAppeal,serverFault(falseReject),serverFault(falseReject),true,true,appeal,20.330176,calibrated_estimate,"O(n), omission independent of l",O(n)
malicious_server_detection,malicious_server_detection-n50_d818000-n50-d818000-r2,50,818000,omission,VerifyAppeal,serverFault(omission),serverFault(omission),true,true,digest_log,0.718945,calibrated_estimate,"O(n), omission independent of l",O(n)
malicious_server_detection,malicious_server_detection-n50_d818000-n50-d818000-r2,50,818000,equivocation_root,CompareSignedRoots,equivocation(root),equivocation(root),true,true,digest_log,0.718945,calibrated_estimate,O(n),O(n)
malicious_server_detection,malicious_server_detection-n50_d818000-n50-d818000-r2,50,818000,equivocation_admitted_set,CompareAggregateCertificates,equivocation(admittedSet),equivocation(admittedSet),true,true,certificate,0.718945,calibrated_estimate,O(n),O(n)
malicious_server_detection,malicious_server_detection-n50_d818000-n50-d818000-r2,50,818000,unsupported_recovery,VerifyMaskOpen,reject(reason),reject(reason),true,true,opening_domain,287.578125,analytical,O((a+boundary)*l),O((a+boundary)*l)
malicious_server_detection,malicious_server_detection-n50_d818000-n50-d818000-r2,50,818000,missing_opening,VerifyMaskOpen,reject(domain),reject(domain),true,true,opening_domain,287.578125,analytical,O((a+boundary)*l),O((a+boundary)*l)
malicious_server_detection,malicious_server_detection-n50_d818000-n50-d818000-r2,50,818000,extra_opening,VerifyMaskOpen,reject(domain),reject(domain),true,true,opening_domain,287.578125,analytical,O((a+boundary)*l),O((a+boundary)*l)
malicious_server_detection,malicious_server_detection-n50_d818000-n50-d818000-r2,50,818000,wrong_opening,VerifyMaskOpen,reject(pairOpening),reject(pairOpening),true,true,opening_relation,8542084.824219,analytical,O((a+boundary)*l),O((a+boundary)*l)
malicious_server_detection,malicious_server_detection-n50_d818000-n50-d818000-r2,50,818000,wrong_tag_mask,VerifyMaskTag,reject(maskTag),reject(maskTag),true,true,tag_certificate,854990.535156,calibrated_estimate,O(a)+T_tag(l),O(a)+O(l) if S_A published
malicious_server_detection,malicious_server_detection-n50_d818000-n50-d818000-r2,50,818000,wrong_aggregate,VerifyAggregate,reject(aggregateSum),reject(aggregateSum),true,true,aggregate_certificate,814.804688,calibrated_estimate,O(a*l),O(l)
malicious_server_detection,malicious_server_detection-n50_d818000-n50-d818000-r2,50,818000,equivocation_aggregate,CompareAggregateCertificates,equivocation(aggregate),equivocation(aggregate),true,true,aggregate_certificate,0.718945,calibrated_estimate,O(n),O(n)
malicious_server_detection,malicious_server_detection-n50_d818000-n50-d818000-r3,50,818000,false_accept,VerifyAcceptedDecision,reject(validation),reject(validation),true,true,record,20.350146,calibrated_estimate,O(n),O(n)
malicious_server_detection,malicious_server_detection-n50_d818000-n50-d818000-r3,50,818000,false_reject,VerifyAppeal,serverFault(falseReject),serverFault(falseReject),true,true,appeal,20.350146,calibrated_estimate,"O(n), omission independent of l",O(n)
malicious_server_detection,malicious_server_detection-n50_d818000-n50-d818000-r3,50,818000,omission,VerifyAppeal,serverFault(omission),serverFault(omission),true,true,digest_log,0.718945,calibrated_estimate,"O(n), omission independent of l",O(n)
malicious_server_detection,malicious_server_detection-n50_d818000-n50-d818000-r3,50,818000,equivocation_root,CompareSignedRoots,equivocation(root),equivocation(root),true,true,digest_log,0.718945,calibrated_estimate,O(n),O(n)
malicious_server_detection,malicious_server_detection-n50_d818000-n50-d818000-r3,50,818000,equivocation_admitted_set,CompareAggregateCertificates,equivocation(admittedSet),equivocation(admittedSet),true,true,certificate,0.718945,calibrated_estimate,O(n),O(n)
malicious_server_detection,malicious_server_detection-n50_d818000-n50-d818000-r3,50,818000,unsupported_recovery,VerifyMaskOpen,reject(reason),reject(reason),true,true,opening_domain,287.578125,analytical,O((a+boundary)*l),O((a+boundary)*l)
malicious_server_detection,malicious_server_detection-n50_d818000-n50-d818000-r3,50,818000,missing_opening,VerifyMaskOpen,reject(domain),reject(domain),true,true,opening_domain,287.578125,analytical,O((a+boundary)*l),O((a+boundary)*l)
malicious_server_detection,malicious_server_detection-n50_d818000-n50-d818000-r3,50,818000,extra_opening,VerifyMaskOpen,reject(domain),reject(domain),true,true,opening_domain,279.589844,analytical,O((a+boundary)*l),O((a+boundary)*l)
malicious_server_detection,malicious_server_detection-n50_d818000-n50-d818000-r3,50,818000,wrong_opening,VerifyMaskOpen,reject(pairOpening),reject(pairOpening),true,true,opening_relation,8559730.937500,analytical,O((a+boundary)*l),O((a+boundary)*l)
malicious_server_detection,malicious_server_detection-n50_d818000-n50-d818000-r3,50,818000,wrong_tag_mask,VerifyMaskTag,reject(maskTag),reject(maskTag),true,true,tag_certificate,855187.046875,calibrated_estimate,O(a)+T_tag(l),O(a)+O(l) if S_A published
malicious_server_detection,malicious_server_detection-n50_d818000-n50-d818000-r3,50,818000,wrong_aggregate,VerifyAggregate,reject(aggregateSum),reject(aggregateSum),true,true,aggregate_certificate,798.029297,calibrated_estimate,O(a*l),O(l)
malicious_server_detection,malicious_server_detection-n50_d818000-n50-d818000-r3,50,818000,equivocation_aggregate,CompareAggregateCertificates,equivocation(aggregate),equivocation(aggregate),true,true,aggregate_certificate,0.698975,calibrated_estimate,O(n),O(n)
malicious_server_detection,malicious_server_detection-n50_d818000-n50-d818000-r4,50,818000,false_accept,VerifyAcceptedDecision,reject(validation),reject(validation),true,true,record,19.890820,calibrated_estimate,O(n),O(n)
malicious_server_detection,malicious_server_detection-n50_d818000-n50-d818000-r4,50,818000,false_reject,VerifyAppeal,serverFault(falseReject),serverFault(falseReject),true,true,appeal,19.910791,calibrated_estimate,"O(n), omission independent of l",O(n)
malicious_server_detection,malicious_server_detection-n50_d818000-n50-d818000-r4,50,818000,omission,VerifyAppeal,serverFault(omission),serverFault(omission),true,true,digest_log,0.718945,calibrated_estimate,"O(n), omission independent of l",O(n)
malicious_server_detection,malicious_server_detection-n50_d818000-n50-d818000-r4,50,818000,equivocation_root,CompareSignedRoots,equivocation(root),equivocation(root),true,true,digest_log,0.698975,calibrated_estimate,O(n),O(n)
malicious_server_detection,malicious_server_detection-n50_d818000-n50-d818000-r4,50,818000,equivocation_admitted_set,CompareAggregateCertificates,equivocation(admittedSet),equivocation(admittedSet),true,true,certificate,0.718945,calibrated_estimate,O(n),O(n)
malicious_server_detection,malicious_server_detection-n50_d818000-n50-d818000-r4,50,818000,unsupported_recovery,VerifyMaskOpen,reject(reason),reject(reason),true,true,opening_domain,279.589844,analytical,O((a+boundary)*l),O((a+boundary)*l)
malicious_server_detection,malicious_server_detection-n50_d818000-n50-d818000-r4,50,818000,missing_opening,VerifyMaskOpen,reject(domain),reject(domain),true,true,opening_domain,279.589844,analytical,O((a+boundary)*l),O((a+boundary)*l)
malicious_server_detection,malicious_server_detection-n50_d818000-n50-d818000-r4,50,818000,extra_opening,VerifyMaskOpen,reject(domain),reject(domain),true,true,opening_domain,279.589844,analytical,O((a+boundary)*l),O((a+boundary)*l)
malicious_server_detection,malicious_server_detection-n50_d818000-n50-d818000-r4,50,818000,wrong_opening,VerifyMaskOpen,reject(pairOpening),reject(pairOpening),true,true,opening_relation,8501863.828125,analytical,O((a+boundary)*l),O((a+boundary)*l)
malicious_server_detection,malicious_server_detection-n50_d818000-n50-d818000-r4,50,818000,wrong_tag_mask,VerifyMaskTag,reject(maskTag),reject(maskTag),true,true,tag_certificate,853054.175781,calibrated_estimate,O(a)+T_tag(l),O(a)+O(l) if S_A published
malicious_server_detection,malicious_server_detection-n50_d818000-n50-d818000-r4,50,818000,wrong_aggregate,VerifyAggregate,reject(aggregateSum),reject(aggregateSum),true,true,aggregate_certificate,817.201172,calibrated_estimate,O(a*l),O(l)
malicious_server_detection,malicious_server_detection-n50_d818000-n50-d818000-r4,50,818000,equivocation_aggregate,CompareAggregateCertificates,equivocation(aggregate),equivocation(aggregate),true,true,aggregate_certificate,0.718945,calibrated_estimate,O(n),O(n)
malicious_server_detection,malicious_server_detection-n100_d19000-n100-d19000-r0,100,19000,false_accept,VerifyAcceptedDecision,reject(validation),reject(validation),true,true,record,0.472681,calibrated_estimate,O(n),O(n)
malicious_server_detection,malicious_server_detection-n100_d19000-n100-d19000-r0,100,19000,false_reject,VerifyAppeal,serverFault(falseReject),serverFault(falseReject),true,true,appeal,0.472681,calibrated_estimate,"O(n), omission independent of l",O(n)
malicious_server_detection,malicious_server_detection-n100_d19000-n100-d19000-r0,100,19000,omission,VerifyAppeal,serverFault(omission),serverFault(omission),true,true,digest_log,0.016699,calibrated_estimate,"O(n), omission independent of l",O(n)
malicious_server_detection,malicious_server_detection-n100_d19000-n100-d19000-r0,100,19000,equivocation_root,CompareSignedRoots,equivocation(root),equivocation(root),true,true,digest_log,0.016699,calibrated_estimate,O(n),O(n)
malicious_server_detection,malicious_server_detection-n100_d19000-n100-d19000-r0,100,19000,equivocation_admitted_set,CompareAggregateCertificates,equivocation(admittedSet),equivocation(admittedSet),true,true,certificate,0.016699,calibrated_estimate,O(n),O(n)
malicious_server_detection,malicious_server_detection-n100_d19000-n100-d19000-r0,100,19000,unsupported_recovery,VerifyMaskOpen,reject(reason),reject(reason),true,true,opening_domain,26.718750,analytical,O((a+boundary)*l),O((a+boundary)*l)
malicious_server_detection,malicious_server_detection-n100_d19000-n100-d19000-r0,100,19000,missing_opening,VerifyMaskOpen,reject(domain),reject(domain),true,true,opening_domain,26.718750,analytical,O((a+boundary)*l),O((a+boundary)*l)
malicious_server_detection,malicious_server_detection-n100_d19000-n100-d19000-r0,100,19000,extra_opening,VerifyMaskOpen,reject(domain),reject(domain),true,true,opening_domain,25.976562,analytical,O((a+boundary)*l),O((a+boundary)*l)
malicious_server_detection,malicious_server_detection-n100_d19000-n100-d19000-r0,100,19000,wrong_opening,VerifyMaskOpen,reject(pairOpening),reject(pairOpening),true,true,opening_relation,792061.757813,analytical,O((a+boundary)*l),O((a+boundary)*l)
malicious_server_detection,malicious_server_detection-n100_d19000-n100-d19000-r0,100,19000,wrong_tag_mask,VerifyMaskTag,reject(maskTag),reject(maskTag),true,true,tag_certificate,39596.000000,calibrated_estimate,O(a)+T_tag(l),O(a)+O(l) if S_A published
malicious_server_detection,malicious_server_detection-n100_d19000-n100-d19000-r0,100,19000,wrong_aggregate,VerifyAggregate,reject(aggregateSum),reject(aggregateSum),true,true,aggregate_certificate,37.888672,calibrated_estimate,O(a*l),O(l)
malicious_server_detection,malicious_server_detection-n100_d19000-n100-d19000-r0,100,19000,equivocation_aggregate,CompareAggregateCertificates,equivocation(aggregate),equivocation(aggregate),true,true,aggregate_certificate,0.016699,calibrated_estimate,O(n),O(n)
malicious_server_detection,malicious_server_detection-n100_d19000-n100-d19000-r1,100,19000,false_accept,VerifyAcceptedDecision,reject(validation),reject(validation),true,true,record,0.472681,calibrated_estimate,O(n),O(n)
malicious_server_detection,malicious_server_detection-n100_d19000-n100-d19000-r1,100,19000,false_reject,VerifyAppeal,serverFault(falseReject),serverFault(falseReject),true,true,appeal,0.472681,calibrated_estimate,"O(n), omission independent of l",O(n)
malicious_server_detection,malicious_server_detection-n100_d19000-n100-d19000-r1,100,19000,omission,VerifyAppeal,serverFault(omission),serverFault(omission),true,true,digest_log,0.016699,calibrated_estimate,"O(n), omission independent of l",O(n)
malicious_server_detection,malicious_server_detection-n100_d19000-n100-d19000-r1,100,19000,equivocation_root,CompareSignedRoots,equivocation(root),equivocation(root),true,true,digest_log,0.016699,calibrated_estimate,O(n),O(n)
malicious_server_detection,malicious_server_detection-n100_d19000-n100-d19000-r1,100,19000,equivocation_admitted_set,CompareAggregateCertificates,equivocation(admittedSet),equivocation(admittedSet),true,true,certificate,0.016235,calibrated_estimate,O(n),O(n)
malicious_server_detection,malicious_server_detection-n100_d19000-n100-d19000-r1,100,19000,unsupported_recovery,VerifyMaskOpen,reject(reason),reject(reason),true,true,opening_domain,26.718750,analytical,O((a+boundary)*l),O((a+boundary)*l)
malicious_server_detection,malicious_server_detection-n100_d19000-n100-d19000-r1,100,19000,missing_opening,VerifyMaskOpen,reject(domain),reject(domain),true,true,opening_domain,26.718750,analytical,O((a+boundary)*l),O((a+boundary)*l)
malicious_server_detection,malicious_server_detection-n100_d19000-n100-d19000-r1,100,19000,extra_opening,VerifyMaskOpen,reject(domain),reject(domain),true,true,opening_domain,26.718750,analytical,O((a+boundary)*l),O((a+boundary)*l)
malicious_server_detection,malicious_server_detection-n100_d19000-n100-d19000-r1,100,19000,wrong_opening,VerifyMaskOpen,reject(pairOpening),reject(pairOpening),true,true,opening_relation,796957.968750,analytical,O((a+boundary)*l),O((a+boundary)*l)
malicious_server_detection,malicious_server_detection-n100_d19000-n100-d19000-r1,100,19000,wrong_tag_mask,VerifyMaskTag,reject(maskTag),reject(maskTag),true,true,tag_certificate,39691.111328,calibrated_estimate,O(a)+T_tag(l),O(a)+O(l) if S_A published
malicious_server_detection,malicious_server_detection-n100_d19000-n100-d19000-r1,100,19000,wrong_aggregate,VerifyAggregate,reject(aggregateSum),reject(aggregateSum),true,true,aggregate_certificate,37.925781,calibrated_estimate,O(a*l),O(l)
malicious_server_detection,malicious_server_detection-n100_d19000-n100-d19000-r1,100,19000,equivocation_aggregate,CompareAggregateCertificates,equivocation(aggregate),equivocation(aggregate),true,true,aggregate_certificate,0.016699,calibrated_estimate,O(n),O(n)
malicious_server_detection,malicious_server_detection-n100_d19000-n100-d19000-r2,100,19000,false_accept,VerifyAcceptedDecision,reject(validation),reject(validation),true,true,record,0.472681,calibrated_estimate,O(n),O(n)
malicious_server_detection,malicious_server_detection-n100_d19000-n100-d19000-r2,100,19000,false_reject,VerifyAppeal,serverFault(falseReject),serverFault(falseReject),true,true,appeal,0.475464,calibrated_estimate,"O(n), omission independent of l",O(n)
malicious_server_detection,malicious_server_detection-n100_d19000-n100-d19000-r2,100,19000,omission,VerifyAppeal,serverFault(omission),serverFault(omission),true,true,digest_log,0.016699,calibrated_estimate,"O(n), omission independent of l",O(n)
malicious_server_detection,malicious_server_detection-n100_d19000-n100-d19000-r2,100,19000,equivocation_root,CompareSignedRoots,equivocation(root),equivocation(root),true,true,digest_log,0.016699,calibrated_estimate,O(n),O(n)
malicious_server_detection,malicious_server_detection-n100_d19000-n100-d19000-r2,100,19000,equivocation_admitted_set,CompareAggregateCertificates,equivocation(admittedSet),equivocation(admittedSet),true,true,certificate,0.016699,calibrated_estimate,O(n),O(n)
malicious_server_detection,malicious_server_detection-n100_d19000-n100-d19000-r2,100,19000,unsupported_recovery,VerifyMaskOpen,reject(reason),reject(reason),true,true,opening_domain,26.718750,analytical,O((a+boundary)*l),O((a+boundary)*l)
malicious_server_detection,malicious_server_detection-n100_d19000-n100-d19000-r2,100,19000,missing_opening,VerifyMaskOpen,reject(domain),reject(domain),true,true,opening_domain,26.718750,analytical,O((a+boundary)*l),O((a+boundary)*l)
malicious_server_detection,malicious_server_detection-n100_d19000-n100-d19000-r2,100,19000,extra_opening,VerifyMaskOpen,reject(domain),reject(domain),true,true,opening_domain,26.718750,analytical,O((a+boundary)*l),O((a+boundary)*l)
malicious_server_detection,malicious_server_detection-n100_d19000-n100-d19000-r2,100,19000,wrong_opening,VerifyMaskOpen,reject(pairOpening),reject(pairOpening),true,true,opening_relation,796846.640625,analytical,O((a+boundary)*l),O((a+boundary)*l)
malicious_server_detection,malicious_server_detection-n100_d19000-n100-d19000-r2,100,19000,wrong_tag_mask,VerifyMaskTag,reject(maskTag),reject(maskTag),true,true,tag_certificate,39688.402344,calibrated_estimate,O(a)+T_tag(l),O(a)+O(l) if S_A published
malicious_server_detection,malicious_server_detection-n100_d19000-n100-d19000-r2,100,19000,wrong_aggregate,VerifyAggregate,reject(aggregateSum),reject(aggregateSum),true,true,aggregate_certificate,37.925781,calibrated_estimate,O(a*l),O(l)
malicious_server_detection,malicious_server_detection-n100_d19000-n100-d19000-r2,100,19000,equivocation_aggregate,CompareAggregateCertificates,equivocation(aggregate),equivocation(aggregate),true,true,aggregate_certificate,0.016699,calibrated_estimate,O(n),O(n)
malicious_server_detection,malicious_server_detection-n100_d19000-n100-d19000-r3,100,19000,false_accept,VerifyAcceptedDecision,reject(validation),reject(validation),true,true,record,0.472681,calibrated_estimate,O(n),O(n)
malicious_server_detection,malicious_server_detection-n100_d19000-n100-d19000-r3,100,19000,false_reject,VerifyAppeal,serverFault(falseReject),serverFault(falseReject),true,true,appeal,0.475928,calibrated_estimate,"O(n), omission independent of l",O(n)
malicious_server_detection,malicious_server_detection-n100_d19000-n100-d19000-r3,100,19000,omission,VerifyAppeal,serverFault(omission),serverFault(omission),true,true,digest_log,0.016699,calibrated_estimate,"O(n), omission independent of l",O(n)
malicious_server_detection,malicious_server_detection-n100_d19000-n100-d19000-r3,100,19000,equivocation_root,CompareSignedRoots,equivocation(root),equivocation(root),true,true,digest_log,0.016699,calibrated_estimate,O(n),O(n)
malicious_server_detection,malicious_server_detection-n100_d19000-n100-d19000-r3,100,19000,equivocation_admitted_set,CompareAggregateCertificates,equivocation(admittedSet),equivocation(admittedSet),true,true,certificate,0.016699,calibrated_estimate,O(n),O(n)
malicious_server_detection,malicious_server_detection-n100_d19000-n100-d19000-r3,100,19000,unsupported_recovery,VerifyMaskOpen,reject(reason),reject(reason),true,true,opening_domain,26.718750,analytical,O((a+boundary)*l),O((a+boundary)*l)
malicious_server_detection,malicious_server_detection-n100_d19000-n100-d19000-r3,100,19000,missing_opening,VerifyMaskOpen,reject(domain),reject(domain),true,true,opening_domain,26.718750,analytical,O((a+boundary)*l),O((a+boundary)*l)
malicious_server_detection,malicious_server_detection-n100_d19000-n100-d19000-r3,100,19000,extra_opening,VerifyMaskOpen,reject(domain),reject(domain),true,true,opening_domain,25.976562,analytical,O((a+boundary)*l),O((a+boundary)*l)
malicious_server_detection,malicious_server_detection-n100_d19000-n100-d19000-r3,100,19000,wrong_opening,VerifyMaskOpen,reject(pairOpening),reject(pairOpening),true,true,opening_relation,794315.781250,analytical,O((a+boundary)*l),O((a+boundary)*l)
malicious_server_detection,malicious_server_detection-n100_d19000-n100-d19000-r3,100,19000,wrong_tag_mask,VerifyMaskTag,reject(maskTag),reject(maskTag),true,true,tag_certificate,39787.373047,calibrated_estimate,O(a)+T_tag(l),O(a)+O(l) if S_A published
malicious_server_detection,malicious_server_detection-n100_d19000-n100-d19000-r3,100,19000,wrong_aggregate,VerifyAggregate,reject(aggregateSum),reject(aggregateSum),true,true,aggregate_certificate,38.000000,calibrated_estimate,O(a*l),O(l)
malicious_server_detection,malicious_server_detection-n100_d19000-n100-d19000-r3,100,19000,equivocation_aggregate,CompareAggregateCertificates,equivocation(aggregate),equivocation(aggregate),true,true,aggregate_certificate,0.016699,calibrated_estimate,O(n),O(n)
malicious_server_detection,malicious_server_detection-n100_d19000-n100-d19000-r4,100,19000,false_accept,VerifyAcceptedDecision,reject(validation),reject(validation),true,true,record,0.473145,calibrated_estimate,O(n),O(n)
malicious_server_detection,malicious_server_detection-n100_d19000-n100-d19000-r4,100,19000,false_reject,VerifyAppeal,serverFault(falseReject),serverFault(falseReject),true,true,appeal,0.473145,calibrated_estimate,"O(n), omission independent of l",O(n)
malicious_server_detection,malicious_server_detection-n100_d19000-n100-d19000-r4,100,19000,omission,VerifyAppeal,serverFault(omission),serverFault(omission),true,true,digest_log,0.016699,calibrated_estimate,"O(n), omission independent of l",O(n)
malicious_server_detection,malicious_server_detection-n100_d19000-n100-d19000-r4,100,19000,equivocation_root,CompareSignedRoots,equivocation(root),equivocation(root),true,true,digest_log,0.016699,calibrated_estimate,O(n),O(n)
malicious_server_detection,malicious_server_detection-n100_d19000-n100-d19000-r4,100,19000,equivocation_admitted_set,CompareAggregateCertificates,equivocation(admittedSet),equivocation(admittedSet),true,true,certificate,0.016699,calibrated_estimate,O(n),O(n)
malicious_server_detection,malicious_server_detection-n100_d19000-n100-d19000-r4,100,19000,unsupported_recovery,VerifyMaskOpen,reject(reason),reject(reason),true,true,opening_domain,26.718750,analytical,O((a+boundary)*l),O((a+boundary)*l)
malicious_server_detection,malicious_server_detection-n100_d19000-n100-d19000-r4,100,19000,missing_opening,VerifyMaskOpen,reject(domain),reject(domain),true,true,opening_domain,26.718750,analytical,O((a+boundary)*l),O((a+boundary)*l)
malicious_server_detection,malicious_server_detection-n100_d19000-n100-d19000-r4,100,19000,extra_opening,VerifyMaskOpen,reject(domain),reject(domain),true,true,opening_domain,26.718750,analytical,O((a+boundary)*l),O((a+boundary)*l)
malicious_server_detection,malicious_server_detection-n100_d19000-n100-d19000-r4,100,19000,wrong_opening,VerifyMaskOpen,reject(pairOpening),reject(pairOpening),true,true,opening_relation,793302.695312,analytical,O((a+boundary)*l),O((a+boundary)*l)
malicious_server_detection,malicious_server_detection-n100_d19000-n100-d19000-r4,100,19000,wrong_tag_mask,VerifyMaskTag,reject(maskTag),reject(maskTag),true,true,tag_certificate,39691.408203,calibrated_estimate,O(a)+T_tag(l),O(a)+O(l) if S_A published
malicious_server_detection,malicious_server_detection-n100_d19000-n100-d19000-r4,100,19000,wrong_aggregate,VerifyAggregate,reject(aggregateSum),reject(aggregateSum),true,true,aggregate_certificate,37.888672,calibrated_estimate,O(a*l),O(l)
malicious_server_detection,malicious_server_detection-n100_d19000-n100-d19000-r4,100,19000,equivocation_aggregate,CompareAggregateCertificates,equivocation(aggregate),equivocation(aggregate),true,true,aggregate_certificate,0.016699,calibrated_estimate,O(n),O(n)
malicious_server_detection,malicious_server_detection-n100_d62000-n100-d62000-r0,100,62000,false_accept,VerifyAcceptedDecision,reject(validation),reject(validation),true,true,record,1.542432,calibrated_estimate,O(n),O(n)
malicious_server_detection,malicious_server_detection-n100_d62000-n100-d62000-r0,100,62000,false_reject,VerifyAppeal,serverFault(falseReject),serverFault(falseReject),true,true,appeal,1.542432,calibrated_estimate,"O(n), omission independent of l",O(n)
malicious_server_detection,malicious_server_detection-n100_d62000-n100-d62000-r0,100,62000,omission,VerifyAppeal,serverFault(omission),serverFault(omission),true,true,digest_log,0.054492,calibrated_estimate,"O(n), omission independent of l",O(n)
malicious_server_detection,malicious_server_detection-n100_d62000-n100-d62000-r0,100,62000,equivocation_root,CompareSignedRoots,equivocation(root),equivocation(root),true,true,digest_log,0.054492,calibrated_estimate,O(n),O(n)
malicious_server_detection,malicious_server_detection-n100_d62000-n100-d62000-r0,100,62000,equivocation_admitted_set,CompareAggregateCertificates,equivocation(admittedSet),equivocation(admittedSet),true,true,certificate,0.054492,calibrated_estimate,O(n),O(n)
malicious_server_detection,malicious_server_detection-n100_d62000-n100-d62000-r0,100,62000,unsupported_recovery,VerifyMaskOpen,reject(reason),reject(reason),true,true,opening_domain,87.187500,analytical,O((a+boundary)*l),O((a+boundary)*l)
malicious_server_detection,malicious_server_detection-n100_d62000-n100-d62000-r0,100,62000,missing_opening,VerifyMaskOpen,reject(domain),reject(domain),true,true,opening_domain,87.187500,analytical,O((a+boundary)*l),O((a+boundary)*l)
malicious_server_detection,malicious_server_detection-n100_d62000-n100-d62000-r0,100,62000,extra_opening,VerifyMaskOpen,reject(domain),reject(domain),true,true,opening_domain,87.187500,analytical,O((a+boundary)*l),O((a+boundary)*l)
malicious_server_detection,malicious_server_detection-n100_d62000-n100-d62000-r0,100,62000,wrong_opening,VerifyMaskOpen,reject(pairOpening),reject(pairOpening),true,true,opening_relation,2589844.140625,analytical,O((a+boundary)*l),O((a+boundary)*l)
malicious_server_detection,malicious_server_detection-n100_d62000-n100-d62000-r0,100,62000,wrong_tag_mask,VerifyMaskTag,reject(maskTag),reject(maskTag),true,true,tag_certificate,129548.031250,calibrated_estimate,O(a)+T_tag(l),O(a)+O(l) if S_A published
malicious_server_detection,malicious_server_detection-n100_d62000-n100-d62000-r0,100,62000,wrong_aggregate,VerifyAggregate,reject(aggregateSum),reject(aggregateSum),true,true,aggregate_certificate,123.515625,calibrated_estimate,O(a*l),O(l)
malicious_server_detection,malicious_server_detection-n100_d62000-n100-d62000-r0,100,62000,equivocation_aggregate,CompareAggregateCertificates,equivocation(aggregate),equivocation(aggregate),true,true,aggregate_certificate,0.054492,calibrated_estimate,O(n),O(n)
malicious_server_detection,malicious_server_detection-n100_d62000-n100-d62000-r1,100,62000,false_accept,VerifyAcceptedDecision,reject(validation),reject(validation),true,true,record,1.542432,calibrated_estimate,O(n),O(n)
malicious_server_detection,malicious_server_detection-n100_d62000-n100-d62000-r1,100,62000,false_reject,VerifyAppeal,serverFault(falseReject),serverFault(falseReject),true,true,appeal,1.540918,calibrated_estimate,"O(n), omission independent of l",O(n)
malicious_server_detection,malicious_server_detection-n100_d62000-n100-d62000-r1,100,62000,omission,VerifyAppeal,serverFault(omission),serverFault(omission),true,true,digest_log,0.054492,calibrated_estimate,"O(n), omission independent of l",O(n)
malicious_server_detection,malicious_server_detection-n100_d62000-n100-d62000-r1,100,62000,equivocation_root,CompareSignedRoots,equivocation(root),equivocation(root),true,true,digest_log,0.054492,calibrated_estimate,O(n),O(n)
malicious_server_detection,malicious_server_detection-n100_d62000-n100-d62000-r1,100,62000,equivocation_admitted_set,CompareAggregateCertificates,equivocation(admittedSet),equivocation(admittedSet),true,true,certificate,0.054492,calibrated_estimate,O(n),O(n)
malicious_server_detection,malicious_server_detection-n100_d62000-n100-d62000-r1,100,62000,unsupported_recovery,VerifyMaskOpen,reject(reason),reject(reason),true,true,opening_domain,87.187500,analytical,O((a+boundary)*l),O((a+boundary)*l)
malicious_server_detection,malicious_server_detection-n100_d62000-n100-d62000-r1,100,62000,missing_opening,VerifyMaskOpen,reject(domain),reject(domain),true,true,opening_domain,87.187500,analytical,O((a+boundary)*l),O((a+boundary)*l)
malicious_server_detection,malicious_server_detection-n100_d62000-n100-d62000-r1,100,62000,extra_opening,VerifyMaskOpen,reject(domain),reject(domain),true,true,opening_domain,87.187500,analytical,O((a+boundary)*l),O((a+boundary)*l)
malicious_server_detection,malicious_server_detection-n100_d62000-n100-d62000-r1,100,62000,wrong_opening,VerifyMaskOpen,reject(pairOpening),reject(pairOpening),true,true,opening_relation,2589781.171875,analytical,O((a+boundary)*l),O((a+boundary)*l)
malicious_server_detection,malicious_server_detection-n100_d62000-n100-d62000-r1,100,62000,wrong_tag_mask,VerifyMaskTag,reject(maskTag),reject(maskTag),true,true,tag_certificate,129733.062500,calibrated_estimate,O(a)+T_tag(l),O(a)+O(l) if S_A published
malicious_server_detection,malicious_server_detection-n100_d62000-n100-d62000-r1,100,62000,wrong_aggregate,VerifyAggregate,reject(aggregateSum),reject(aggregateSum),true,true,aggregate_certificate,123.515625,calibrated_estimate,O(a*l),O(l)
malicious_server_detection,malicious_server_detection-n100_d62000-n100-d62000-r1,100,62000,equivocation_aggregate,CompareAggregateCertificates,equivocation(aggregate),equivocation(aggregate),true,true,aggregate_certificate,0.054492,calibrated_estimate,O(n),O(n)
malicious_server_detection,malicious_server_detection-n100_d62000-n100-d62000-r2,100,62000,false_accept,VerifyAcceptedDecision,reject(validation),reject(validation),true,true,record,1.542432,calibrated_estimate,O(n),O(n)
malicious_server_detection,malicious_server_detection-n100_d62000-n100-d62000-r2,100,62000,false_reject,VerifyAppeal,serverFault(falseReject),serverFault(falseReject),true,true,appeal,1.540918,calibrated_estimate,"O(n), omission independent of l",O(n)
malicious_server_detection,malicious_server_detection-n100_d62000-n100-d62000-r2,100,62000,omission,VerifyAppeal,serverFault(omission),serverFault(omission),true,true,digest_log,0.052979,calibrated_estimate,"O(n), omission independent of l",O(n)
malicious_server_detection,malicious_server_detection-n100_d62000-n100-d62000-r2,100,62000,equivocation_root,CompareSignedRoots,equivocation(root),equivocation(root),true,true,digest_log,0.054492,calibrated_estimate,O(n),O(n)
malicious_server_detection,malicious_server_detection-n100_d62000-n100-d62000-r2,100,62000,equivocation_admitted_set,CompareAggregateCertificates,equivocation(admittedSet),equivocation(admittedSet),true,true,certificate,0.054492,calibrated_estimate,O(n),O(n)
malicious_server_detection,malicious_server_detection-n100_d62000-n100-d62000-r2,100,62000,unsupported_recovery,VerifyMaskOpen,reject(reason),reject(reason),true,true,opening_domain,87.187500,analytical,O((a+boundary)*l),O((a+boundary)*l)
malicious_server_detection,malicious_server_detection-n100_d62000-n100-d62000-r2,100,62000,missing_opening,VerifyMaskOpen,reject(domain),reject(domain),true,true,opening_domain,87.187500,analytical,O((a+boundary)*l),O((a+boundary)*l)
malicious_server_detection,malicious_server_detection-n100_d62000-n100-d62000-r2,100,62000,extra_opening,VerifyMaskOpen,reject(domain),reject(domain),true,true,opening_domain,87.187500,analytical,O((a+boundary)*l),O((a+boundary)*l)
malicious_server_detection,malicious_server_detection-n100_d62000-n100-d62000-r2,100,62000,wrong_opening,VerifyMaskOpen,reject(pairOpening),reject(pairOpening),true,true,opening_relation,2596237.890625,analytical,O((a+boundary)*l),O((a+boundary)*l)
malicious_server_detection,malicious_server_detection-n100_d62000-n100-d62000-r2,100,62000,wrong_tag_mask,VerifyMaskTag,reject(maskTag),reject(maskTag),true,true,tag_certificate,129671.667969,calibrated_estimate,O(a)+T_tag(l),O(a)+O(l) if S_A published
malicious_server_detection,malicious_server_detection-n100_d62000-n100-d62000-r2,100,62000,wrong_aggregate,VerifyAggregate,reject(aggregateSum),reject(aggregateSum),true,true,aggregate_certificate,124.121094,calibrated_estimate,O(a*l),O(l)
malicious_server_detection,malicious_server_detection-n100_d62000-n100-d62000-r2,100,62000,equivocation_aggregate,CompareAggregateCertificates,equivocation(aggregate),equivocation(aggregate),true,true,aggregate_certificate,0.056006,calibrated_estimate,O(n),O(n)
malicious_server_detection,malicious_server_detection-n100_d62000-n100-d62000-r3,100,62000,false_accept,VerifyAcceptedDecision,reject(validation),reject(validation),true,true,record,1.542432,calibrated_estimate,O(n),O(n)
malicious_server_detection,malicious_server_detection-n100_d62000-n100-d62000-r3,100,62000,false_reject,VerifyAppeal,serverFault(falseReject),serverFault(falseReject),true,true,appeal,1.542432,calibrated_estimate,"O(n), omission independent of l",O(n)
malicious_server_detection,malicious_server_detection-n100_d62000-n100-d62000-r3,100,62000,omission,VerifyAppeal,serverFault(omission),serverFault(omission),true,true,digest_log,0.054492,calibrated_estimate,"O(n), omission independent of l",O(n)
malicious_server_detection,malicious_server_detection-n100_d62000-n100-d62000-r3,100,62000,equivocation_root,CompareSignedRoots,equivocation(root),equivocation(root),true,true,digest_log,0.054492,calibrated_estimate,O(n),O(n)
malicious_server_detection,malicious_server_detection-n100_d62000-n100-d62000-r3,100,62000,equivocation_admitted_set,CompareAggregateCertificates,equivocation(admittedSet),equivocation(admittedSet),true,true,certificate,0.054492,calibrated_estimate,O(n),O(n)
malicious_server_detection,malicious_server_detection-n100_d62000-n100-d62000-r3,100,62000,unsupported_recovery,VerifyMaskOpen,reject(reason),reject(reason),true,true,opening_domain,87.187500,analytical,O((a+boundary)*l),O((a+boundary)*l)
malicious_server_detection,malicious_server_detection-n100_d62000-n100-d62000-r3,100,62000,missing_opening,VerifyMaskOpen,reject(domain),reject(domain),true,true,opening_domain,84.765625,analytical,O((a+boundary)*l),O((a+boundary)*l)
malicious_server_detection,malicious_server_detection-n100_d62000-n100-d62000-r3,100,62000,extra_opening,VerifyMaskOpen,reject(domain),reject(domain),true,true,opening_domain,87.187500,analytical,O((a+boundary)*l),O((a+boundary)*l)
malicious_server_detection,malicious_server_detection-n100_d62000-n100-d62000-r3,100,62000,wrong_opening,VerifyMaskOpen,reject(pairOpening),reject(pairOpening),true,true,opening_relation,2600103.203125,analytical,O((a+boundary)*l),O((a+boundary)*l)
malicious_server_detection,malicious_server_detection-n100_d62000-n100-d62000-r3,100,62000,wrong_tag_mask,VerifyMaskTag,reject(maskTag),reject(maskTag),true,true,tag_certificate,129766.847656,calibrated_estimate,O(a)+T_tag(l),O(a)+O(l) if S_A published
malicious_server_detection,malicious_server_detection-n100_d62000-n100-d62000-r3,100,62000,wrong_aggregate,VerifyAggregate,reject(aggregateSum),reject(aggregateSum),true,true,aggregate_certificate,123.757812,calibrated_estimate,O(a*l),O(l)
malicious_server_detection,malicious_server_detection-n100_d62000-n100-d62000-r3,100,62000,equivocation_aggregate,CompareAggregateCertificates,equivocation(aggregate),equivocation(aggregate),true,true,aggregate_certificate,0.054492,calibrated_estimate,O(n),O(n)
malicious_server_detection,malicious_server_detection-n100_d62000-n100-d62000-r4,100,62000,false_accept,VerifyAcceptedDecision,reject(validation),reject(validation),true,true,record,1.542432,calibrated_estimate,O(n),O(n)
malicious_server_detection,malicious_server_detection-n100_d62000-n100-d62000-r4,100,62000,false_reject,VerifyAppeal,serverFault(falseReject),serverFault(falseReject),true,true,appeal,1.569678,calibrated_estimate,"O(n), omission independent of l",O(n)
malicious_server_detection,malicious_server_detection-n100_d62000-n100-d62000-r4,100,62000,omission,VerifyAppeal,serverFault(omission),serverFault(omission),true,true,digest_log,0.054492,calibrated_estimate,"O(n), omission independent of l",O(n)
malicious_server_detection,malicious_server_detection-n100_d62000-n100-d62000-r4,100,62000,equivocation_root,CompareSignedRoots,equivocation(root),equivocation(root),true,true,digest_log,0.054492,calibrated_estimate,O(n),O(n)
malicious_server_detection,malicious_server_detection-n100_d62000-n100-d62000-r4,100,62000,equivocation_admitted_set,CompareAggregateCertificates,equivocation(admittedSet),equivocation(admittedSet),true,true,certificate,0.054492,calibrated_estimate,O(n),O(n)
malicious_server_detection,malicious_server_detection-n100_d62000-n100-d62000-r4,100,62000,unsupported_recovery,VerifyMaskOpen,reject(reason),reject(reason),true,true,opening_domain,87.187500,analytical,O((a+boundary)*l),O((a+boundary)*l)
malicious_server_detection,malicious_server_detection-n100_d62000-n100-d62000-r4,100,62000,missing_opening,VerifyMaskOpen,reject(domain),reject(domain),true,true,opening_domain,87.187500,analytical,O((a+boundary)*l),O((a+boundary)*l)
malicious_server_detection,malicious_server_detection-n100_d62000-n100-d62000-r4,100,62000,extra_opening,VerifyMaskOpen,reject(domain),reject(domain),true,true,opening_domain,87.187500,analytical,O((a+boundary)*l),O((a+boundary)*l)
malicious_server_detection,malicious_server_detection-n100_d62000-n100-d62000-r4,100,62000,wrong_opening,VerifyMaskOpen,reject(pairOpening),reject(pairOpening),true,true,opening_relation,2596429.218750,analytical,O((a+boundary)*l),O((a+boundary)*l)
malicious_server_detection,malicious_server_detection-n100_d62000-n100-d62000-r4,100,62000,wrong_tag_mask,VerifyMaskTag,reject(maskTag),reject(maskTag),true,true,tag_certificate,129711.628906,calibrated_estimate,O(a)+T_tag(l),O(a)+O(l) if S_A published
malicious_server_detection,malicious_server_detection-n100_d62000-n100-d62000-r4,100,62000,wrong_aggregate,VerifyAggregate,reject(aggregateSum),reject(aggregateSum),true,true,aggregate_certificate,123.515625,calibrated_estimate,O(a*l),O(l)
malicious_server_detection,malicious_server_detection-n100_d62000-n100-d62000-r4,100,62000,equivocation_aggregate,CompareAggregateCertificates,equivocation(aggregate),equivocation(aggregate),true,true,aggregate_certificate,0.054492,calibrated_estimate,O(n),O(n)
malicious_server_detection,malicious_server_detection-n100_d273000-n100-d273000-r0,100,273000,false_accept,VerifyAcceptedDecision,reject(validation),reject(validation),true,true,record,6.791675,calibrated_estimate,O(n),O(n)
malicious_server_detection,malicious_server_detection-n100_d273000-n100-d273000-r0,100,273000,false_reject,VerifyAppeal,serverFault(falseReject),serverFault(falseReject),true,true,appeal,6.791675,calibrated_estimate,"O(n), omission independent of l",O(n)
malicious_server_detection,malicious_server_detection-n100_d273000-n100-d273000-r0,100,273000,omission,VerifyAppeal,serverFault(omission),serverFault(omission),true,true,digest_log,0.239941,calibrated_estimate,"O(n), omission independent of l",O(n)
malicious_server_detection,malicious_server_detection-n100_d273000-n100-d273000-r0,100,273000,equivocation_root,CompareSignedRoots,equivocation(root),equivocation(root),true,true,digest_log,0.239941,calibrated_estimate,O(n),O(n)
malicious_server_detection,malicious_server_detection-n100_d273000-n100-d273000-r0,100,273000,equivocation_admitted_set,CompareAggregateCertificates,equivocation(admittedSet),equivocation(admittedSet),true,true,certificate,0.239941,calibrated_estimate,O(n),O(n)
malicious_server_detection,malicious_server_detection-n100_d273000-n100-d273000-r0,100,273000,unsupported_recovery,VerifyMaskOpen,reject(reason),reject(reason),true,true,opening_domain,383.906250,analytical,O((a+boundary)*l),O((a+boundary)*l)
malicious_server_detection,malicious_server_detection-n100_d273000-n100-d273000-r0,100,273000,missing_opening,VerifyMaskOpen,reject(domain),reject(domain),true,true,opening_domain,383.906250,analytical,O((a+boundary)*l),O((a+boundary)*l)
malicious_server_detection,malicious_server_detection-n100_d273000-n100-d273000-r0,100,273000,extra_opening,VerifyMaskOpen,reject(domain),reject(domain),true,true,opening_domain,383.906250,analytical,O((a+boundary)*l),O((a+boundary)*l)
malicious_server_detection,malicious_server_detection-n100_d273000-n100-d273000-r0,100,273000,wrong_opening,VerifyMaskOpen,reject(pairOpening),reject(pairOpening),true,true,opening_relation,11403401.953125,analytical,O((a+boundary)*l),O((a+boundary)*l)
malicious_server_detection,malicious_server_detection-n100_d273000-n100-d273000-r0,100,273000,wrong_tag_mask,VerifyMaskTag,reject(maskTag),reject(maskTag),true,true,tag_certificate,570222.884766,calibrated_estimate,O(a)+T_tag(l),O(a)+O(l) if S_A published
malicious_server_detection,malicious_server_detection-n100_d273000-n100-d273000-r0,100,273000,wrong_aggregate,VerifyAggregate,reject(aggregateSum),reject(aggregateSum),true,true,aggregate_certificate,533.203125,calibrated_estimate,O(a*l),O(l)
malicious_server_detection,malicious_server_detection-n100_d273000-n100-d273000-r0,100,273000,equivocation_aggregate,CompareAggregateCertificates,equivocation(aggregate),equivocation(aggregate),true,true,aggregate_certificate,0.233276,calibrated_estimate,O(n),O(n)
malicious_server_detection,malicious_server_detection-n100_d273000-n100-d273000-r1,100,273000,false_accept,VerifyAcceptedDecision,reject(validation),reject(validation),true,true,record,6.651709,calibrated_estimate,O(n),O(n)
malicious_server_detection,malicious_server_detection-n100_d273000-n100-d273000-r1,100,273000,false_reject,VerifyAppeal,serverFault(falseReject),serverFault(falseReject),true,true,appeal,6.645044,calibrated_estimate,"O(n), omission independent of l",O(n)
malicious_server_detection,malicious_server_detection-n100_d273000-n100-d273000-r1,100,273000,omission,VerifyAppeal,serverFault(omission),serverFault(omission),true,true,digest_log,0.239941,calibrated_estimate,"O(n), omission independent of l",O(n)
malicious_server_detection,malicious_server_detection-n100_d273000-n100-d273000-r1,100,273000,equivocation_root,CompareSignedRoots,equivocation(root),equivocation(root),true,true,digest_log,0.239941,calibrated_estimate,O(n),O(n)
malicious_server_detection,malicious_server_detection-n100_d273000-n100-d273000-r1,100,273000,equivocation_admitted_set,CompareAggregateCertificates,equivocation(admittedSet),equivocation(admittedSet),true,true,certificate,0.233276,calibrated_estimate,O(n),O(n)
malicious_server_detection,malicious_server_detection-n100_d273000-n100-d273000-r1,100,273000,unsupported_recovery,VerifyMaskOpen,reject(reason),reject(reason),true,true,opening_domain,373.242188,analytical,O((a+boundary)*l),O((a+boundary)*l)
malicious_server_detection,malicious_server_detection-n100_d273000-n100-d273000-r1,100,273000,missing_opening,VerifyMaskOpen,reject(domain),reject(domain),true,true,opening_domain,373.242188,analytical,O((a+boundary)*l),O((a+boundary)*l)
malicious_server_detection,malicious_server_detection-n100_d273000-n100-d273000-r1,100,273000,extra_opening,VerifyMaskOpen,reject(domain),reject(domain),true,true,opening_domain,373.242188,analytical,O((a+boundary)*l),O((a+boundary)*l)
malicious_server_detection,malicious_server_detection-n100_d273000-n100-d273000-r1,100,273000,wrong_opening,VerifyMaskOpen,reject(pairOpening),reject(pairOpening),true,true,opening_relation,11407624.921875,analytical,O((a+boundary)*l),O((a+boundary)*l)
malicious_server_detection,malicious_server_detection-n100_d273000-n100-d273000-r1,100,273000,wrong_tag_mask,VerifyMaskTag,reject(maskTag),reject(maskTag),true,true,tag_certificate,571416.726562,calibrated_estimate,O(a)+T_tag(l),O(a)+O(l) if S_A published
malicious_server_detection,malicious_server_detection-n100_d273000-n100-d273000-r1,100,273000,wrong_aggregate,VerifyAggregate,reject(aggregateSum),reject(aggregateSum),true,true,aggregate_certificate,543.867188,calibrated_estimate,O(a*l),O(l)
malicious_server_detection,malicious_server_detection-n100_d273000-n100-d273000-r1,100,273000,equivocation_aggregate,CompareAggregateCertificates,equivocation(aggregate),equivocation(aggregate),true,true,aggregate_certificate,0.239941,calibrated_estimate,O(n),O(n)
malicious_server_detection,malicious_server_detection-n100_d273000-n100-d273000-r2,100,273000,false_accept,VerifyAcceptedDecision,reject(validation),reject(validation),true,true,record,6.791675,calibrated_estimate,O(n),O(n)
malicious_server_detection,malicious_server_detection-n100_d273000-n100-d273000-r2,100,273000,false_reject,VerifyAppeal,serverFault(falseReject),serverFault(falseReject),true,true,appeal,6.791675,calibrated_estimate,"O(n), omission independent of l",O(n)
malicious_server_detection,malicious_server_detection-n100_d273000-n100-d273000-r2,100,273000,omission,VerifyAppeal,serverFault(omission),serverFault(omission),true,true,digest_log,0.239941,calibrated_estimate,"O(n), omission independent of l",O(n)
malicious_server_detection,malicious_server_detection-n100_d273000-n100-d273000-r2,100,273000,equivocation_root,CompareSignedRoots,equivocation(root),equivocation(root),true,true,digest_log,0.239941,calibrated_estimate,O(n),O(n)
malicious_server_detection,malicious_server_detection-n100_d273000-n100-d273000-r2,100,273000,equivocation_admitted_set,CompareAggregateCertificates,equivocation(admittedSet),equivocation(admittedSet),true,true,certificate,0.239941,calibrated_estimate,O(n),O(n)
malicious_server_detection,malicious_server_detection-n100_d273000-n100-d273000-r2,100,273000,unsupported_recovery,VerifyMaskOpen,reject(reason),reject(reason),true,true,opening_domain,383.906250,analytical,O((a+boundary)*l),O((a+boundary)*l)
malicious_server_detection,malicious_server_detection-n100_d273000-n100-d273000-r2,100,273000,missing_opening,VerifyMaskOpen,reject(domain),reject(domain),true,true,opening_domain,383.906250,analytical,O((a+boundary)*l),O((a+boundary)*l)
malicious_server_detection,malicious_server_detection-n100_d273000-n100-d273000-r2,100,273000,extra_opening,VerifyMaskOpen,reject(domain),reject(domain),true,true,opening_domain,383.906250,analytical,O((a+boundary)*l),O((a+boundary)*l)
malicious_server_detection,malicious_server_detection-n100_d273000-n100-d273000-r2,100,273000,wrong_opening,VerifyMaskOpen,reject(pairOpening),reject(pairOpening),true,true,opening_relation,11412892.968750,analytical,O((a+boundary)*l),O((a+boundary)*l)
malicious_server_detection,malicious_server_detection-n100_d273000-n100-d273000-r2,100,273000,wrong_tag_mask,VerifyMaskTag,reject(maskTag),reject(maskTag),true,true,tag_certificate,571100.537109,calibrated_estimate,O(a)+T_tag(l),O(a)+O(l) if S_A published
malicious_server_detection,malicious_server_detection-n100_d273000-n100-d273000-r2,100,273000,wrong_aggregate,VerifyAggregate,reject(aggregateSum),reject(aggregateSum),true,true,aggregate_certificate,545.466797,calibrated_estimate,O(a*l),O(l)
malicious_server_detection,malicious_server_detection-n100_d273000-n100-d273000-r2,100,273000,equivocation_aggregate,CompareAggregateCertificates,equivocation(aggregate),equivocation(aggregate),true,true,aggregate_certificate,0.239941,calibrated_estimate,O(n),O(n)
malicious_server_detection,malicious_server_detection-n100_d273000-n100-d273000-r3,100,273000,false_accept,VerifyAcceptedDecision,reject(validation),reject(validation),true,true,record,7.764771,calibrated_estimate,O(n),O(n)
malicious_server_detection,malicious_server_detection-n100_d273000-n100-d273000-r3,100,273000,false_reject,VerifyAppeal,serverFault(falseReject),serverFault(falseReject),true,true,appeal,6.645044,calibrated_estimate,"O(n), omission independent of l",O(n)
malicious_server_detection,malicious_server_detection-n100_d273000-n100-d273000-r3,100,273000,omission,VerifyAppeal,serverFault(omission),serverFault(omission),true,true,digest_log,0.233276,calibrated_estimate,"O(n), omission independent of l",O(n)
malicious_server_detection,malicious_server_detection-n100_d273000-n100-d273000-r3,100,273000,equivocation_root,CompareSignedRoots,equivocation(root),equivocation(root),true,true,digest_log,0.233276,calibrated_estimate,O(n),O(n)
malicious_server_detection,malicious_server_detection-n100_d273000-n100-d273000-r3,100,273000,equivocation_admitted_set,CompareAggregateCertificates,equivocation(admittedSet),equivocation(admittedSet),true,true,certificate,0.233276,calibrated_estimate,O(n),O(n)
malicious_server_detection,malicious_server_detection-n100_d273000-n100-d273000-r3,100,273000,unsupported_recovery,VerifyMaskOpen,reject(reason),reject(reason),true,true,opening_domain,373.242188,analytical,O((a+boundary)*l),O((a+boundary)*l)
malicious_server_detection,malicious_server_detection-n100_d273000-n100-d273000-r3,100,273000,missing_opening,VerifyMaskOpen,reject(domain),reject(domain),true,true,opening_domain,373.242188,analytical,O((a+boundary)*l),O((a+boundary)*l)
malicious_server_detection,malicious_server_detection-n100_d273000-n100-d273000-r3,100,273000,extra_opening,VerifyMaskOpen,reject(domain),reject(domain),true,true,opening_domain,373.242188,analytical,O((a+boundary)*l),O((a+boundary)*l)
malicious_server_detection,malicious_server_detection-n100_d273000-n100-d273000-r3,100,273000,wrong_opening,VerifyMaskOpen,reject(pairOpening),reject(pairOpening),true,true,opening_relation,11467727.578125,analytical,O((a+boundary)*l),O((a+boundary)*l)
malicious_server_detection,malicious_server_detection-n100_d273000-n100-d273000-r3,100,273000,wrong_tag_mask,VerifyMaskTag,reject(maskTag),reject(maskTag),true,true,tag_certificate,569664.087891,calibrated_estimate,O(a)+T_tag(l),O(a)+O(l) if S_A published
malicious_server_detection,malicious_server_detection-n100_d273000-n100-d273000-r3,100,273000,wrong_aggregate,VerifyAggregate,reject(aggregateSum),reject(aggregateSum),true,true,aggregate_certificate,544.933594,calibrated_estimate,O(a*l),O(l)
malicious_server_detection,malicious_server_detection-n100_d273000-n100-d273000-r3,100,273000,equivocation_aggregate,CompareAggregateCertificates,equivocation(aggregate),equivocation(aggregate),true,true,aggregate_certificate,0.239941,calibrated_estimate,O(n),O(n)
malicious_server_detection,malicious_server_detection-n100_d273000-n100-d273000-r4,100,273000,false_accept,VerifyAcceptedDecision,reject(validation),reject(validation),true,true,record,6.791675,calibrated_estimate,O(n),O(n)
malicious_server_detection,malicious_server_detection-n100_d273000-n100-d273000-r4,100,273000,false_reject,VerifyAppeal,serverFault(falseReject),serverFault(falseReject),true,true,appeal,6.791675,calibrated_estimate,"O(n), omission independent of l",O(n)
malicious_server_detection,malicious_server_detection-n100_d273000-n100-d273000-r4,100,273000,omission,VerifyAppeal,serverFault(omission),serverFault(omission),true,true,digest_log,0.239941,calibrated_estimate,"O(n), omission independent of l",O(n)
malicious_server_detection,malicious_server_detection-n100_d273000-n100-d273000-r4,100,273000,equivocation_root,CompareSignedRoots,equivocation(root),equivocation(root),true,true,digest_log,0.239941,calibrated_estimate,O(n),O(n)
malicious_server_detection,malicious_server_detection-n100_d273000-n100-d273000-r4,100,273000,equivocation_admitted_set,CompareAggregateCertificates,equivocation(admittedSet),equivocation(admittedSet),true,true,certificate,0.239941,calibrated_estimate,O(n),O(n)
malicious_server_detection,malicious_server_detection-n100_d273000-n100-d273000-r4,100,273000,unsupported_recovery,VerifyMaskOpen,reject(reason),reject(reason),true,true,opening_domain,383.906250,analytical,O((a+boundary)*l),O((a+boundary)*l)
malicious_server_detection,malicious_server_detection-n100_d273000-n100-d273000-r4,100,273000,missing_opening,VerifyMaskOpen,reject(domain),reject(domain),true,true,opening_domain,383.906250,analytical,O((a+boundary)*l),O((a+boundary)*l)
malicious_server_detection,malicious_server_detection-n100_d273000-n100-d273000-r4,100,273000,extra_opening,VerifyMaskOpen,reject(domain),reject(domain),true,true,opening_domain,373.242188,analytical,O((a+boundary)*l),O((a+boundary)*l)
malicious_server_detection,malicious_server_detection-n100_d273000-n100-d273000-r4,100,273000,wrong_opening,VerifyMaskOpen,reject(pairOpening),reject(pairOpening),true,true,opening_relation,11401034.531250,analytical,O((a+boundary)*l),O((a+boundary)*l)
malicious_server_detection,malicious_server_detection-n100_d273000-n100-d273000-r4,100,273000,wrong_tag_mask,VerifyMaskTag,reject(maskTag),reject(maskTag),true,true,tag_certificate,570312.462891,calibrated_estimate,O(a)+T_tag(l),O(a)+O(l) if S_A published
malicious_server_detection,malicious_server_detection-n100_d273000-n100-d273000-r4,100,273000,wrong_aggregate,VerifyAggregate,reject(aggregateSum),reject(aggregateSum),true,true,aggregate_certificate,543.867188,calibrated_estimate,O(a*l),O(l)
malicious_server_detection,malicious_server_detection-n100_d273000-n100-d273000-r4,100,273000,equivocation_aggregate,CompareAggregateCertificates,equivocation(aggregate),equivocation(aggregate),true,true,aggregate_certificate,0.239941,calibrated_estimate,O(n),O(n)
malicious_server_detection,malicious_server_detection-n100_d818000-n100-d818000-r0,100,818000,false_accept,VerifyAcceptedDecision,reject(validation),reject(validation),true,true,record,20.350146,calibrated_estimate,O(n),O(n)
malicious_server_detection,malicious_server_detection-n100_d818000-n100-d818000-r0,100,818000,false_reject,VerifyAppeal,serverFault(falseReject),serverFault(falseReject),true,true,appeal,20.350146,calibrated_estimate,"O(n), omission independent of l",O(n)
malicious_server_detection,malicious_server_detection-n100_d818000-n100-d818000-r0,100,818000,omission,VerifyAppeal,serverFault(omission),serverFault(omission),true,true,digest_log,0.718945,calibrated_estimate,"O(n), omission independent of l",O(n)
malicious_server_detection,malicious_server_detection-n100_d818000-n100-d818000-r0,100,818000,equivocation_root,CompareSignedRoots,equivocation(root),equivocation(root),true,true,digest_log,0.718945,calibrated_estimate,O(n),O(n)
malicious_server_detection,malicious_server_detection-n100_d818000-n100-d818000-r0,100,818000,equivocation_admitted_set,CompareAggregateCertificates,equivocation(admittedSet),equivocation(admittedSet),true,true,certificate,0.718945,calibrated_estimate,O(n),O(n)
malicious_server_detection,malicious_server_detection-n100_d818000-n100-d818000-r0,100,818000,unsupported_recovery,VerifyMaskOpen,reject(reason),reject(reason),true,true,opening_domain,1150.312500,analytical,O((a+boundary)*l),O((a+boundary)*l)
malicious_server_detection,malicious_server_detection-n100_d818000-n100-d818000-r0,100,818000,missing_opening,VerifyMaskOpen,reject(domain),reject(domain),true,true,opening_domain,1150.312500,analytical,O((a+boundary)*l),O((a+boundary)*l)
malicious_server_detection,malicious_server_detection-n100_d818000-n100-d818000-r0,100,818000,extra_opening,VerifyMaskOpen,reject(domain),reject(domain),true,true,opening_domain,1150.312500,analytical,O((a+boundary)*l),O((a+boundary)*l)
malicious_server_detection,malicious_server_detection-n100_d818000-n100-d818000-r0,100,818000,wrong_opening,VerifyMaskOpen,reject(pairOpening),reject(pairOpening),true,true,opening_relation,34169265.937500,analytical,O((a+boundary)*l),O((a+boundary)*l)
malicious_server_detection,malicious_server_detection-n100_d818000-n100-d818000-r0,100,818000,wrong_tag_mask,VerifyMaskTag,reject(maskTag),reject(maskTag),true,true,tag_certificate,1709241.355469,calibrated_estimate,O(a)+T_tag(l),O(a)+O(l) if S_A published
malicious_server_detection,malicious_server_detection-n100_d818000-n100-d818000-r0,100,818000,wrong_aggregate,VerifyAggregate,reject(aggregateSum),reject(aggregateSum),true,true,aggregate_certificate,1632.804688,calibrated_estimate,O(a*l),O(l)
malicious_server_detection,malicious_server_detection-n100_d818000-n100-d818000-r0,100,818000,equivocation_aggregate,CompareAggregateCertificates,equivocation(aggregate),equivocation(aggregate),true,true,aggregate_certificate,0.718945,calibrated_estimate,O(n),O(n)
malicious_server_detection,malicious_server_detection-n100_d818000-n100-d818000-r1,100,818000,false_accept,VerifyAcceptedDecision,reject(validation),reject(validation),true,true,record,20.330176,calibrated_estimate,O(n),O(n)
malicious_server_detection,malicious_server_detection-n100_d818000-n100-d818000-r1,100,818000,false_reject,VerifyAppeal,serverFault(falseReject),serverFault(falseReject),true,true,appeal,20.350146,calibrated_estimate,"O(n), omission independent of l",O(n)
malicious_server_detection,malicious_server_detection-n100_d818000-n100-d818000-r1,100,818000,omission,VerifyAppeal,serverFault(omission),serverFault(omission),true,true,digest_log,0.718945,calibrated_estimate,"O(n), omission independent of l",O(n)
malicious_server_detection,malicious_server_detection-n100_d818000-n100-d818000-r1,100,818000,equivocation_root,CompareSignedRoots,equivocation(root),equivocation(root),true,true,digest_log,0.718945,calibrated_estimate,O(n),O(n)
malicious_server_detection,malicious_server_detection-n100_d818000-n100-d818000-r1,100,818000,equivocation_admitted_set,CompareAggregateCertificates,equivocation(admittedSet),equivocation(admittedSet),true,true,certificate,0.718945,calibrated_estimate,O(n),O(n)
malicious_server_detection,malicious_server_detection-n100_d818000-n100-d818000-r1,100,818000,unsupported_recovery,VerifyMaskOpen,reject(reason),reject(reason),true,true,opening_domain,1150.312500,analytical,O((a+boundary)*l),O((a+boundary)*l)
malicious_server_detection,malicious_server_detection-n100_d818000-n100-d818000-r1,100,818000,missing_opening,VerifyMaskOpen,reject(domain),reject(domain),true,true,opening_domain,1118.359375,analytical,O((a+boundary)*l),O((a+boundary)*l)
malicious_server_detection,malicious_server_detection-n100_d818000-n100-d818000-r1,100,818000,extra_opening,VerifyMaskOpen,reject(domain),reject(domain),true,true,opening_domain,1150.312500,analytical,O((a+boundary)*l),O((a+boundary)*l)
malicious_server_detection,malicious_server_detection-n100_d818000-n100-d818000-r1,100,818000,wrong_opening,VerifyMaskOpen,reject(pairOpening),reject(pairOpening),true,true,opening_relation,34166773.593750,analytical,O((a+boundary)*l),O((a+boundary)*l)
malicious_server_detection,malicious_server_detection-n100_d818000-n100-d818000-r1,100,818000,wrong_tag_mask,VerifyMaskTag,reject(maskTag),reject(maskTag),true,true,tag_certificate,1709294.078125,calibrated_estimate,O(a)+T_tag(l),O(a)+O(l) if S_A published
malicious_server_detection,malicious_server_detection-n100_d818000-n100-d818000-r1,100,818000,wrong_aggregate,VerifyAggregate,reject(aggregateSum),reject(aggregateSum),true,true,aggregate_certificate,1631.207031,calibrated_estimate,O(a*l),O(l)
malicious_server_detection,malicious_server_detection-n100_d818000-n100-d818000-r1,100,818000,equivocation_aggregate,CompareAggregateCertificates,equivocation(aggregate),equivocation(aggregate),true,true,aggregate_certificate,0.718945,calibrated_estimate,O(n),O(n)
malicious_server_detection,malicious_server_detection-n100_d818000-n100-d818000-r2,100,818000,false_accept,VerifyAcceptedDecision,reject(validation),reject(validation),true,true,record,20.350146,calibrated_estimate,O(n),O(n)
malicious_server_detection,malicious_server_detection-n100_d818000-n100-d818000-r2,100,818000,false_reject,VerifyAppeal,serverFault(falseReject),serverFault(falseReject),true,true,appeal,20.350146,calibrated_estimate,"O(n), omission independent of l",O(n)
malicious_server_detection,malicious_server_detection-n100_d818000-n100-d818000-r2,100,818000,omission,VerifyAppeal,serverFault(omission),serverFault(omission),true,true,digest_log,0.718945,calibrated_estimate,"O(n), omission independent of l",O(n)
malicious_server_detection,malicious_server_detection-n100_d818000-n100-d818000-r2,100,818000,equivocation_root,CompareSignedRoots,equivocation(root),equivocation(root),true,true,digest_log,0.718945,calibrated_estimate,O(n),O(n)
malicious_server_detection,malicious_server_detection-n100_d818000-n100-d818000-r2,100,818000,equivocation_admitted_set,CompareAggregateCertificates,equivocation(admittedSet),equivocation(admittedSet),true,true,certificate,0.718945,calibrated_estimate,O(n),O(n)
malicious_server_detection,malicious_server_detection-n100_d818000-n100-d818000-r2,100,818000,unsupported_recovery,VerifyMaskOpen,reject(reason),reject(reason),true,true,opening_domain,1150.312500,analytical,O((a+boundary)*l),O((a+boundary)*l)
malicious_server_detection,malicious_server_detection-n100_d818000-n100-d818000-r2,100,818000,missing_opening,VerifyMaskOpen,reject(domain),reject(domain),true,true,opening_domain,1150.312500,analytical,O((a+boundary)*l),O((a+boundary)*l)
malicious_server_detection,malicious_server_detection-n100_d818000-n100-d818000-r2,100,818000,extra_opening,VerifyMaskOpen,reject(domain),reject(domain),true,true,opening_domain,1150.312500,analytical,O((a+boundary)*l),O((a+boundary)*l)
malicious_server_detection,malicious_server_detection-n100_d818000-n100-d818000-r2,100,818000,wrong_opening,VerifyMaskOpen,reject(pairOpening),reject(pairOpening),true,true,opening_relation,34147026.562500,analytical,O((a+boundary)*l),O((a+boundary)*l)
malicious_server_detection,malicious_server_detection-n100_d818000-n100-d818000-r2,100,818000,wrong_tag_mask,VerifyMaskTag,reject(maskTag),reject(maskTag),true,true,tag_certificate,1709618.402344,calibrated_estimate,O(a)+T_tag(l),O(a)+O(l) if S_A published
malicious_server_detection,malicious_server_detection-n100_d818000-n100-d818000-r2,100,818000,wrong_aggregate,VerifyAggregate,reject(aggregateSum),reject(aggregateSum),true,true,aggregate_certificate,1632.804688,calibrated_estimate,O(a*l),O(l)
malicious_server_detection,malicious_server_detection-n100_d818000-n100-d818000-r2,100,818000,equivocation_aggregate,CompareAggregateCertificates,equivocation(aggregate),equivocation(aggregate),true,true,aggregate_certificate,0.718945,calibrated_estimate,O(n),O(n)
malicious_server_detection,malicious_server_detection-n100_d818000-n100-d818000-r3,100,818000,false_accept,VerifyAcceptedDecision,reject(validation),reject(validation),true,true,record,21.009180,calibrated_estimate,O(n),O(n)
malicious_server_detection,malicious_server_detection-n100_d818000-n100-d818000-r3,100,818000,false_reject,VerifyAppeal,serverFault(falseReject),serverFault(falseReject),true,true,appeal,20.350146,calibrated_estimate,"O(n), omission independent of l",O(n)
malicious_server_detection,malicious_server_detection-n100_d818000-n100-d818000-r3,100,818000,omission,VerifyAppeal,serverFault(omission),serverFault(omission),true,true,digest_log,0.718945,calibrated_estimate,"O(n), omission independent of l",O(n)
malicious_server_detection,malicious_server_detection-n100_d818000-n100-d818000-r3,100,818000,equivocation_root,CompareSignedRoots,equivocation(root),equivocation(root),true,true,digest_log,0.718945,calibrated_estimate,O(n),O(n)
malicious_server_detection,malicious_server_detection-n100_d818000-n100-d818000-r3,100,818000,equivocation_admitted_set,CompareAggregateCertificates,equivocation(admittedSet),equivocation(admittedSet),true,true,certificate,0.718945,calibrated_estimate,O(n),O(n)
malicious_server_detection,malicious_server_detection-n100_d818000-n100-d818000-r3,100,818000,unsupported_recovery,VerifyMaskOpen,reject(reason),reject(reason),true,true,opening_domain,1150.312500,analytical,O((a+boundary)*l),O((a+boundary)*l)
malicious_server_detection,malicious_server_detection-n100_d818000-n100-d818000-r3,100,818000,missing_opening,VerifyMaskOpen,reject(domain),reject(domain),true,true,opening_domain,1150.312500,analytical,O((a+boundary)*l),O((a+boundary)*l)
malicious_server_detection,malicious_server_detection-n100_d818000-n100-d818000-r3,100,818000,extra_opening,VerifyMaskOpen,reject(domain),reject(domain),true,true,opening_domain,1150.312500,analytical,O((a+boundary)*l),O((a+boundary)*l)
malicious_server_detection,malicious_server_detection-n100_d818000-n100-d818000-r3,100,818000,wrong_opening,VerifyMaskOpen,reject(pairOpening),reject(pairOpening),true,true,opening_relation,34184379.765625,analytical,O((a+boundary)*l),O((a+boundary)*l)
malicious_server_detection,malicious_server_detection-n100_d818000-n100-d818000-r3,100,818000,wrong_tag_mask,VerifyMaskTag,reject(maskTag),reject(maskTag),true,true,tag_certificate,1707880.152344,calibrated_estimate,O(a)+T_tag(l),O(a)+O(l) if S_A published
malicious_server_detection,malicious_server_detection-n100_d818000-n100-d818000-r3,100,818000,wrong_aggregate,VerifyAggregate,reject(aggregateSum),reject(aggregateSum),true,true,aggregate_certificate,1631.207031,calibrated_estimate,O(a*l),O(l)
malicious_server_detection,malicious_server_detection-n100_d818000-n100-d818000-r3,100,818000,equivocation_aggregate,CompareAggregateCertificates,equivocation(aggregate),equivocation(aggregate),true,true,aggregate_certificate,0.718945,calibrated_estimate,O(n),O(n)
malicious_server_detection,malicious_server_detection-n100_d818000-n100-d818000-r4,100,818000,false_accept,VerifyAcceptedDecision,reject(validation),reject(validation),true,true,record,20.350146,calibrated_estimate,O(n),O(n)
malicious_server_detection,malicious_server_detection-n100_d818000-n100-d818000-r4,100,818000,false_reject,VerifyAppeal,serverFault(falseReject),serverFault(falseReject),true,true,appeal,20.330176,calibrated_estimate,"O(n), omission independent of l",O(n)
malicious_server_detection,malicious_server_detection-n100_d818000-n100-d818000-r4,100,818000,omission,VerifyAppeal,serverFault(omission),serverFault(omission),true,true,digest_log,0.718945,calibrated_estimate,"O(n), omission independent of l",O(n)
malicious_server_detection,malicious_server_detection-n100_d818000-n100-d818000-r4,100,818000,equivocation_root,CompareSignedRoots,equivocation(root),equivocation(root),true,true,digest_log,0.698975,calibrated_estimate,O(n),O(n)
malicious_server_detection,malicious_server_detection-n100_d818000-n100-d818000-r4,100,818000,equivocation_admitted_set,CompareAggregateCertificates,equivocation(admittedSet),equivocation(admittedSet),true,true,certificate,0.698975,calibrated_estimate,O(n),O(n)
malicious_server_detection,malicious_server_detection-n100_d818000-n100-d818000-r4,100,818000,unsupported_recovery,VerifyMaskOpen,reject(reason),reject(reason),true,true,opening_domain,1150.312500,analytical,O((a+boundary)*l),O((a+boundary)*l)
malicious_server_detection,malicious_server_detection-n100_d818000-n100-d818000-r4,100,818000,missing_opening,VerifyMaskOpen,reject(domain),reject(domain),true,true,opening_domain,1150.312500,analytical,O((a+boundary)*l),O((a+boundary)*l)
malicious_server_detection,malicious_server_detection-n100_d818000-n100-d818000-r4,100,818000,extra_opening,VerifyMaskOpen,reject(domain),reject(domain),true,true,opening_domain,1118.359375,analytical,O((a+boundary)*l),O((a+boundary)*l)
malicious_server_detection,malicious_server_detection-n100_d818000-n100-d818000-r4,100,818000,wrong_opening,VerifyMaskOpen,reject(pairOpening),reject(pairOpening),true,true,opening_relation,34152202.968750,analytical,O((a+boundary)*l),O((a+boundary)*l)
malicious_server_detection,malicious_server_detection-n100_d818000-n100-d818000-r4,100,818000,wrong_tag_mask,VerifyMaskTag,reject(maskTag),reject(maskTag),true,true,tag_certificate,1708458.503906,calibrated_estimate,O(a)+T_tag(l),O(a)+O(l) if S_A published
malicious_server_detection,malicious_server_detection-n100_d818000-n100-d818000-r4,100,818000,wrong_aggregate,VerifyAggregate,reject(aggregateSum),reject(aggregateSum),true,true,aggregate_certificate,1629.609375,calibrated_estimate,O(a*l),O(l)
malicious_server_detection,malicious_server_detection-n100_d818000-n100-d818000-r4,100,818000,equivocation_aggregate,CompareAggregateCertificates,equivocation(aggregate),equivocation(aggregate),true,true,aggregate_certificate,0.718945,calibrated_estimate,O(n),O(n)
malicious_server_detection,malicious_server_detection-n200_d19000-n200-d19000-r0,200,19000,false_accept,VerifyAcceptedDecision,reject(validation),reject(validation),true,true,record,0.472681,calibrated_estimate,O(n),O(n)
malicious_server_detection,malicious_server_detection-n200_d19000-n200-d19000-r0,200,19000,false_reject,VerifyAppeal,serverFault(falseReject),serverFault(falseReject),true,true,appeal,0.472681,calibrated_estimate,"O(n), omission independent of l",O(n)
malicious_server_detection,malicious_server_detection-n200_d19000-n200-d19000-r0,200,19000,omission,VerifyAppeal,serverFault(omission),serverFault(omission),true,true,digest_log,0.016699,calibrated_estimate,"O(n), omission independent of l",O(n)
malicious_server_detection,malicious_server_detection-n200_d19000-n200-d19000-r0,200,19000,equivocation_root,CompareSignedRoots,equivocation(root),equivocation(root),true,true,digest_log,0.016699,calibrated_estimate,O(n),O(n)
malicious_server_detection,malicious_server_detection-n200_d19000-n200-d19000-r0,200,19000,equivocation_admitted_set,CompareAggregateCertificates,equivocation(admittedSet),equivocation(admittedSet),true,true,certificate,0.016699,calibrated_estimate,O(n),O(n)
malicious_server_detection,malicious_server_detection-n200_d19000-n200-d19000-r0,200,19000,unsupported_recovery,VerifyMaskOpen,reject(reason),reject(reason),true,true,opening_domain,106.875000,analytical,O((a+boundary)*l),O((a+boundary)*l)
malicious_server_detection,malicious_server_detection-n200_d19000-n200-d19000-r0,200,19000,missing_opening,VerifyMaskOpen,reject(domain),reject(domain),true,true,opening_domain,106.875000,analytical,O((a+boundary)*l),O((a+boundary)*l)
malicious_server_detection,malicious_server_detection-n200_d19000-n200-d19000-r0,200,19000,extra_opening,VerifyMaskOpen,reject(domain),reject(domain),true,true,opening_domain,106.875000,analytical,O((a+boundary)*l),O((a+boundary)*l)
malicious_server_detection,malicious_server_detection-n200_d19000-n200-d19000-r0,200,19000,wrong_opening,VerifyMaskOpen,reject(pairOpening),reject(pairOpening),true,true,opening_relation,3176515.000000,analytical,O((a+boundary)*l),O((a+boundary)*l)
malicious_server_detection,malicious_server_detection-n200_d19000-n200-d19000-r0,200,19000,wrong_tag_mask,VerifyMaskTag,reject(maskTag),reject(maskTag),true,true,tag_certificate,79466.683594,calibrated_estimate,O(a)+T_tag(l),O(a)+O(l) if S_A published
malicious_server_detection,malicious_server_detection-n200_d19000-n200-d19000-r0,200,19000,wrong_aggregate,VerifyAggregate,reject(aggregateSum),reject(aggregateSum),true,true,aggregate_certificate,75.925781,calibrated_estimate,O(a*l),O(l)
malicious_server_detection,malicious_server_detection-n200_d19000-n200-d19000-r0,200,19000,equivocation_aggregate,CompareAggregateCertificates,equivocation(aggregate),equivocation(aggregate),true,true,aggregate_certificate,0.016699,calibrated_estimate,O(n),O(n)
malicious_server_detection,malicious_server_detection-n200_d19000-n200-d19000-r1,200,19000,false_accept,VerifyAcceptedDecision,reject(validation),reject(validation),true,true,record,0.472681,calibrated_estimate,O(n),O(n)
malicious_server_detection,malicious_server_detection-n200_d19000-n200-d19000-r1,200,19000,false_reject,VerifyAppeal,serverFault(falseReject),serverFault(falseReject),true,true,appeal,0.472217,calibrated_estimate,"O(n), omission independent of l",O(n)
malicious_server_detection,malicious_server_detection-n200_d19000-n200-d19000-r1,200,19000,omission,VerifyAppeal,serverFault(omission),serverFault(omission),true,true,digest_log,0.016699,calibrated_estimate,"O(n), omission independent of l",O(n)
malicious_server_detection,malicious_server_detection-n200_d19000-n200-d19000-r1,200,19000,equivocation_root,CompareSignedRoots,equivocation(root),equivocation(root),true,true,digest_log,0.016699,calibrated_estimate,O(n),O(n)
malicious_server_detection,malicious_server_detection-n200_d19000-n200-d19000-r1,200,19000,equivocation_admitted_set,CompareAggregateCertificates,equivocation(admittedSet),equivocation(admittedSet),true,true,certificate,0.016699,calibrated_estimate,O(n),O(n)
malicious_server_detection,malicious_server_detection-n200_d19000-n200-d19000-r1,200,19000,unsupported_recovery,VerifyMaskOpen,reject(reason),reject(reason),true,true,opening_domain,106.875000,analytical,O((a+boundary)*l),O((a+boundary)*l)
malicious_server_detection,malicious_server_detection-n200_d19000-n200-d19000-r1,200,19000,missing_opening,VerifyMaskOpen,reject(domain),reject(domain),true,true,opening_domain,106.875000,analytical,O((a+boundary)*l),O((a+boundary)*l)
malicious_server_detection,malicious_server_detection-n200_d19000-n200-d19000-r1,200,19000,extra_opening,VerifyMaskOpen,reject(domain),reject(domain),true,true,opening_domain,106.875000,analytical,O((a+boundary)*l),O((a+boundary)*l)
malicious_server_detection,malicious_server_detection-n200_d19000-n200-d19000-r1,200,19000,wrong_opening,VerifyMaskOpen,reject(pairOpening),reject(pairOpening),true,true,opening_relation,3172774.375000,analytical,O((a+boundary)*l),O((a+boundary)*l)
malicious_server_detection,malicious_server_detection-n200_d19000-n200-d19000-r1,200,19000,wrong_tag_mask,VerifyMaskTag,reject(maskTag),reject(maskTag),true,true,tag_certificate,79318.914062,calibrated_estimate,O(a)+T_tag(l),O(a)+O(l) if S_A published
malicious_server_detection,malicious_server_detection-n200_d19000-n200-d19000-r1,200,19000,wrong_aggregate,VerifyAggregate,reject(aggregateSum),reject(aggregateSum),true,true,aggregate_certificate,75.777344,calibrated_estimate,O(a*l),O(l)
malicious_server_detection,malicious_server_detection-n200_d19000-n200-d19000-r1,200,19000,equivocation_aggregate,CompareAggregateCertificates,equivocation(aggregate),equivocation(aggregate),true,true,aggregate_certificate,0.016699,calibrated_estimate,O(n),O(n)
malicious_server_detection,malicious_server_detection-n200_d19000-n200-d19000-r2,200,19000,false_accept,VerifyAcceptedDecision,reject(validation),reject(validation),true,true,record,0.472681,calibrated_estimate,O(n),O(n)
malicious_server_detection,malicious_server_detection-n200_d19000-n200-d19000-r2,200,19000,false_reject,VerifyAppeal,serverFault(falseReject),serverFault(falseReject),true,true,appeal,0.472681,calibrated_estimate,"O(n), omission independent of l",O(n)
malicious_server_detection,malicious_server_detection-n200_d19000-n200-d19000-r2,200,19000,omission,VerifyAppeal,serverFault(omission),serverFault(omission),true,true,digest_log,0.016699,calibrated_estimate,"O(n), omission independent of l",O(n)
malicious_server_detection,malicious_server_detection-n200_d19000-n200-d19000-r2,200,19000,equivocation_root,CompareSignedRoots,equivocation(root),equivocation(root),true,true,digest_log,0.016699,calibrated_estimate,O(n),O(n)
malicious_server_detection,malicious_server_detection-n200_d19000-n200-d19000-r2,200,19000,equivocation_admitted_set,CompareAggregateCertificates,equivocation(admittedSet),equivocation(admittedSet),true,true,certificate,0.016699,calibrated_estimate,O(n),O(n)
malicious_server_detection,malicious_server_detection-n200_d19000-n200-d19000-r2,200,19000,unsupported_recovery,VerifyMaskOpen,reject(reason),reject(reason),true,true,opening_domain,106.875000,analytical,O((a+boundary)*l),O((a+boundary)*l)
malicious_server_detection,malicious_server_detection-n200_d19000-n200-d19000-r2,200,19000,missing_opening,VerifyMaskOpen,reject(domain),reject(domain),true,true,opening_domain,106.875000,analytical,O((a+boundary)*l),O((a+boundary)*l)
malicious_server_detection,malicious_server_detection-n200_d19000-n200-d19000-r2,200,19000,extra_opening,VerifyMaskOpen,reject(domain),reject(domain),true,true,opening_domain,106.875000,analytical,O((a+boundary)*l),O((a+boundary)*l)
malicious_server_detection,malicious_server_detection-n200_d19000-n200-d19000-r2,200,19000,wrong_opening,VerifyMaskOpen,reject(pairOpening),reject(pairOpening),true,true,opening_relation,3175244.375000,analytical,O((a+boundary)*l),O((a+boundary)*l)
malicious_server_detection,malicious_server_detection-n200_d19000-n200-d19000-r2,200,19000,wrong_tag_mask,VerifyMaskTag,reject(maskTag),reject(maskTag),true,true,tag_certificate,79497.410156,calibrated_estimate,O(a)+T_tag(l),O(a)+O(l) if S_A published
malicious_server_detection,malicious_server_detection-n200_d19000-n200-d19000-r2,200,19000,wrong_aggregate,VerifyAggregate,reject(aggregateSum),reject(aggregateSum),true,true,aggregate_certificate,75.925781,calibrated_estimate,O(a*l),O(l)
malicious_server_detection,malicious_server_detection-n200_d19000-n200-d19000-r2,200,19000,equivocation_aggregate,CompareAggregateCertificates,equivocation(aggregate),equivocation(aggregate),true,true,aggregate_certificate,0.016699,calibrated_estimate,O(n),O(n)
malicious_server_detection,malicious_server_detection-n200_d19000-n200-d19000-r3,200,19000,false_accept,VerifyAcceptedDecision,reject(validation),reject(validation),true,true,record,0.472681,calibrated_estimate,O(n),O(n)
malicious_server_detection,malicious_server_detection-n200_d19000-n200-d19000-r3,200,19000,false_reject,VerifyAppeal,serverFault(falseReject),serverFault(falseReject),true,true,appeal,0.480566,calibrated_estimate,"O(n), omission independent of l",O(n)
malicious_server_detection,malicious_server_detection-n200_d19000-n200-d19000-r3,200,19000,omission,VerifyAppeal,serverFault(omission),serverFault(omission),true,true,digest_log,0.016699,calibrated_estimate,"O(n), omission independent of l",O(n)
malicious_server_detection,malicious_server_detection-n200_d19000-n200-d19000-r3,200,19000,equivocation_root,CompareSignedRoots,equivocation(root),equivocation(root),true,true,digest_log,0.016699,calibrated_estimate,O(n),O(n)
malicious_server_detection,malicious_server_detection-n200_d19000-n200-d19000-r3,200,19000,equivocation_admitted_set,CompareAggregateCertificates,equivocation(admittedSet),equivocation(admittedSet),true,true,certificate,0.016699,calibrated_estimate,O(n),O(n)
malicious_server_detection,malicious_server_detection-n200_d19000-n200-d19000-r3,200,19000,unsupported_recovery,VerifyMaskOpen,reject(reason),reject(reason),true,true,opening_domain,106.875000,analytical,O((a+boundary)*l),O((a+boundary)*l)
malicious_server_detection,malicious_server_detection-n200_d19000-n200-d19000-r3,200,19000,missing_opening,VerifyMaskOpen,reject(domain),reject(domain),true,true,opening_domain,106.875000,analytical,O((a+boundary)*l),O((a+boundary)*l)
malicious_server_detection,malicious_server_detection-n200_d19000-n200-d19000-r3,200,19000,extra_opening,VerifyMaskOpen,reject(domain),reject(domain),true,true,opening_domain,106.875000,analytical,O((a+boundary)*l),O((a+boundary)*l)
malicious_server_detection,malicious_server_detection-n200_d19000-n200-d19000-r3,200,19000,wrong_opening,VerifyMaskOpen,reject(pairOpening),reject(pairOpening),true,true,opening_relation,3181989.375000,analytical,O((a+boundary)*l),O((a+boundary)*l)
malicious_server_detection,malicious_server_detection-n200_d19000-n200-d19000-r3,200,19000,wrong_tag_mask,VerifyMaskTag,reject(maskTag),reject(maskTag),true,true,tag_certificate,79425.046875,calibrated_estimate,O(a)+T_tag(l),O(a)+O(l) if S_A published
malicious_server_detection,malicious_server_detection-n200_d19000-n200-d19000-r3,200,19000,wrong_aggregate,VerifyAggregate,reject(aggregateSum),reject(aggregateSum),true,true,aggregate_certificate,75.703125,calibrated_estimate,O(a*l),O(l)
malicious_server_detection,malicious_server_detection-n200_d19000-n200-d19000-r3,200,19000,equivocation_aggregate,CompareAggregateCertificates,equivocation(aggregate),equivocation(aggregate),true,true,aggregate_certificate,0.016699,calibrated_estimate,O(n),O(n)
malicious_server_detection,malicious_server_detection-n200_d19000-n200-d19000-r4,200,19000,false_accept,VerifyAcceptedDecision,reject(validation),reject(validation),true,true,record,0.472681,calibrated_estimate,O(n),O(n)
malicious_server_detection,malicious_server_detection-n200_d19000-n200-d19000-r4,200,19000,false_reject,VerifyAppeal,serverFault(falseReject),serverFault(falseReject),true,true,appeal,0.472681,calibrated_estimate,"O(n), omission independent of l",O(n)
malicious_server_detection,malicious_server_detection-n200_d19000-n200-d19000-r4,200,19000,omission,VerifyAppeal,serverFault(omission),serverFault(omission),true,true,digest_log,0.016699,calibrated_estimate,"O(n), omission independent of l",O(n)
malicious_server_detection,malicious_server_detection-n200_d19000-n200-d19000-r4,200,19000,equivocation_root,CompareSignedRoots,equivocation(root),equivocation(root),true,true,digest_log,0.016699,calibrated_estimate,O(n),O(n)
malicious_server_detection,malicious_server_detection-n200_d19000-n200-d19000-r4,200,19000,equivocation_admitted_set,CompareAggregateCertificates,equivocation(admittedSet),equivocation(admittedSet),true,true,certificate,0.016699,calibrated_estimate,O(n),O(n)
malicious_server_detection,malicious_server_detection-n200_d19000-n200-d19000-r4,200,19000,unsupported_recovery,VerifyMaskOpen,reject(reason),reject(reason),true,true,opening_domain,106.875000,analytical,O((a+boundary)*l),O((a+boundary)*l)
malicious_server_detection,malicious_server_detection-n200_d19000-n200-d19000-r4,200,19000,missing_opening,VerifyMaskOpen,reject(domain),reject(domain),true,true,opening_domain,103.906250,analytical,O((a+boundary)*l),O((a+boundary)*l)
malicious_server_detection,malicious_server_detection-n200_d19000-n200-d19000-r4,200,19000,extra_opening,VerifyMaskOpen,reject(domain),reject(domain),true,true,opening_domain,103.906250,analytical,O((a+boundary)*l),O((a+boundary)*l)
malicious_server_detection,malicious_server_detection-n200_d19000-n200-d19000-r4,200,19000,wrong_opening,VerifyMaskOpen,reject(pairOpening),reject(pairOpening),true,true,opening_relation,3297301.562500,analytical,O((a+boundary)*l),O((a+boundary)*l)
malicious_server_detection,malicious_server_detection-n200_d19000-n200-d19000-r4,200,19000,wrong_tag_mask,VerifyMaskTag,reject(maskTag),reject(maskTag),true,true,tag_certificate,79425.789062,calibrated_estimate,O(a)+T_tag(l),O(a)+O(l) if S_A published
malicious_server_detection,malicious_server_detection-n200_d19000-n200-d19000-r4,200,19000,wrong_aggregate,VerifyAggregate,reject(aggregateSum),reject(aggregateSum),true,true,aggregate_certificate,75.925781,calibrated_estimate,O(a*l),O(l)
malicious_server_detection,malicious_server_detection-n200_d19000-n200-d19000-r4,200,19000,equivocation_aggregate,CompareAggregateCertificates,equivocation(aggregate),equivocation(aggregate),true,true,aggregate_certificate,0.016699,calibrated_estimate,O(n),O(n)
malicious_server_detection,malicious_server_detection-n200_d62000-n200-d62000-r0,200,62000,false_accept,VerifyAcceptedDecision,reject(validation),reject(validation),true,true,record,1.542432,calibrated_estimate,O(n),O(n)
malicious_server_detection,malicious_server_detection-n200_d62000-n200-d62000-r0,200,62000,false_reject,VerifyAppeal,serverFault(falseReject),serverFault(falseReject),true,true,appeal,1.542432,calibrated_estimate,"O(n), omission independent of l",O(n)
malicious_server_detection,malicious_server_detection-n200_d62000-n200-d62000-r0,200,62000,omission,VerifyAppeal,serverFault(omission),serverFault(omission),true,true,digest_log,0.054492,calibrated_estimate,"O(n), omission independent of l",O(n)
malicious_server_detection,malicious_server_detection-n200_d62000-n200-d62000-r0,200,62000,equivocation_root,CompareSignedRoots,equivocation(root),equivocation(root),true,true,digest_log,0.054492,calibrated_estimate,O(n),O(n)
malicious_server_detection,malicious_server_detection-n200_d62000-n200-d62000-r0,200,62000,equivocation_admitted_set,CompareAggregateCertificates,equivocation(admittedSet),equivocation(admittedSet),true,true,certificate,0.054492,calibrated_estimate,O(n),O(n)
malicious_server_detection,malicious_server_detection-n200_d62000-n200-d62000-r0,200,62000,unsupported_recovery,VerifyMaskOpen,reject(reason),reject(reason),true,true,opening_domain,348.750000,analytical,O((a+boundary)*l),O((a+boundary)*l)
malicious_server_detection,malicious_server_detection-n200_d62000-n200-d62000-r0,200,62000,missing_opening,VerifyMaskOpen,reject(domain),reject(domain),true,true,opening_domain,348.750000,analytical,O((a+boundary)*l),O((a+boundary)*l)
malicious_server_detection,malicious_server_detection-n200_d62000-n200-d62000-r0,200,62000,extra_opening,VerifyMaskOpen,reject(domain),reject(domain),true,true,opening_domain,348.750000,analytical,O((a+boundary)*l),O((a+boundary)*l)
malicious_server_detection,malicious_server_detection-n200_d62000-n200-d62000-r0,200,62000,wrong_opening,VerifyMaskOpen,reject(pairOpening),reject(pairOpening),true,true,opening_relation,10397070.625000,analytical,O((a+boundary)*l),O((a+boundary)*l)
malicious_server_detection,malicious_server_detection-n200_d62000-n200-d62000-r0,200,62000,wrong_tag_mask,VerifyMaskTag,reject(maskTag),reject(maskTag),true,true,tag_certificate,259818.507812,calibrated_estimate,O(a)+T_tag(l),O(a)+O(l) if S_A published
malicious_server_detection,malicious_server_detection-n200_d62000-n200-d62000-r0,200,62000,wrong_aggregate,VerifyAggregate,reject(aggregateSum),reject(aggregateSum),true,true,aggregate_certificate,247.515625,calibrated_estimate,O(a*l),O(l)
malicious_server_detection,malicious_server_detection-n200_d62000-n200-d62000-r0,200,62000,equivocation_aggregate,CompareAggregateCertificates,equivocation(aggregate),equivocation(aggregate),true,true,aggregate_certificate,0.054492,calibrated_estimate,O(n),O(n)
malicious_server_detection,malicious_server_detection-n200_d62000-n200-d62000-r1,200,62000,false_accept,VerifyAcceptedDecision,reject(validation),reject(validation),true,true,record,1.542432,calibrated_estimate,O(n),O(n)
malicious_server_detection,malicious_server_detection-n200_d62000-n200-d62000-r1,200,62000,false_reject,VerifyAppeal,serverFault(falseReject),serverFault(falseReject),true,true,appeal,1.542432,calibrated_estimate,"O(n), omission independent of l",O(n)
malicious_server_detection,malicious_server_detection-n200_d62000-n200-d62000-r1,200,62000,omission,VerifyAppeal,serverFault(omission),serverFault(omission),true,true,digest_log,0.054492,calibrated_estimate,"O(n), omission independent of l",O(n)
malicious_server_detection,malicious_server_detection-n200_d62000-n200-d62000-r1,200,62000,equivocation_root,CompareSignedRoots,equivocation(root),equivocation(root),true,true,digest_log,0.054492,calibrated_estimate,O(n),O(n)
malicious_server_detection,malicious_server_detection-n200_d62000-n200-d62000-r1,200,62000,equivocation_admitted_set,CompareAggregateCertificates,equivocation(admittedSet),equivocation(admittedSet),true,true,certificate,0.054492,calibrated_estimate,O(n),O(n)
malicious_server_detection,malicious_server_detection-n200_d62000-n200-d62000-r1,200,62000,unsupported_recovery,VerifyMaskOpen,reject(reason),reject(reason),true,true,opening_domain,348.750000,analytical,O((a+boundary)*l),O((a+boundary)*l)
malicious_server_detection,malicious_server_detection-n200_d62000-n200-d62000-r1,200,62000,missing_opening,VerifyMaskOpen,reject(domain),reject(domain),true,true,opening_domain,348.750000,analytical,O((a+boundary)*l),O((a+boundary)*l)
malicious_server_detection,malicious_server_detection-n200_d62000-n200-d62000-r1,200,62000,extra_opening,VerifyMaskOpen,reject(domain),reject(domain),true,true,opening_domain,348.750000,analytical,O((a+boundary)*l),O((a+boundary)*l)
malicious_server_detection,malicious_server_detection-n200_d62000-n200-d62000-r1,200,62000,wrong_opening,VerifyMaskOpen,reject(pairOpening),reject(pairOpening),true,true,opening_relation,10375302.812500,analytical,O((a+boundary)*l),O((a+boundary)*l)
malicious_server_detection,malicious_server_detection-n200_d62000-n200-d62000-r1,200,62000,wrong_tag_mask,VerifyMaskTag,reject(maskTag),reject(maskTag),true,true,tag_certificate,259366.343750,calibrated_estimate,O(a)+T_tag(l),O(a)+O(l) if S_A published
malicious_server_detection,malicious_server_detection-n200_d62000-n200-d62000-r1,200,62000,wrong_aggregate,VerifyAggregate,reject(aggregateSum),reject(aggregateSum),true,true,aggregate_certificate,247.757812,calibrated_estimate,O(a*l),O(l)
malicious_server_detection,malicious_server_detection-n200_d62000-n200-d62000-r1,200,62000,equivocation_aggregate,CompareAggregateCertificates,equivocation(aggregate),equivocation(aggregate),true,true,aggregate_certificate,0.054492,calibrated_estimate,O(n),O(n)
malicious_server_detection,malicious_server_detection-n200_d62000-n200-d62000-r2,200,62000,false_accept,VerifyAcceptedDecision,reject(validation),reject(validation),true,true,record,1.542432,calibrated_estimate,O(n),O(n)
malicious_server_detection,malicious_server_detection-n200_d62000-n200-d62000-r2,200,62000,false_reject,VerifyAppeal,serverFault(falseReject),serverFault(falseReject),true,true,appeal,1.540918,calibrated_estimate,"O(n), omission independent of l",O(n)
malicious_server_detection,malicious_server_detection-n200_d62000-n200-d62000-r2,200,62000,omission,VerifyAppeal,serverFault(omission),serverFault(omission),true,true,digest_log,0.054492,calibrated_estimate,"O(n), omission independent of l",O(n)
malicious_server_detection,malicious_server_detection-n200_d62000-n200-d62000-r2,200,62000,equivocation_root,CompareSignedRoots,equivocation(root),equivocation(root),true,true,digest_log,0.054492,calibrated_estimate,O(n),O(n)
malicious_server_detection,malicious_server_detection-n200_d62000-n200-d62000-r2,200,62000,equivocation_admitted_set,CompareAggregateCertificates,equivocation(admittedSet),equivocation(admittedSet),true,true,certificate,0.054492,calibrated_estimate,O(n),O(n)
malicious_server_detection,malicious_server_detection-n200_d62000-n200-d62000-r2,200,62000,unsupported_recovery,VerifyMaskOpen,reject(reason),reject(reason),true,true,opening_domain,348.750000,analytical,O((a+boundary)*l),O((a+boundary)*l)
malicious_server_detection,malicious_server_detection-n200_d62000-n200-d62000-r2,200,62000,missing_opening,VerifyMaskOpen,reject(domain),reject(domain),true,true,opening_domain,348.750000,analytical,O((a+boundary)*l),O((a+boundary)*l)
malicious_server_detection,malicious_server_detection-n200_d62000-n200-d62000-r2,200,62000,extra_opening,VerifyMaskOpen,reject(domain),reject(domain),true,true,opening_domain,348.750000,analytical,O((a+boundary)*l),O((a+boundary)*l)
malicious_server_detection,malicious_server_detection-n200_d62000-n200-d62000-r2,200,62000,wrong_opening,VerifyMaskOpen,reject(pairOpening),reject(pairOpening),true,true,opening_relation,10365915.625000,analytical,O((a+boundary)*l),O((a+boundary)*l)
malicious_server_detection,malicious_server_detection-n200_d62000-n200-d62000-r2,200,62000,wrong_tag_mask,VerifyMaskTag,reject(maskTag),reject(maskTag),true,true,tag_certificate,259135.054688,calibrated_estimate,O(a)+T_tag(l),O(a)+O(l) if S_A published
malicious_server_detection,malicious_server_detection-n200_d62000-n200-d62000-r2,200,62000,wrong_aggregate,VerifyAggregate,reject(aggregateSum),reject(aggregateSum),true,true,aggregate_certificate,248.000000,calibrated_estimate,O(a*l),O(l)
malicious_server_detection,malicious_server_detection-n200_d62000-n200-d62000-r2,200,62000,equivocation_aggregate,CompareAggregateCertificates,equivocation(aggregate),equivocation(aggregate),true,true,aggregate_certificate,0.054492,calibrated_estimate,O(n),O(n)
malicious_server_detection,malicious_server_detection-n200_d62000-n200-d62000-r3,200,62000,false_accept,VerifyAcceptedDecision,reject(validation),reject(validation),true,true,record,1.540918,calibrated_estimate,O(n),O(n)
malicious_server_detection,malicious_server_detection-n200_d62000-n200-d62000-r3,200,62000,false_reject,VerifyAppeal,serverFault(falseReject),serverFault(falseReject),true,true,appeal,1.540918,calibrated_estimate,"O(n), omission independent of l",O(n)
malicious_server_detection,malicious_server_detection-n200_d62000-n200-d62000-r3,200,62000,omission,VerifyAppeal,serverFault(omission),serverFault(omission),true,true,digest_log,0.054492,calibrated_estimate,"O(n), omission independent of l",O(n)
malicious_server_detection,malicious_server_detection-n200_d62000-n200-d62000-r3,200,62000,equivocation_root,CompareSignedRoots,equivocation(root),equivocation(root),true,true,digest_log,0.052979,calibrated_estimate,O(n),O(n)
malicious_server_detection,malicious_server_detection-n200_d62000-n200-d62000-r3,200,62000,equivocation_admitted_set,CompareAggregateCertificates,equivocation(admittedSet),equivocation(admittedSet),true,true,certificate,0.054492,calibrated_estimate,O(n),O(n)
malicious_server_detection,malicious_server_detection-n200_d62000-n200-d62000-r3,200,62000,unsupported_recovery,VerifyMaskOpen,reject(reason),reject(reason),true,true,opening_domain,348.750000,analytical,O((a+boundary)*l),O((a+boundary)*l)
malicious_server_detection,malicious_server_detection-n200_d62000-n200-d62000-r3,200,62000,missing_opening,VerifyMaskOpen,reject(domain),reject(domain),true,true,opening_domain,348.750000,analytical,O((a+boundary)*l),O((a+boundary)*l)
malicious_server_detection,malicious_server_detection-n200_d62000-n200-d62000-r3,200,62000,extra_opening,VerifyMaskOpen,reject(domain),reject(domain),true,true,opening_domain,348.750000,analytical,O((a+boundary)*l),O((a+boundary)*l)
malicious_server_detection,malicious_server_detection-n200_d62000-n200-d62000-r3,200,62000,wrong_opening,VerifyMaskOpen,reject(pairOpening),reject(pairOpening),true,true,opening_relation,10394697.187500,analytical,O((a+boundary)*l),O((a+boundary)*l)
malicious_server_detection,malicious_server_detection-n200_d62000-n200-d62000-r3,200,62000,wrong_tag_mask,VerifyMaskTag,reject(maskTag),reject(maskTag),true,true,tag_certificate,259097.031250,calibrated_estimate,O(a)+T_tag(l),O(a)+O(l) if S_A published
malicious_server_detection,malicious_server_detection-n200_d62000-n200-d62000-r3,200,62000,wrong_aggregate,VerifyAggregate,reject(aggregateSum),reject(aggregateSum),true,true,aggregate_certificate,247.515625,calibrated_estimate,O(a*l),O(l)
malicious_server_detection,malicious_server_detection-n200_d62000-n200-d62000-r3,200,62000,equivocation_aggregate,CompareAggregateCertificates,equivocation(aggregate),equivocation(aggregate),true,true,aggregate_certificate,0.054492,calibrated_estimate,O(n),O(n)
malicious_server_detection,malicious_server_detection-n200_d62000-n200-d62000-r4,200,62000,false_accept,VerifyAcceptedDecision,reject(validation),reject(validation),true,true,record,1.542432,calibrated_estimate,O(n),O(n)
malicious_server_detection,malicious_server_detection-n200_d62000-n200-d62000-r4,200,62000,false_reject,VerifyAppeal,serverFault(falseReject),serverFault(falseReject),true,true,appeal,1.542432,calibrated_estimate,"O(n), omission independent of l",O(n)
malicious_server_detection,malicious_server_detection-n200_d62000-n200-d62000-r4,200,62000,omission,VerifyAppeal,serverFault(omission),serverFault(omission),true,true,digest_log,0.054492,calibrated_estimate,"O(n), omission independent of l",O(n)
malicious_server_detection,malicious_server_detection-n200_d62000-n200-d62000-r4,200,62000,equivocation_root,CompareSignedRoots,equivocation(root),equivocation(root),true,true,digest_log,0.054492,calibrated_estimate,O(n),O(n)
malicious_server_detection,malicious_server_detection-n200_d62000-n200-d62000-r4,200,62000,equivocation_admitted_set,CompareAggregateCertificates,equivocation(admittedSet),equivocation(admittedSet),true,true,certificate,0.054492,calibrated_estimate,O(n),O(n)
malicious_server_detection,malicious_server_detection-n200_d62000-n200-d62000-r4,200,62000,unsupported_recovery,VerifyMaskOpen,reject(reason),reject(reason),true,true,opening_domain,348.750000,analytical,O((a+boundary)*l),O((a+boundary)*l)
malicious_server_detection,malicious_server_detection-n200_d62000-n200-d62000-r4,200,62000,missing_opening,VerifyMaskOpen,reject(domain),reject(domain),true,true,opening_domain,348.750000,analytical,O((a+boundary)*l),O((a+boundary)*l)
malicious_server_detection,malicious_server_detection-n200_d62000-n200-d62000-r4,200,62000,extra_opening,VerifyMaskOpen,reject(domain),reject(domain),true,true,opening_domain,348.750000,analytical,O((a+boundary)*l),O((a+boundary)*l)
malicious_server_detection,malicious_server_detection-n200_d62000-n200-d62000-r4,200,62000,wrong_opening,VerifyMaskOpen,reject(pairOpening),reject(pairOpening),true,true,opening_relation,10369470.937500,analytical,O((a+boundary)*l),O((a+boundary)*l)
malicious_server_detection,malicious_server_detection-n200_d62000-n200-d62000-r4,200,62000,wrong_tag_mask,VerifyMaskTag,reject(maskTag),reject(maskTag),true,true,tag_certificate,259616.039062,calibrated_estimate,O(a)+T_tag(l),O(a)+O(l) if S_A published
malicious_server_detection,malicious_server_detection-n200_d62000-n200-d62000-r4,200,62000,wrong_aggregate,VerifyAggregate,reject(aggregateSum),reject(aggregateSum),true,true,aggregate_certificate,247.757812,calibrated_estimate,O(a*l),O(l)
malicious_server_detection,malicious_server_detection-n200_d62000-n200-d62000-r4,200,62000,equivocation_aggregate,CompareAggregateCertificates,equivocation(aggregate),equivocation(aggregate),true,true,aggregate_certificate,0.054492,calibrated_estimate,O(n),O(n)
malicious_server_detection,malicious_server_detection-n200_d273000-n200-d273000-r0,200,273000,false_accept,VerifyAcceptedDecision,reject(validation),reject(validation),true,true,record,6.791675,calibrated_estimate,O(n),O(n)
malicious_server_detection,malicious_server_detection-n200_d273000-n200-d273000-r0,200,273000,false_reject,VerifyAppeal,serverFault(falseReject),serverFault(falseReject),true,true,appeal,6.785010,calibrated_estimate,"O(n), omission independent of l",O(n)
malicious_server_detection,malicious_server_detection-n200_d273000-n200-d273000-r0,200,273000,omission,VerifyAppeal,serverFault(omission),serverFault(omission),true,true,digest_log,0.239941,calibrated_estimate,"O(n), omission independent of l",O(n)
malicious_server_detection,malicious_server_detection-n200_d273000-n200-d273000-r0,200,273000,equivocation_root,CompareSignedRoots,equivocation(root),equivocation(root),true,true,digest_log,0.239941,calibrated_estimate,O(n),O(n)
malicious_server_detection,malicious_server_detection-n200_d273000-n200-d273000-r0,200,273000,equivocation_admitted_set,CompareAggregateCertificates,equivocation(admittedSet),equivocation(admittedSet),true,true,certificate,0.239941,calibrated_estimate,O(n),O(n)
malicious_server_detection,malicious_server_detection-n200_d273000-n200-d273000-r0,200,273000,unsupported_recovery,VerifyMaskOpen,reject(reason),reject(reason),true,true,opening_domain,1535.625000,analytical,O((a+boundary)*l),O((a+boundary)*l)
malicious_server_detection,malicious_server_detection-n200_d273000-n200-d273000-r0,200,273000,missing_opening,VerifyMaskOpen,reject(domain),reject(domain),true,true,opening_domain,1492.968750,analytical,O((a+boundary)*l),O((a+boundary)*l)
malicious_server_detection,malicious_server_detection-n200_d273000-n200-d273000-r0,200,273000,extra_opening,VerifyMaskOpen,reject(domain),reject(domain),true,true,opening_domain,1535.625000,analytical,O((a+boundary)*l),O((a+boundary)*l)
malicious_server_detection,malicious_server_detection-n200_d273000-n200-d273000-r0,200,273000,wrong_opening,VerifyMaskOpen,reject(pairOpening),reject(pairOpening),true,true,opening_relation,45667781.250000,analytical,O((a+boundary)*l),O((a+boundary)*l)
malicious_server_detection,malicious_server_detection-n200_d273000-n200-d273000-r0,200,273000,wrong_tag_mask,VerifyMaskTag,reject(maskTag),reject(maskTag),true,true,tag_certificate,1143285.609375,calibrated_estimate,O(a)+T_tag(l),O(a)+O(l) if S_A published
malicious_server_detection,malicious_server_detection-n200_d273000-n200-d273000-r0,200,273000,wrong_aggregate,VerifyAggregate,reject(aggregateSum),reject(aggregateSum),true,true,aggregate_certificate,1089.867188,calibrated_estimate,O(a*l),O(l)
malicious_server_detection,malicious_server_detection-n200_d273000-n200-d273000-r0,200,273000,equivocation_aggregate,CompareAggregateCertificates,equivocation(aggregate),equivocation(aggregate),true,true,aggregate_certificate,0.239941,calibrated_estimate,O(n),O(n)
malicious_server_detection,malicious_server_detection-n200_d273000-n200-d273000-r1,200,273000,false_accept,VerifyAcceptedDecision,reject(validation),reject(validation),true,true,record,6.785010,calibrated_estimate,O(n),O(n)
malicious_server_detection,malicious_server_detection-n200_d273000-n200-d273000-r1,200,273000,false_reject,VerifyAppeal,serverFault(falseReject),serverFault(falseReject),true,true,appeal,6.791675,calibrated_estimate,"O(n), omission independent of l",O(n)
malicious_server_detection,malicious_server_detection-n200_d273000-n200-d273000-r1,200,273000,omission,VerifyAppeal,serverFault(omission),serverFault(omission),true,true,digest_log,0.239941,calibrated_estimate,"O(n), omission independent of l",O(n)
malicious_server_detection,malicious_server_detection-n200_d273000-n200-d273000-r1,200,273000,equivocation_root,CompareSignedRoots,equivocation(root),equivocation(root),true,true,digest_log,0.239941,calibrated_estimate,O(n),O(n)
malicious_server_detection,malicious_server_detection-n200_d273000-n200-d273000-r1,200,273000,equivocation_admitted_set,CompareAggregateCertificates,equivocation(admittedSet),equivocation(admittedSet),true,true,certificate,0.239941,calibrated_estimate,O(n),O(n)
malicious_server_detection,malicious_server_detection-n200_d273000-n200-d273000-r1,200,273000,unsupported_recovery,VerifyMaskOpen,reject(reason),reject(reason),true,true,opening_domain,1535.625000,analytical,O((a+boundary)*l),O((a+boundary)*l)
malicious_server_detection,malicious_server_detection-n200_d273000-n200-d273000-r1,200,273000,missing_opening,VerifyMaskOpen,reject(domain),reject(domain),true,true,opening_domain,1492.968750,analytical,O((a+boundary)*l),O((a+boundary)*l)
malicious_server_detection,malicious_server_detection-n200_d273000-n200-d273000-r1,200,273000,extra_opening,VerifyMaskOpen,reject(domain),reject(domain),true,true,opening_domain,1535.625000,analytical,O((a+boundary)*l),O((a+boundary)*l)
malicious_server_detection,malicious_server_detection-n200_d273000-n200-d273000-r1,200,273000,wrong_opening,VerifyMaskOpen,reject(pairOpening),reject(pairOpening),true,true,opening_relation,45676824.375000,analytical,O((a+boundary)*l),O((a+boundary)*l)
malicious_server_detection,malicious_server_detection-n200_d273000-n200-d273000-r1,200,273000,wrong_tag_mask,VerifyMaskTag,reject(maskTag),reject(maskTag),true,true,tag_certificate,1142935.828125,calibrated_estimate,O(a)+T_tag(l),O(a)+O(l) if S_A published
malicious_server_detection,malicious_server_detection-n200_d273000-n200-d273000-r1,200,273000,wrong_aggregate,VerifyAggregate,reject(aggregateSum),reject(aggregateSum),true,true,aggregate_certificate,1089.867188,calibrated_estimate,O(a*l),O(l)
malicious_server_detection,malicious_server_detection-n200_d273000-n200-d273000-r1,200,273000,equivocation_aggregate,CompareAggregateCertificates,equivocation(aggregate),equivocation(aggregate),true,true,aggregate_certificate,0.239941,calibrated_estimate,O(n),O(n)
malicious_server_detection,malicious_server_detection-n200_d273000-n200-d273000-r2,200,273000,false_accept,VerifyAcceptedDecision,reject(validation),reject(validation),true,true,record,6.791675,calibrated_estimate,O(n),O(n)
malicious_server_detection,malicious_server_detection-n200_d273000-n200-d273000-r2,200,273000,false_reject,VerifyAppeal,serverFault(falseReject),serverFault(falseReject),true,true,appeal,6.785010,calibrated_estimate,"O(n), omission independent of l",O(n)
malicious_server_detection,malicious_server_detection-n200_d273000-n200-d273000-r2,200,273000,omission,VerifyAppeal,serverFault(omission),serverFault(omission),true,true,digest_log,0.239941,calibrated_estimate,"O(n), omission independent of l",O(n)
malicious_server_detection,malicious_server_detection-n200_d273000-n200-d273000-r2,200,273000,equivocation_root,CompareSignedRoots,equivocation(root),equivocation(root),true,true,digest_log,0.239941,calibrated_estimate,O(n),O(n)
malicious_server_detection,malicious_server_detection-n200_d273000-n200-d273000-r2,200,273000,equivocation_admitted_set,CompareAggregateCertificates,equivocation(admittedSet),equivocation(admittedSet),true,true,certificate,0.239941,calibrated_estimate,O(n),O(n)
malicious_server_detection,malicious_server_detection-n200_d273000-n200-d273000-r2,200,273000,unsupported_recovery,VerifyMaskOpen,reject(reason),reject(reason),true,true,opening_domain,1535.625000,analytical,O((a+boundary)*l),O((a+boundary)*l)
malicious_server_detection,malicious_server_detection-n200_d273000-n200-d273000-r2,200,273000,missing_opening,VerifyMaskOpen,reject(domain),reject(domain),true,true,opening_domain,1535.625000,analytical,O((a+boundary)*l),O((a+boundary)*l)
malicious_server_detection,malicious_server_detection-n200_d273000-n200-d273000-r2,200,273000,extra_opening,VerifyMaskOpen,reject(domain),reject(domain),true,true,opening_domain,1535.625000,analytical,O((a+boundary)*l),O((a+boundary)*l)
malicious_server_detection,malicious_server_detection-n200_d273000-n200-d273000-r2,200,273000,wrong_opening,VerifyMaskOpen,reject(pairOpening),reject(pairOpening),true,true,opening_relation,45659420.625000,analytical,O((a+boundary)*l),O((a+boundary)*l)
malicious_server_detection,malicious_server_detection-n200_d273000-n200-d273000-r2,200,273000,wrong_tag_mask,VerifyMaskTag,reject(maskTag),reject(maskTag),true,true,tag_certificate,1142285.320312,calibrated_estimate,O(a)+T_tag(l),O(a)+O(l) if S_A published
malicious_server_detection,malicious_server_detection-n200_d273000-n200-d273000-r2,200,273000,wrong_aggregate,VerifyAggregate,reject(aggregateSum),reject(aggregateSum),true,true,aggregate_certificate,1089.867188,calibrated_estimate,O(a*l),O(l)
malicious_server_detection,malicious_server_detection-n200_d273000-n200-d273000-r2,200,273000,equivocation_aggregate,CompareAggregateCertificates,equivocation(aggregate),equivocation(aggregate),true,true,aggregate_certificate,0.239941,calibrated_estimate,O(n),O(n)
malicious_server_detection,malicious_server_detection-n200_d273000-n200-d273000-r3,200,273000,false_accept,VerifyAcceptedDecision,reject(validation),reject(validation),true,true,record,6.791675,calibrated_estimate,O(n),O(n)
malicious_server_detection,malicious_server_detection-n200_d273000-n200-d273000-r3,200,273000,false_reject,VerifyAppeal,serverFault(falseReject),serverFault(falseReject),true,true,appeal,6.791675,calibrated_estimate,"O(n), omission independent of l",O(n)
malicious_server_detection,malicious_server_detection-n200_d273000-n200-d273000-r3,200,273000,omission,VerifyAppeal,serverFault(omission),serverFault(omission),true,true,digest_log,0.239941,calibrated_estimate,"O(n), omission independent of l",O(n)
malicious_server_detection,malicious_server_detection-n200_d273000-n200-d273000-r3,200,273000,equivocation_root,CompareSignedRoots,equivocation(root),equivocation(root),true,true,digest_log,0.239941,calibrated_estimate,O(n),O(n)
malicious_server_detection,malicious_server_detection-n200_d273000-n200-d273000-r3,200,273000,equivocation_admitted_set,CompareAggregateCertificates,equivocation(admittedSet),equivocation(admittedSet),true,true,certificate,0.239941,calibrated_estimate,O(n),O(n)
malicious_server_detection,malicious_server_detection-n200_d273000-n200-d273000-r3,200,273000,unsupported_recovery,VerifyMaskOpen,reject(reason),reject(reason),true,true,opening_domain,1535.625000,analytical,O((a+boundary)*l),O((a+boundary)*l)
malicious_server_detection,malicious_server_detection-n200_d273000-n200-d273000-r3,200,273000,missing_opening,VerifyMaskOpen,reject(domain),reject(domain),true,true,opening_domain,1535.625000,analytical,O((a+boundary)*l),O((a+boundary)*l)
malicious_server_detection,malicious_server_detection-n200_d273000-n200-d273000-r3,200,273000,extra_opening,VerifyMaskOpen,reject(domain),reject(domain),true,true,opening_domain,1535.625000,analytical,O((a+boundary)*l),O((a+boundary)*l)
malicious_server_detection,malicious_server_detection-n200_d273000-n200-d273000-r3,200,273000,wrong_opening,VerifyMaskOpen,reject(pairOpening),reject(pairOpening),true,true,opening_relation,45680066.250000,analytical,O((a+boundary)*l),O((a+boundary)*l)
malicious_server_detection,malicious_server_detection-n200_d273000-n200-d273000-r3,200,273000,wrong_tag_mask,VerifyMaskTag,reject(maskTag),reject(maskTag),true,true,tag_certificate,1139319.644531,calibrated_estimate,O(a)+T_tag(l),O(a)+O(l) if S_A published
malicious_server_detection,malicious_server_detection-n200_d273000-n200-d273000-r3,200,273000,wrong_aggregate,VerifyAggregate,reject(aggregateSum),reject(aggregateSum),true,true,aggregate_certificate,1086.667969,calibrated_estimate,O(a*l),O(l)
malicious_server_detection,malicious_server_detection-n200_d273000-n200-d273000-r3,200,273000,equivocation_aggregate,CompareAggregateCertificates,equivocation(aggregate),equivocation(aggregate),true,true,aggregate_certificate,0.239941,calibrated_estimate,O(n),O(n)
malicious_server_detection,malicious_server_detection-n200_d273000-n200-d273000-r4,200,273000,false_accept,VerifyAcceptedDecision,reject(validation),reject(validation),true,true,record,6.791675,calibrated_estimate,O(n),O(n)
malicious_server_detection,malicious_server_detection-n200_d273000-n200-d273000-r4,200,273000,false_reject,VerifyAppeal,serverFault(falseReject),serverFault(falseReject),true,true,appeal,6.791675,calibrated_estimate,"O(n), omission independent of l",O(n)
malicious_server_detection,malicious_server_detection-n200_d273000-n200-d273000-r4,200,273000,omission,VerifyAppeal,serverFault(omission),serverFault(omission),true,true,digest_log,0.233276,calibrated_estimate,"O(n), omission independent of l",O(n)
malicious_server_detection,malicious_server_detection-n200_d273000-n200-d273000-r4,200,273000,equivocation_root,CompareSignedRoots,equivocation(root),equivocation(root),true,true,digest_log,0.239941,calibrated_estimate,O(n),O(n)
malicious_server_detection,malicious_server_detection-n200_d273000-n200-d273000-r4,200,273000,equivocation_admitted_set,CompareAggregateCertificates,equivocation(admittedSet),equivocation(admittedSet),true,true,certificate,0.239941,calibrated_estimate,O(n),O(n)
malicious_server_detection,malicious_server_detection-n200_d273000-n200-d273000-r4,200,273000,unsupported_recovery,VerifyMaskOpen,reject(reason),reject(reason),true,true,opening_domain,1535.625000,analytical,O((a+boundary)*l),O((a+boundary)*l)
malicious_server_detection,malicious_server_detection-n200_d273000-n200-d273000-r4,200,273000,missing_opening,VerifyMaskOpen,reject(domain),reject(domain),true,true,opening_domain,1535.625000,analytical,O((a+boundary)*l),O((a+boundary)*l)
malicious_server_detection,malicious_server_detection-n200_d273000-n200-d273000-r4,200,273000,extra_opening,VerifyMaskOpen,reject(domain),reject(domain),true,true,opening_domain,1535.625000,analytical,O((a+boundary)*l),O((a+boundary)*l)
malicious_server_detection,malicious_server_detection-n200_d273000-n200-d273000-r4,200,273000,wrong_opening,VerifyMaskOpen,reject(pairOpening),reject(pairOpening),true,true,opening_relation,45670596.562500,analytical,O((a+boundary)*l),O((a+boundary)*l)
malicious_server_detection,malicious_server_detection-n200_d273000-n200-d273000-r4,200,273000,wrong_tag_mask,VerifyMaskTag,reject(maskTag),reject(maskTag),true,true,tag_certificate,1139355.902344,calibrated_estimate,O(a)+T_tag(l),O(a)+O(l) if S_A published
malicious_server_detection,malicious_server_detection-n200_d273000-n200-d273000-r4,200,273000,wrong_aggregate,VerifyAggregate,reject(aggregateSum),reject(aggregateSum),true,true,aggregate_certificate,1065.339844,calibrated_estimate,O(a*l),O(l)
malicious_server_detection,malicious_server_detection-n200_d273000-n200-d273000-r4,200,273000,equivocation_aggregate,CompareAggregateCertificates,equivocation(aggregate),equivocation(aggregate),true,true,aggregate_certificate,0.239941,calibrated_estimate,O(n),O(n)
malicious_server_detection,malicious_server_detection-n200_d818000-n200-d818000-r0,200,818000,false_accept,VerifyAcceptedDecision,reject(validation),reject(validation),true,true,record,19.910791,calibrated_estimate,O(n),O(n)
malicious_server_detection,malicious_server_detection-n200_d818000-n200-d818000-r0,200,818000,false_reject,VerifyAppeal,serverFault(falseReject),serverFault(falseReject),true,true,appeal,20.050586,calibrated_estimate,"O(n), omission independent of l",O(n)
malicious_server_detection,malicious_server_detection-n200_d818000-n200-d818000-r0,200,818000,omission,VerifyAppeal,serverFault(omission),serverFault(omission),true,true,digest_log,0.698975,calibrated_estimate,"O(n), omission independent of l",O(n)
malicious_server_detection,malicious_server_detection-n200_d818000-n200-d818000-r0,200,818000,equivocation_root,CompareSignedRoots,equivocation(root),equivocation(root),true,true,digest_log,0.698975,calibrated_estimate,O(n),O(n)
malicious_server_detection,malicious_server_detection-n200_d818000-n200-d818000-r0,200,818000,equivocation_admitted_set,CompareAggregateCertificates,equivocation(admittedSet),equivocation(admittedSet),true,true,certificate,0.718945,calibrated_estimate,O(n),O(n)
malicious_server_detection,malicious_server_detection-n200_d818000-n200-d818000-r0,200,818000,unsupported_recovery,VerifyMaskOpen,reject(reason),reject(reason),true,true,opening_domain,4473.437500,analytical,O((a+boundary)*l),O((a+boundary)*l)
malicious_server_detection,malicious_server_detection-n200_d818000-n200-d818000-r0,200,818000,missing_opening,VerifyMaskOpen,reject(domain),reject(domain),true,true,opening_domain,4473.437500,analytical,O((a+boundary)*l),O((a+boundary)*l)
malicious_server_detection,malicious_server_detection-n200_d818000-n200-d818000-r0,200,818000,extra_opening,VerifyMaskOpen,reject(domain),reject(domain),true,true,opening_domain,4601.250000,analytical,O((a+boundary)*l),O((a+boundary)*l)
malicious_server_detection,malicious_server_detection-n200_d818000-n200-d818000-r0,200,818000,wrong_opening,VerifyMaskOpen,reject(pairOpening),reject(pairOpening),true,true,opening_relation,136643576.875000,analytical,O((a+boundary)*l),O((a+boundary)*l)
malicious_server_detection,malicious_server_detection-n200_d818000-n200-d818000-r0,200,818000,wrong_tag_mask,VerifyMaskTag,reject(maskTag),reject(maskTag),true,true,tag_certificate,3415392.843750,calibrated_estimate,O(a)+T_tag(l),O(a)+O(l) if S_A published
malicious_server_detection,malicious_server_detection-n200_d818000-n200-d818000-r0,200,818000,wrong_aggregate,VerifyAggregate,reject(aggregateSum),reject(aggregateSum),true,true,aggregate_certificate,3268.804688,calibrated_estimate,O(a*l),O(l)
malicious_server_detection,malicious_server_detection-n200_d818000-n200-d818000-r0,200,818000,equivocation_aggregate,CompareAggregateCertificates,equivocation(aggregate),equivocation(aggregate),true,true,aggregate_certificate,0.718945,calibrated_estimate,O(n),O(n)
malicious_server_detection,malicious_server_detection-n200_d818000-n200-d818000-r1,200,818000,false_accept,VerifyAcceptedDecision,reject(validation),reject(validation),true,true,record,20.350146,calibrated_estimate,O(n),O(n)
malicious_server_detection,malicious_server_detection-n200_d818000-n200-d818000-r1,200,818000,false_reject,VerifyAppeal,serverFault(falseReject),serverFault(falseReject),true,true,appeal,20.350146,calibrated_estimate,"O(n), omission independent of l",O(n)
malicious_server_detection,malicious_server_detection-n200_d818000-n200-d818000-r1,200,818000,omission,VerifyAppeal,serverFault(omission),serverFault(omission),true,true,digest_log,0.718945,calibrated_estimate,"O(n), omission independent of l",O(n)
malicious_server_detection,malicious_server_detection-n200_d818000-n200-d818000-r1,200,818000,equivocation_root,CompareSignedRoots,equivocation(root),equivocation(root),true,true,digest_log,0.718945,calibrated_estimate,O(n),O(n)
malicious_server_detection,malicious_server_detection-n200_d818000-n200-d818000-r1,200,818000,equivocation_admitted_set,CompareAggregateCertificates,equivocation(admittedSet),equivocation(admittedSet),true,true,certificate,0.718945,calibrated_estimate,O(n),O(n)
malicious_server_detection,malicious_server_detection-n200_d818000-n200-d818000-r1,200,818000,unsupported_recovery,VerifyMaskOpen,reject(reason),reject(reason),true,true,opening_domain,4601.250000,analytical,O((a+boundary)*l),O((a+boundary)*l)
malicious_server_detection,malicious_server_detection-n200_d818000-n200-d818000-r1,200,818000,missing_opening,VerifyMaskOpen,reject(domain),reject(domain),true,true,opening_domain,4601.250000,analytical,O((a+boundary)*l),O((a+boundary)*l)
malicious_server_detection,malicious_server_detection-n200_d818000-n200-d818000-r1,200,818000,extra_opening,VerifyMaskOpen,reject(domain),reject(domain),true,true,opening_domain,4473.437500,analytical,O((a+boundary)*l),O((a+boundary)*l)
malicious_server_detection,malicious_server_detection-n200_d818000-n200-d818000-r1,200,818000,wrong_opening,VerifyMaskOpen,reject(pairOpening),reject(pairOpening),true,true,opening_relation,136670161.875000,analytical,O((a+boundary)*l),O((a+boundary)*l)
malicious_server_detection,malicious_server_detection-n200_d818000-n200-d818000-r1,200,818000,wrong_tag_mask,VerifyMaskTag,reject(maskTag),reject(maskTag),true,true,tag_certificate,3431938.171875,calibrated_estimate,O(a)+T_tag(l),O(a)+O(l) if S_A published
malicious_server_detection,malicious_server_detection-n200_d818000-n200-d818000-r1,200,818000,wrong_aggregate,VerifyAggregate,reject(aggregateSum),reject(aggregateSum),true,true,aggregate_certificate,3259.218750,calibrated_estimate,O(a*l),O(l)
malicious_server_detection,malicious_server_detection-n200_d818000-n200-d818000-r1,200,818000,equivocation_aggregate,CompareAggregateCertificates,equivocation(aggregate),equivocation(aggregate),true,true,aggregate_certificate,0.718945,calibrated_estimate,O(n),O(n)
malicious_server_detection,malicious_server_detection-n200_d818000-n200-d818000-r2,200,818000,false_accept,VerifyAcceptedDecision,reject(validation),reject(validation),true,true,record,20.330176,calibrated_estimate,O(n),O(n)
malicious_server_detection,malicious_server_detection-n200_d818000-n200-d818000-r2,200,818000,false_reject,VerifyAppeal,serverFault(falseReject),serverFault(falseReject),true,true,appeal,20.330176,calibrated_estimate,"O(n), omission independent of l",O(n)
malicious_server_detection,malicious_server_detection-n200_d818000-n200-d818000-r2,200,818000,omission,VerifyAppeal,serverFault(omission),serverFault(omission),true,true,digest_log,0.698975,calibrated_estimate,"O(n), omission independent of l",O(n)
malicious_server_detection,malicious_server_detection-n200_d818000-n200-d818000-r2,200,818000,equivocation_root,CompareSignedRoots,equivocation(root),equivocation(root),true,true,digest_log,0.718945,calibrated_estimate,O(n),O(n)
malicious_server_detection,malicious_server_detection-n200_d818000-n200-d818000-r2,200,818000,equivocation_admitted_set,CompareAggregateCertificates,equivocation(admittedSet),equivocation(admittedSet),true,true,certificate,0.718945,calibrated_estimate,O(n),O(n)
malicious_server_detection,malicious_server_detection-n200_d818000-n200-d818000-r2,200,818000,unsupported_recovery,VerifyMaskOpen,reject(reason),reject(reason),true,true,opening_domain,4601.250000,analytical,O((a+boundary)*l),O((a+boundary)*l)
malicious_server_detection,malicious_server_detection-n200_d818000-n200-d818000-r2,200,818000,missing_opening,VerifyMaskOpen,reject(domain),reject(domain),true,true,opening_domain,4601.250000,analytical,O((a+boundary)*l),O((a+boundary)*l)
malicious_server_detection,malicious_server_detection-n200_d818000-n200-d818000-r2,200,818000,extra_opening,VerifyMaskOpen,reject(domain),reject(domain),true,true,opening_domain,4601.250000,analytical,O((a+boundary)*l),O((a+boundary)*l)
malicious_server_detection,malicious_server_detection-n200_d818000-n200-d818000-r2,200,818000,wrong_opening,VerifyMaskOpen,reject(pairOpening),reject(pairOpening),true,true,opening_relation,136464767.187500,analytical,O((a+boundary)*l),O((a+boundary)*l)
malicious_server_detection,malicious_server_detection-n200_d818000-n200-d818000-r2,200,818000,wrong_tag_mask,VerifyMaskTag,reject(maskTag),reject(maskTag),true,true,tag_certificate,3411385.921875,calibrated_estimate,O(a)+T_tag(l),O(a)+O(l) if S_A published
malicious_server_detection,malicious_server_detection-n200_d818000-n200-d818000-r2,200,818000,wrong_aggregate,VerifyAggregate,reject(aggregateSum),reject(aggregateSum),true,true,aggregate_certificate,3262.414062,calibrated_estimate,O(a*l),O(l)
malicious_server_detection,malicious_server_detection-n200_d818000-n200-d818000-r2,200,818000,equivocation_aggregate,CompareAggregateCertificates,equivocation(aggregate),equivocation(aggregate),true,true,aggregate_certificate,0.718945,calibrated_estimate,O(n),O(n)
malicious_server_detection,malicious_server_detection-n200_d818000-n200-d818000-r3,200,818000,false_accept,VerifyAcceptedDecision,reject(validation),reject(validation),true,true,record,20.350146,calibrated_estimate,O(n),O(n)
malicious_server_detection,malicious_server_detection-n200_d818000-n200-d818000-r3,200,818000,false_reject,VerifyAppeal,serverFault(falseReject),serverFault(falseReject),true,true,appeal,20.350146,calibrated_estimate,"O(n), omission independent of l",O(n)
malicious_server_detection,malicious_server_detection-n200_d818000-n200-d818000-r3,200,818000,omission,VerifyAppeal,serverFault(omission),serverFault(omission),true,true,digest_log,0.718945,calibrated_estimate,"O(n), omission independent of l",O(n)
malicious_server_detection,malicious_server_detection-n200_d818000-n200-d818000-r3,200,818000,equivocation_root,CompareSignedRoots,equivocation(root),equivocation(root),true,true,digest_log,0.718945,calibrated_estimate,O(n),O(n)
malicious_server_detection,malicious_server_detection-n200_d818000-n200-d818000-r3,200,818000,equivocation_admitted_set,CompareAggregateCertificates,equivocation(admittedSet),equivocation(admittedSet),true,true,certificate,0.718945,calibrated_estimate,O(n),O(n)
malicious_server_detection,malicious_server_detection-n200_d818000-n200-d818000-r3,200,818000,unsupported_recovery,VerifyMaskOpen,reject(reason),reject(reason),true,true,opening_domain,4601.250000,analytical,O((a+boundary)*l),O((a+boundary)*l)
malicious_server_detection,malicious_server_detection-n200_d818000-n200-d818000-r3,200,818000,missing_opening,VerifyMaskOpen,reject(domain),reject(domain),true,true,opening_domain,4601.250000,analytical,O((a+boundary)*l),O((a+boundary)*l)
malicious_server_detection,malicious_server_detection-n200_d818000-n200-d818000-r3,200,818000,extra_opening,VerifyMaskOpen,reject(domain),reject(domain),true,true,opening_domain,4601.250000,analytical,O((a+boundary)*l),O((a+boundary)*l)
malicious_server_detection,malicious_server_detection-n200_d818000-n200-d818000-r3,200,818000,wrong_opening,VerifyMaskOpen,reject(pairOpening),reject(pairOpening),true,true,opening_relation,136434986.875000,analytical,O((a+boundary)*l),O((a+boundary)*l)
malicious_server_detection,malicious_server_detection-n200_d818000-n200-d818000-r3,200,818000,wrong_tag_mask,VerifyMaskTag,reject(maskTag),reject(maskTag),true,true,tag_certificate,3413018.726562,calibrated_estimate,O(a)+T_tag(l),O(a)+O(l) if S_A published
malicious_server_detection,malicious_server_detection-n200_d818000-n200-d818000-r3,200,818000,wrong_aggregate,VerifyAggregate,reject(aggregateSum),reject(aggregateSum),true,true,aggregate_certificate,3265.609375,calibrated_estimate,O(a*l),O(l)
malicious_server_detection,malicious_server_detection-n200_d818000-n200-d818000-r3,200,818000,equivocation_aggregate,CompareAggregateCertificates,equivocation(aggregate),equivocation(aggregate),true,true,aggregate_certificate,0.718945,calibrated_estimate,O(n),O(n)
malicious_server_detection,malicious_server_detection-n200_d818000-n200-d818000-r4,200,818000,false_accept,VerifyAcceptedDecision,reject(validation),reject(validation),true,true,record,20.350146,calibrated_estimate,O(n),O(n)
malicious_server_detection,malicious_server_detection-n200_d818000-n200-d818000-r4,200,818000,false_reject,VerifyAppeal,serverFault(falseReject),serverFault(falseReject),true,true,appeal,20.350146,calibrated_estimate,"O(n), omission independent of l",O(n)
malicious_server_detection,malicious_server_detection-n200_d818000-n200-d818000-r4,200,818000,omission,VerifyAppeal,serverFault(omission),serverFault(omission),true,true,digest_log,0.718945,calibrated_estimate,"O(n), omission independent of l",O(n)
malicious_server_detection,malicious_server_detection-n200_d818000-n200-d818000-r4,200,818000,equivocation_root,CompareSignedRoots,equivocation(root),equivocation(root),true,true,digest_log,0.718945,calibrated_estimate,O(n),O(n)
malicious_server_detection,malicious_server_detection-n200_d818000-n200-d818000-r4,200,818000,equivocation_admitted_set,CompareAggregateCertificates,equivocation(admittedSet),equivocation(admittedSet),true,true,certificate,0.718945,calibrated_estimate,O(n),O(n)
malicious_server_detection,malicious_server_detection-n200_d818000-n200-d818000-r4,200,818000,unsupported_recovery,VerifyMaskOpen,reject(reason),reject(reason),true,true,opening_domain,4601.250000,analytical,O((a+boundary)*l),O((a+boundary)*l)
malicious_server_detection,malicious_server_detection-n200_d818000-n200-d818000-r4,200,818000,missing_opening,VerifyMaskOpen,reject(domain),reject(domain),true,true,opening_domain,4601.250000,analytical,O((a+boundary)*l),O((a+boundary)*l)
malicious_server_detection,malicious_server_detection-n200_d818000-n200-d818000-r4,200,818000,extra_opening,VerifyMaskOpen,reject(domain),reject(domain),true,true,opening_domain,4601.250000,analytical,O((a+boundary)*l),O((a+boundary)*l)
malicious_server_detection,malicious_server_detection-n200_d818000-n200-d818000-r4,200,818000,wrong_opening,VerifyMaskOpen,reject(pairOpening),reject(pairOpening),true,true,opening_relation,136390508.125000,analytical,O((a+boundary)*l),O((a+boundary)*l)
malicious_server_detection,malicious_server_detection-n200_d818000-n200-d818000-r4,200,818000,wrong_tag_mask,VerifyMaskTag,reject(maskTag),reject(maskTag),true,true,tag_certificate,3416300.312500,calibrated_estimate,O(a)+T_tag(l),O(a)+O(l) if S_A published
malicious_server_detection,malicious_server_detection-n200_d818000-n200-d818000-r4,200,818000,wrong_aggregate,VerifyAggregate,reject(aggregateSum),reject(aggregateSum),true,true,aggregate_certificate,3259.218750,calibrated_estimate,O(a*l),O(l)
malicious_server_detection,malicious_server_detection-n200_d818000-n200-d818000-r4,200,818000,equivocation_aggregate,CompareAggregateCertificates,equivocation(aggregate),equivocation(aggregate),true,true,aggregate_certificate,0.718945,calibrated_estimate,O(n),O(n)
